timestamp,seq_num,payload_size,is_key_frame,packet_type
1773458897618003,16754,0,0,Padding
1773458897620313,27277,291,1,VideoPacket
1773458897623610,27278,291,1,VideoPacket
1773458897626878,27279,291,1,VideoPacket
1773458897629142,27280,291,1,VideoPacket
1773458897633407,16755,0,0,Padding
1773458897633522,27281,291,1,VideoPacket
1773458897636709,27282,291,1,VideoPacket
1773458897636794,27283,291,1,VideoPacket
1773458897639044,27284,291,1,VideoPacket
1773458897639124,27285,291,1,VideoPacket
1773458897642367,27286,291,1,VideoPacket
1773458897642449,27287,291,1,VideoPacket
1773458897645636,27288,291,1,VideoPacket
1773458897645724,27289,291,1,VideoPacket
1773458897743566,27290,291,1,VideoPacket
1773458897743670,27291,291,1,VideoPacket
1773458897743745,27292,291,1,VideoPacket
1773458897743820,27293,291,1,VideoPacket
1773458897743894,27294,291,1,VideoPacket
1773458897767663,27295,291,1,VideoPacket
1773458897767771,27296,291,1,VideoPacket
1773458897767845,27297,291,1,VideoPacket
1773458897767918,27298,291,1,VideoPacket
1773458897767990,27299,291,1,VideoPacket
1773458897768076,27300,291,1,VideoPacket
1773458897768151,27301,291,1,VideoPacket
1773458897768224,27302,291,1,VideoPacket
1773458897768298,27303,291,1,VideoPacket
1773458897768370,27304,291,1,VideoPacket
1773458897768443,27305,291,1,VideoPacket
1773458897768515,27306,291,1,VideoPacket
1773458897768588,27307,291,1,VideoPacket
1773458897768678,27308,291,1,VideoPacket
1773458897768750,27309,291,1,VideoPacket
1773458897768824,27310,291,1,VideoPacket
1773458897768895,27311,291,1,VideoPacket
1773458897768968,27312,291,1,VideoPacket
1773458897769041,27313,291,1,VideoPacket
1773458897769117,27314,291,1,VideoPacket
1773458897769188,27315,291,1,VideoPacket
1773458897769262,27316,291,1,VideoPacket
1773458897769334,27317,291,1,VideoPacket
1773458897769408,27318,291,1,VideoPacket
1773458897784950,27319,291,1,VideoPacket
1773458897785038,27320,291,1,VideoPacket
1773458897785112,27321,291,1,VideoPacket
1773458897785187,27322,291,1,VideoPacket
1773458897785261,27323,291,1,VideoPacket
1773458897785333,27324,291,1,VideoPacket
1773458897785407,27325,291,1,VideoPacket
1773458897785484,27326,291,1,VideoPacket
1773458897785560,27327,291,1,VideoPacket
1773458897785653,27328,291,1,VideoPacket
1773458897785727,27329,291,1,VideoPacket
1773458897785801,27330,291,1,VideoPacket
1773458897785875,27331,291,1,VideoPacket
1773458897785948,27332,291,1,VideoPacket
1773458897786021,27333,291,1,VideoPacket
1773458897786096,27334,291,1,VideoPacket
1773458897786170,27335,291,1,VideoPacket
1773458897786243,27336,291,1,VideoPacket
1773458897786316,27337,291,1,VideoPacket
1773458897786391,27338,291,1,VideoPacket
1773458897786464,27339,291,1,VideoPacket
1773458897786538,27340,291,1,VideoPacket
1773458897786625,27341,291,1,VideoPacket
1773458897786698,27342,291,1,VideoPacket
1773458897786777,27343,291,1,VideoPacket
1773458897786851,27344,291,1,VideoPacket
1773458897786924,27345,291,1,VideoPacket
1773458897787001,27346,291,1,VideoPacket
1773458897787079,27347,291,1,VideoPacket
1773458897817404,27348,291,1,VideoPacket
1773458897817516,27349,291,1,VideoPacket
1773458897817591,27350,291,1,VideoPacket
1773458897817677,27351,291,1,VideoPacket
1773458897823852,27352,291,1,VideoPacket
1773458897823944,27353,291,1,VideoPacket
1773458897824017,27354,291,1,VideoPacket
1773458897824104,27355,291,1,VideoPacket
1773458897824180,27356,291,1,VideoPacket
1773458897824254,27357,291,1,VideoPacket
1773458897824329,27358,291,1,VideoPacket
1773458897824402,27359,291,1,VideoPacket
1773458897824475,27360,291,1,VideoPacket
1773458897824548,27361,291,1,VideoPacket
1773458897824635,27362,291,1,VideoPacket
1773458897824710,27363,291,1,VideoPacket
1773458897824786,27364,291,1,VideoPacket
1773458897824860,27365,291,1,VideoPacket
1773458897824945,27366,291,1,VideoPacket
1773458897825018,27367,291,1,VideoPacket
1773458897825093,27368,291,1,VideoPacket
1773458897825166,27369,291,1,VideoPacket
1773458897825239,27370,291,1,VideoPacket
1773458897825310,27371,291,1,VideoPacket
1773458897825382,27372,291,1,VideoPacket
1773458897825458,27373,291,1,VideoPacket
1773458897825545,27374,291,1,VideoPacket
1773458897825629,27375,291,1,VideoPacket
1773458897825704,27376,291,1,VideoPacket
1773458897825778,27377,291,1,VideoPacket
1773458897825850,27378,291,1,VideoPacket
1773458897825925,27379,291,1,VideoPacket
1773458897825997,27380,291,1,VideoPacket
1773458897826069,27381,291,1,VideoPacket
1773458897826142,27382,291,1,VideoPacket
1773458897826214,27383,291,1,VideoPacket
1773458897826286,27384,291,1,VideoPacket
1773458897866785,27385,291,1,VideoPacket
1773458897866886,27386,291,1,VideoPacket
1773458897866959,27387,291,1,VideoPacket
1773458897867032,27388,291,1,VideoPacket
1773458897867104,27389,291,1,VideoPacket
1773458897867176,27390,291,1,VideoPacket
1773458897867250,27391,291,1,VideoPacket
1773458897867314,27392,291,1,VideoPacket
1773458897867383,27393,291,1,VideoPacket
1773458897867457,27394,291,1,VideoPacket
1773458897867528,27395,291,1,VideoPacket
1773458897867614,27396,291,1,VideoPacket
1773458897867689,27397,291,1,VideoPacket
1773458897867762,27398,291,1,VideoPacket
1773458897867837,27399,291,1,VideoPacket
1773458897867910,27400,291,1,VideoPacket
1773458897867983,27401,291,1,VideoPacket
1773458897868068,27402,291,1,VideoPacket
1773458897868145,27403,291,1,VideoPacket
1773458897868219,27404,291,1,VideoPacket
1773458897868292,27405,291,1,VideoPacket
1773458897868367,27406,291,1,VideoPacket
1773458897868441,27407,291,1,VideoPacket
1773458897868514,27408,291,1,VideoPacket
1773458897868589,27409,291,1,VideoPacket
1773458897868675,27410,291,1,VideoPacket
1773458897868749,27411,291,1,VideoPacket
1773458897868839,27412,291,1,VideoPacket
1773458897868912,27413,291,1,VideoPacket
1773458897868985,27414,291,1,VideoPacket
1773458897869043,27415,291,1,VideoPacket
1773458897869105,27416,291,1,VideoPacket
1773458897869167,27417,291,1,VideoPacket
1773458897907306,27418,291,1,VideoPacket
1773458897907410,27419,291,1,VideoPacket
1773458897907483,27420,291,1,VideoPacket
1773458897907557,27421,291,1,VideoPacket
1773458897907644,27422,291,1,VideoPacket
1773458897907719,27423,291,1,VideoPacket
1773458897907792,27424,291,1,VideoPacket
1773458897907864,27425,291,1,VideoPacket
1773458897907939,27426,291,1,VideoPacket
1773458897908012,27427,291,1,VideoPacket
1773458897908097,27428,291,1,VideoPacket
1773458897908173,27429,291,1,VideoPacket
1773458897908248,27430,291,1,VideoPacket
1773458898095749,16756,0,0,Padding
1773458898095833,27431,291,1,VideoPacket
1773458898095910,27432,291,1,VideoPacket
1773458898114549,16757,293,0,Retransmission:27296
1773458898114694,27433,291,1,VideoPacket
1773458898114795,27434,291,1,VideoPacket
1773458898114895,27435,291,1,VideoPacket
1773458898115008,27436,291,1,VideoPacket
1773458898115123,27437,291,1,VideoPacket
1773458898115235,27438,291,1,VideoPacket
1773458898115309,27439,291,1,VideoPacket
1773458898115371,27440,291,1,VideoPacket
1773458898115432,27441,291,1,VideoPacket
1773458898115494,27442,291,1,VideoPacket
1773458898115555,27443,291,1,VideoPacket
1773458898115627,27444,291,1,VideoPacket
1773458898115691,27445,291,1,VideoPacket
1773458898115753,27446,291,1,VideoPacket
1773458898115819,27447,291,1,VideoPacket
1773458898115882,27448,291,1,VideoPacket
1773458898115951,27449,291,1,VideoPacket
1773458898116013,27450,291,1,VideoPacket
1773458898116089,27451,291,1,VideoPacket
1773458898116154,27452,291,1,VideoPacket
1773458898116216,27453,291,1,VideoPacket
1773458898116279,27454,291,1,VideoPacket
1773458898116341,27455,291,1,VideoPacket
1773458898116404,27456,291,1,VideoPacket
1773458898116468,27457,291,1,VideoPacket
1773458898116530,27458,291,1,VideoPacket
1773458898116594,27459,291,1,VideoPacket
1773458898116667,27460,291,1,VideoPacket
1773458898116731,27461,291,1,VideoPacket
1773458898116794,27462,291,1,VideoPacket
1773458898116857,27463,291,1,VideoPacket
1773458898139774,16758,293,0,Retransmission:27309
1773458898139867,16759,293,0,Retransmission:27323
1773458898139936,16760,293,0,Retransmission:27343
1773458898139992,16761,293,0,Retransmission:27360
1773458898140069,16762,293,0,Retransmission:27368
1773458898140143,16763,293,0,Retransmission:27381
1773458898140209,27464,291,1,VideoPacket
1773458898140308,27465,291,1,VideoPacket
1773458898140387,27466,291,1,VideoPacket
1773458898140460,27467,291,1,VideoPacket
1773458898140533,27468,291,1,VideoPacket
1773458898140617,27469,291,1,VideoPacket
1773458898140692,27470,291,1,VideoPacket
1773458898140765,27471,291,1,VideoPacket
1773458898140841,27472,291,1,VideoPacket
1773458898140914,27473,291,1,VideoPacket
1773458898140987,27474,291,1,VideoPacket
1773458898141061,27475,291,1,VideoPacket
1773458898141135,27476,291,1,VideoPacket
1773458898141210,27477,291,1,VideoPacket
1773458898141282,27478,291,1,VideoPacket
1773458898141358,27479,291,1,VideoPacket
1773458898141431,27480,291,1,VideoPacket
1773458898141510,27481,291,1,VideoPacket
1773458898141584,27482,291,1,VideoPacket
1773458898141668,27483,291,1,VideoPacket
1773458898141742,27484,291,1,VideoPacket
1773458898141816,27485,291,1,VideoPacket
1773458898141891,27486,291,1,VideoPacket
1773458898141963,27487,291,1,VideoPacket
1773458898142036,27488,291,1,VideoPacket
1773458898142110,27489,291,1,VideoPacket
1773458898142182,27490,291,1,VideoPacket
1773458898252468,27491,291,1,VideoPacket
1773458898252573,27492,291,1,VideoPacket
1773458898252659,27493,291,1,VideoPacket
1773458898252734,27494,291,1,VideoPacket
1773458898252807,27495,291,1,VideoPacket
1773458898252879,27496,291,1,VideoPacket
1773458898252951,27497,291,1,VideoPacket
1773458898253024,27498,291,1,VideoPacket
1773458898253097,27499,291,1,VideoPacket
1773458898253168,27500,291,1,VideoPacket
1773458898253241,27501,291,1,VideoPacket
1773458898253314,27502,291,1,VideoPacket
1773458898253386,27503,291,1,VideoPacket
1773458898253472,27504,291,1,VideoPacket
1773458898253545,27505,291,1,VideoPacket
1773458898253626,27506,291,1,VideoPacket
1773458898253700,27507,291,1,VideoPacket
1773458898253772,27508,291,1,VideoPacket
1773458898253844,27509,291,1,VideoPacket
1773458898253917,27510,291,1,VideoPacket
1773458898253990,27511,291,1,VideoPacket
1773458898254062,27512,291,1,VideoPacket
1773458898254135,27513,291,1,VideoPacket
1773458898254209,27514,291,1,VideoPacket
1773458898254272,27515,291,1,VideoPacket
1773458898254335,27516,291,1,VideoPacket
1773458898254396,27517,291,1,VideoPacket
1773458898254469,27518,291,1,VideoPacket
1773458898254541,27519,291,1,VideoPacket
1773458898254628,27520,291,1,VideoPacket
1773458898254702,27521,291,1,VideoPacket
1773458898254776,27522,291,1,VideoPacket
1773458898254849,27523,291,1,VideoPacket
1773458898254923,27524,291,1,VideoPacket
1773458898254995,27525,291,1,VideoPacket
1773458898255069,27526,291,1,VideoPacket
1773458898255142,27527,291,1,VideoPacket
1773458898255215,27528,291,1,VideoPacket
1773458898255288,27529,291,1,VideoPacket
1773458898255361,27530,291,1,VideoPacket
1773458898255433,27531,291,1,VideoPacket
1773458898255505,27532,291,1,VideoPacket
1773458898255578,27533,291,1,VideoPacket
1773458898255664,27534,291,1,VideoPacket
1773458898255738,27535,291,1,VideoPacket
1773458898255812,27536,291,1,VideoPacket
1773458898255887,27537,291,1,VideoPacket
1773458898255962,27538,291,1,VideoPacket
1773458898256034,27539,291,1,VideoPacket
1773458898256133,27540,291,1,VideoPacket
1773458898256207,27541,291,1,VideoPacket
1773458898256281,27542,291,1,VideoPacket
1773458898256354,27543,291,1,VideoPacket
1773458898256432,27544,291,1,VideoPacket
1773458898256505,27545,291,1,VideoPacket
1773458898256580,27546,291,1,VideoPacket
1773458898256668,27547,291,1,VideoPacket
1773458898256742,27548,291,1,VideoPacket
1773458898256817,27549,291,1,VideoPacket
1773458898256891,27550,291,1,VideoPacket
1773458898256966,27551,291,1,VideoPacket
1773458898257041,27552,291,1,VideoPacket
1773458898257119,27553,291,1,VideoPacket
1773458898257193,27554,291,1,VideoPacket
1773458898257266,27555,291,1,VideoPacket
1773458898257340,27556,291,1,VideoPacket
1773458898257414,27557,291,1,VideoPacket
1773458898257489,27558,291,1,VideoPacket
1773458898398409,16764,293,0,Retransmission:27323
1773458898398485,16765,293,0,Retransmission:27343
1773458898398549,16766,293,0,Retransmission:27360
1773458898398608,16767,293,0,Retransmission:27368
1773458898398681,27559,291,1,VideoPacket
1773458898398767,27560,291,1,VideoPacket
1773458898398842,27561,291,1,VideoPacket
1773458898398915,27562,291,1,VideoPacket
1773458898398988,27563,291,1,VideoPacket
1773458898399063,27564,291,1,VideoPacket
1773458898399136,27565,291,1,VideoPacket
1773458898399209,27566,291,1,VideoPacket
1773458898399281,27567,291,1,VideoPacket
1773458898399355,27568,291,1,VideoPacket
1773458898399443,27569,291,1,VideoPacket
1773458898399522,27570,291,1,VideoPacket
1773458898399607,27571,291,1,VideoPacket
1773458898399683,27572,291,1,VideoPacket
1773458898399759,27573,291,0,VideoPacket
1773458898399836,27574,291,0,VideoPacket
1773458898399910,27575,291,0,VideoPacket
1773458898399984,27576,291,0,VideoPacket
1773458898400069,27577,291,0,VideoPacket
1773458898400146,27578,291,0,VideoPacket
1773458898400221,27579,291,0,VideoPacket
1773458898400294,27580,291,0,VideoPacket
1773458898400367,27581,291,0,VideoPacket
1773458898400440,27582,291,0,VideoPacket
1773458898400516,27583,291,0,VideoPacket
1773458898400591,27584,291,0,VideoPacket
1773458898400666,27585,291,0,VideoPacket
1773458898400728,27586,291,0,VideoPacket
1773458898400796,27587,291,0,VideoPacket
1773458898400874,27588,291,0,VideoPacket
1773458898400947,27589,291,0,VideoPacket
1773458898401021,27590,291,0,VideoPacket
1773458898401094,27591,291,0,VideoPacket
1773458898401167,27592,291,0,VideoPacket
1773458898402076,27593,803,0,VideoPacket
1773458898402166,27594,803,0,VideoPacket
1773458898402243,27595,803,0,VideoPacket
1773458898402315,27596,803,0,VideoPacket
1773458898402386,27597,803,0,VideoPacket
1773458898402457,27598,803,0,VideoPacket
1773458898402528,27599,803,0,VideoPacket
1773458898402610,27600,803,0,VideoPacket
1773458898402683,27601,803,0,VideoPacket
1773458898402755,27602,803,0,VideoPacket
1773458898402849,16768,293,0,Retransmission:27296
1773458898402938,16769,293,0,Retransmission:27309
1773458898403020,16770,293,0,Retransmission:27381
1773458898403594,27603,291,0,VideoPacket
1773458898403692,27604,291,0,VideoPacket
1773458898403779,27605,291,0,VideoPacket
1773458898403851,27606,291,0,VideoPacket
1773458898403917,27607,291,0,VideoPacket
1773458898403979,27608,291,0,VideoPacket
1773458898404036,27609,291,0,VideoPacket
1773458898466526,27610,291,0,VideoPacket
1773458898466641,27611,291,0,VideoPacket
1773458898466716,27612,291,0,VideoPacket
1773458898466789,27613,291,0,VideoPacket
1773458898466863,27614,291,0,VideoPacket
1773458898466934,27615,291,0,VideoPacket
1773458898467006,27616,291,0,VideoPacket
1773458898467079,27617,291,0,VideoPacket
1773458898467152,27618,291,0,VideoPacket
1773458898467231,27619,291,0,VideoPacket
1773458898467306,27620,291,0,VideoPacket
1773458898467379,27621,291,0,VideoPacket
1773458898467451,27622,291,0,VideoPacket
1773458898467523,27623,291,0,VideoPacket
1773458898467595,27624,291,0,VideoPacket
1773458898467683,27625,291,0,VideoPacket
1773458898467755,27626,291,0,VideoPacket
1773458898467828,27627,291,0,VideoPacket
1773458898467900,27628,291,0,VideoPacket
1773458898467973,27629,291,0,VideoPacket
1773458898468059,27630,291,0,VideoPacket
1773458898468135,27631,291,0,VideoPacket
1773458898468208,27632,291,0,VideoPacket
1773458898468281,27633,291,0,VideoPacket
1773458898468354,27634,291,0,VideoPacket
1773458898468426,27635,291,0,VideoPacket
1773458898468500,27636,291,0,VideoPacket
1773458898468572,27637,291,0,VideoPacket
1773458898468658,27638,291,0,VideoPacket
1773458898468733,27639,291,0,VideoPacket
1773458898468805,27640,291,0,VideoPacket
1773458898468878,27641,547,0,VideoPacket
1773458898468951,27642,547,0,VideoPacket
1773458898485421,16771,293,0,Retransmission:27441
1773458898485509,16772,293,0,Retransmission:27445
1773458898485579,16773,293,0,Retransmission:27309
1773458898485663,16774,293,0,Retransmission:27323
1773458898485731,16775,293,0,Retransmission:27343
1773458898485794,16776,293,0,Retransmission:27360
1773458898485864,16777,293,0,Retransmission:27368
1773458898485934,16778,293,0,Retransmission:27381
1773458898485996,27643,547,0,VideoPacket
1773458898486061,27644,291,0,VideoPacket
1773458898486138,27645,291,0,VideoPacket
1773458898486227,27646,291,0,VideoPacket
1773458898486300,27647,291,0,VideoPacket
1773458898486372,27648,291,0,VideoPacket
1773458898486444,27649,291,0,VideoPacket
1773458898486516,27650,291,0,VideoPacket
1773458898486589,27651,291,0,VideoPacket
1773458898486674,27652,291,0,VideoPacket
1773458898486746,27653,291,0,VideoPacket
1773458898486817,27654,291,0,VideoPacket
1773458898486886,27655,291,0,VideoPacket
1773458898486958,27656,291,0,VideoPacket
1773458898487031,27657,291,0,VideoPacket
1773458898487103,27658,291,0,VideoPacket
1773458898487175,27659,547,0,VideoPacket
1773458898487247,27660,547,0,VideoPacket
1773458898487319,27661,547,0,VideoPacket
1773458898487392,27662,547,0,VideoPacket
1773458898592862,27663,291,0,VideoPacket
1773458898592987,27664,291,0,VideoPacket
1773458898593061,27665,291,0,VideoPacket
1773458898593135,27666,291,0,VideoPacket
1773458898593207,27667,291,0,VideoPacket
1773458898593279,27668,291,0,VideoPacket
1773458898593351,27669,291,0,VideoPacket
1773458898593423,27670,291,0,VideoPacket
1773458898593579,27671,291,0,VideoPacket
1773458898593671,27672,291,0,VideoPacket
1773458898593745,27673,291,0,VideoPacket
1773458898593817,27674,291,0,VideoPacket
1773458898593889,27675,291,0,VideoPacket
1773458898593960,27676,291,0,VideoPacket
1773458898594032,27677,291,0,VideoPacket
1773458898594104,27678,291,0,VideoPacket
1773458898594176,27679,291,0,VideoPacket
1773458898594248,27680,291,0,VideoPacket
1773458898594378,16779,293,0,Retransmission:27368
1773458898594469,16780,293,0,Retransmission:27441
1773458898594553,16781,293,0,Retransmission:27445
1773458898604348,27681,291,0,VideoPacket
1773458898604433,27682,291,0,VideoPacket
1773458898604502,27683,291,0,VideoPacket
1773458898604575,27684,291,0,VideoPacket
1773458898604663,27685,291,0,VideoPacket
1773458898604737,27686,291,0,VideoPacket
1773458898604809,27687,291,0,VideoPacket
1773458898604886,27688,291,0,VideoPacket
1773458898604959,27689,291,0,VideoPacket
1773458898605031,27690,291,0,VideoPacket
1773458898605104,27691,291,0,VideoPacket
1773458898645389,27692,291,0,VideoPacket
1773458898645507,27693,291,0,VideoPacket
1773458898645582,27694,291,0,VideoPacket
1773458898645673,27695,291,0,VideoPacket
1773458898645749,27696,291,0,VideoPacket
1773458898645822,27697,291,0,VideoPacket
1773458898645892,27698,291,0,VideoPacket
1773458898645966,27699,291,0,VideoPacket
1773458898646039,27700,291,0,VideoPacket
1773458898646112,27701,291,0,VideoPacket
1773458898646184,27702,291,0,VideoPacket
1773458898646257,27703,291,0,VideoPacket
1773458898646330,27704,291,0,VideoPacket
1773458898646407,27705,291,0,VideoPacket
1773458898688377,27706,291,0,VideoPacket
1773458898688497,27707,291,0,VideoPacket
1773458898688574,27708,291,0,VideoPacket
1773458898688654,27709,291,0,VideoPacket
1773458898688726,27710,291,0,VideoPacket
1773458898688796,27711,291,0,VideoPacket
1773458898688865,27712,291,0,VideoPacket
1773458898688937,27713,291,0,VideoPacket
1773458898689012,27714,291,0,VideoPacket
1773458898689082,27715,291,0,VideoPacket
1773458898689155,27716,291,0,VideoPacket
1773458898689228,27717,291,0,VideoPacket
1773458898689302,27718,291,0,VideoPacket
1773458898689373,27719,291,0,VideoPacket
1773458898689446,27720,291,0,VideoPacket
1773458898728999,27721,547,0,VideoPacket
1773458898729122,27722,547,0,VideoPacket
1773458898729198,27723,547,0,VideoPacket
1773458898729268,27724,547,0,VideoPacket
1773458898729336,27725,547,0,VideoPacket
1773458898729403,27726,547,0,VideoPacket
1773458898729471,27727,547,0,VideoPacket
1773458898770871,27728,291,0,VideoPacket
1773458898770994,27729,291,0,VideoPacket
1773458898771071,27730,291,0,VideoPacket
1773458898771138,27731,291,0,VideoPacket
1773458898771205,27732,291,0,VideoPacket
1773458898771273,27733,291,0,VideoPacket
1773458898771341,27734,291,0,VideoPacket
1773458898771408,27735,291,0,VideoPacket
1773458898771477,27736,291,0,VideoPacket
1773458898771543,27737,291,0,VideoPacket
1773458898771626,27738,291,0,VideoPacket
1773458898771693,27739,291,0,VideoPacket
1773458898771762,27740,291,0,VideoPacket
1773458898771830,27741,291,0,VideoPacket
1773458898771897,27742,291,0,VideoPacket
1773458898771977,27743,291,0,VideoPacket
1773458898772057,27744,291,0,VideoPacket
1773458898772154,27745,291,0,VideoPacket
1773458898772231,27746,291,0,VideoPacket
1773458898812064,27747,803,0,VideoPacket
1773458898812196,27748,803,0,VideoPacket
1773458898812273,27749,803,0,VideoPacket
1773458898812350,27750,803,0,VideoPacket
1773458898812433,27751,803,0,VideoPacket
1773458898854481,27752,291,0,VideoPacket
1773458898854628,27753,291,0,VideoPacket
1773458898854705,27754,291,0,VideoPacket
1773458898854779,27755,291,0,VideoPacket
1773458898854853,27756,291,0,VideoPacket
1773458898854926,27757,291,0,VideoPacket
1773458898854999,27758,291,0,VideoPacket
1773458898855073,27759,291,0,VideoPacket
1773458898855147,27760,291,0,VideoPacket
1773458898855220,27761,291,0,VideoPacket
1773458898855293,27762,291,0,VideoPacket
1773458898855370,27763,291,0,VideoPacket
1773458898855442,27764,291,0,VideoPacket
1773458898855510,27765,291,0,VideoPacket
1773458898855584,27766,291,0,VideoPacket
1773458898855670,27767,291,0,VideoPacket
1773458898855743,27768,291,0,VideoPacket
1773458898855815,27769,291,0,VideoPacket
1773458898855887,27770,291,0,VideoPacket
1773458898855959,27771,291,0,VideoPacket
1773458898856032,27772,291,0,VideoPacket
1773458898895942,27773,291,0,VideoPacket
1773458898896081,27774,291,0,VideoPacket
1773458898896159,27775,291,0,VideoPacket
1773458898896237,27776,291,0,VideoPacket
1773458898896308,27777,291,0,VideoPacket
1773458898896378,27778,291,0,VideoPacket
1773458898896447,27779,291,0,VideoPacket
1773458898896520,27780,291,0,VideoPacket
1773458898896589,27781,291,0,VideoPacket
1773458898896682,27782,291,0,VideoPacket
1773458898896756,27783,291,0,VideoPacket
1773458898896833,27784,291,0,VideoPacket
1773458898896903,27785,291,0,VideoPacket
1773458898896978,27786,291,0,VideoPacket
1773458898897049,27787,291,0,VideoPacket
1773458898897120,27788,291,0,VideoPacket
1773458898897194,27789,291,0,VideoPacket
1773458898897259,27790,291,0,VideoPacket
1773458898897321,27791,291,0,VideoPacket
1773458898897385,27792,291,0,VideoPacket
1773458898897452,27793,291,0,VideoPacket
1773458898937225,27794,291,0,VideoPacket
1773458898937344,27795,291,0,VideoPacket
1773458898937419,27796,291,0,VideoPacket
1773458898937490,27797,291,0,VideoPacket
1773458898937553,27798,291,0,VideoPacket
1773458898937631,27799,291,0,VideoPacket
1773458898937695,27800,291,0,VideoPacket
1773458898937764,27801,291,0,VideoPacket
1773458898937838,27802,291,0,VideoPacket
1773458898937910,27803,291,0,VideoPacket
1773458898937983,27804,291,0,VideoPacket
1773458898938055,27805,291,0,VideoPacket
1773458898938127,27806,291,0,VideoPacket
1773458898938199,27807,291,0,VideoPacket
1773458898938271,27808,291,0,VideoPacket
1773458898938341,27809,291,0,VideoPacket
1773458898982343,27810,547,0,VideoPacket
1773458898982460,27811,547,0,VideoPacket
1773458898982536,27812,547,0,VideoPacket
1773458898982623,27813,547,0,VideoPacket
1773458898982698,27814,547,0,VideoPacket
1773458898982771,27815,547,0,VideoPacket
1773458898982845,27816,547,0,VideoPacket
1773458898982919,27817,547,0,VideoPacket
1773458898982995,27818,547,0,VideoPacket
1773458898983066,27819,547,0,VideoPacket
1773458898983141,27820,547,0,VideoPacket
1773458898983214,27821,547,0,VideoPacket
1773458898983287,27822,547,0,VideoPacket
1773458898983361,27823,547,0,VideoPacket
1773458898983434,27824,547,0,VideoPacket
1773458898983508,27825,547,0,VideoPacket
1773458898983581,27826,547,0,VideoPacket
1773458898983684,27827,547,0,VideoPacket
1773458898983761,27828,547,0,VideoPacket
1773458898983836,27829,547,0,VideoPacket
1773458899024240,27830,547,0,VideoPacket
1773458899024363,27831,547,0,VideoPacket
1773458899024440,27832,547,0,VideoPacket
1773458899024516,27833,547,0,VideoPacket
1773458899024590,27834,547,0,VideoPacket
1773458899024683,27835,291,0,VideoPacket
1773458899024759,27836,291,0,VideoPacket
1773458899024832,27837,291,0,VideoPacket
1773458899024906,27838,291,0,VideoPacket
1773458899024981,27839,291,0,VideoPacket
1773458899025055,27840,291,0,VideoPacket
1773458899025130,27841,291,0,VideoPacket
1773458899025203,27842,291,0,VideoPacket
1773458899025290,27843,291,0,VideoPacket
1773458899025363,27844,291,0,VideoPacket
1773458899025438,27845,291,0,VideoPacket
1773458899063761,16782,293,0,Retransmission:27507
1773458899063907,27846,803,0,VideoPacket
1773458899063994,27847,803,0,VideoPacket
1773458899064085,27848,803,0,VideoPacket
1773458899064160,27849,803,0,VideoPacket
1773458899064243,27850,803,0,VideoPacket
1773458899064315,27851,803,0,VideoPacket
1773458899064384,27852,803,0,VideoPacket
1773458899263581,27853,291,0,VideoPacket
1773458899263727,27854,291,0,VideoPacket
1773458899263802,27855,291,0,VideoPacket
1773458899263871,27856,291,0,VideoPacket
1773458899263932,27857,291,0,VideoPacket
1773458899263997,27858,291,0,VideoPacket
1773458899264080,27859,291,0,VideoPacket
1773458899264150,27860,291,0,VideoPacket
1773458899264213,27861,291,0,VideoPacket
1773458899264281,27862,291,0,VideoPacket
1773458899264344,27863,291,0,VideoPacket
1773458899264407,27864,291,0,VideoPacket
1773458899264472,27865,291,0,VideoPacket
1773458899264537,27866,291,0,VideoPacket
1773458899264611,27867,291,0,VideoPacket
1773458899264680,27868,291,0,VideoPacket
1773458899264743,27869,291,0,VideoPacket
1773458899264811,27870,291,0,VideoPacket
1773458899264873,27871,291,0,VideoPacket
1773458899264939,27872,291,0,VideoPacket
1773458899265007,27873,291,0,VideoPacket
1773458899265075,27874,291,0,VideoPacket
1773458899265141,27875,291,0,VideoPacket
1773458899265207,27876,291,0,VideoPacket
1773458899265274,27877,291,0,VideoPacket
1773458899265339,27878,291,0,VideoPacket
1773458899265401,27879,291,0,VideoPacket
1773458899265463,27880,291,0,VideoPacket
1773458899265524,27881,291,0,VideoPacket
1773458899265587,27882,291,0,VideoPacket
1773458899265665,27883,291,0,VideoPacket
1773458899265735,27884,291,0,VideoPacket
1773458899265816,27885,291,0,VideoPacket
1773458899265892,27886,291,0,VideoPacket
1773458899354366,27887,291,0,VideoPacket
1773458899354471,27888,291,0,VideoPacket
1773458899354539,27889,291,0,VideoPacket
1773458899354620,27890,291,0,VideoPacket
1773458899354692,27891,291,0,VideoPacket
1773458899354754,27892,291,0,VideoPacket
1773458899354820,27893,291,0,VideoPacket
1773458899354884,27894,291,0,VideoPacket
1773458899354947,27895,291,0,VideoPacket
1773458899355013,27896,291,0,VideoPacket
1773458899355079,27897,291,0,VideoPacket
1773458899355141,27898,291,0,VideoPacket
1773458899355603,27899,291,0,VideoPacket
1773458899355683,27900,291,0,VideoPacket
1773458899355750,27901,291,0,VideoPacket
1773458899355818,27902,291,0,VideoPacket
1773458899355889,27903,291,0,VideoPacket
1773458899355952,27904,291,0,VideoPacket
1773458899356021,27905,291,0,VideoPacket
1773458899356105,27906,291,0,VideoPacket
1773458899356170,27907,291,0,VideoPacket
1773458899356232,27908,291,0,VideoPacket
1773458899356296,27909,291,0,VideoPacket
1773458899356363,27910,291,0,VideoPacket
1773458899356425,27911,291,0,VideoPacket
1773458899356492,27912,291,0,VideoPacket
1773458899356576,27913,291,0,VideoPacket
1773458899356654,27914,547,0,VideoPacket
1773458899356721,27915,547,0,VideoPacket
1773458899356787,27916,547,0,VideoPacket
1773458899356849,27917,547,0,VideoPacket
1773458899446628,27918,291,0,VideoPacket
1773458899446754,27919,291,0,VideoPacket
1773458899446829,27920,291,0,VideoPacket
1773458899446902,27921,291,0,VideoPacket
1773458899446975,27922,291,0,VideoPacket
1773458899447047,27923,291,0,VideoPacket
1773458899447122,27924,291,0,VideoPacket
1773458899447193,27925,291,0,VideoPacket
1773458899447275,27926,291,0,VideoPacket
1773458899447358,27927,291,0,VideoPacket
1773458899447433,27928,291,0,VideoPacket
1773458899447503,27929,291,0,VideoPacket
1773458899447577,27930,291,0,VideoPacket
1773458899447670,27931,291,0,VideoPacket
1773458899447740,27932,291,0,VideoPacket
1773458899447818,27933,291,0,VideoPacket
1773458899447892,27934,291,0,VideoPacket
1773458899447967,27935,291,0,VideoPacket
1773458899448031,27936,291,0,VideoPacket
1773458899448114,27937,291,0,VideoPacket
1773458899448192,27938,291,0,VideoPacket
1773458899591156,16783,293,0,Retransmission:27572
1773458899624300,27939,291,0,VideoPacket
1773458899624435,27940,291,0,VideoPacket
1773458899624503,27941,291,0,VideoPacket
1773458899624567,27942,291,0,VideoPacket
1773458899624643,27943,291,0,VideoPacket
1773458899624707,27944,291,0,VideoPacket
1773458899624771,27945,291,0,VideoPacket
1773458899624834,27946,291,0,VideoPacket
1773458899624898,27947,291,0,VideoPacket
1773458899624961,27948,291,0,VideoPacket
1773458899625027,27949,291,0,VideoPacket
1773458899625100,27950,291,0,VideoPacket
1773458899625170,27951,291,0,VideoPacket
1773458899625247,27952,291,0,VideoPacket
1773458899625315,27953,291,0,VideoPacket
1773458899625386,27954,291,0,VideoPacket
1773458899625456,27955,291,0,VideoPacket
1773458899625526,27956,291,0,VideoPacket
1773458899625604,27957,291,0,VideoPacket
1773458899625676,27958,291,0,VideoPacket
1773458899625746,27959,291,0,VideoPacket
1773458899625817,27960,291,0,VideoPacket
1773458899625891,27961,291,0,VideoPacket
1773458899625963,27962,291,0,VideoPacket
1773458899626035,27963,291,0,VideoPacket
1773458899626105,27964,291,0,VideoPacket
1773458899626174,27965,291,0,VideoPacket
1773458899626244,27966,291,0,VideoPacket
1773458899626314,27967,291,0,VideoPacket
1773458899626385,27968,291,0,VideoPacket
1773458899626461,27969,291,0,VideoPacket
1773458899626535,27970,291,0,VideoPacket
1773458899626617,27971,291,0,VideoPacket
1773458899626689,27972,291,0,VideoPacket
1773458899682986,27973,291,0,VideoPacket
1773458899683088,27974,291,0,VideoPacket
1773458899683168,27975,291,0,VideoPacket
1773458899683234,27976,291,0,VideoPacket
1773458899683300,27977,291,0,VideoPacket
1773458899683371,27978,291,0,VideoPacket
1773458899683441,27979,291,0,VideoPacket
1773458899683511,27980,291,0,VideoPacket
1773458899683584,27981,291,0,VideoPacket
1773458899683664,27982,291,0,VideoPacket
1773458899683736,27983,291,0,VideoPacket
1773458899683843,27984,291,0,VideoPacket
1773458899683920,27985,291,0,VideoPacket
1773458899683994,27986,291,0,VideoPacket
1773458899684078,27987,291,0,VideoPacket
1773458899684153,27988,291,0,VideoPacket
1773458899684217,27989,291,0,VideoPacket
1773458899684279,27990,291,0,VideoPacket
1773458899684344,27991,291,0,VideoPacket
1773458899684407,27992,291,0,VideoPacket
1773458899684470,27993,291,0,VideoPacket
1773458899684537,27994,291,0,VideoPacket
1773458899684619,27995,291,0,VideoPacket
1773458899684686,27996,291,0,VideoPacket
1773458899684753,27997,291,0,VideoPacket
1773458899684818,27998,291,0,VideoPacket
1773458899684886,27999,291,0,VideoPacket
1773458899684952,28000,291,0,VideoPacket
1773458899685016,28001,291,0,VideoPacket
1773458899685498,28002,803,0,VideoPacket
1773458899685573,28003,803,0,VideoPacket
1773458899685655,28004,803,0,VideoPacket
1773458899685728,28005,803,0,VideoPacket
1773458899685801,28006,803,0,VideoPacket
1773458899685874,28007,803,0,VideoPacket
1773458899685946,28008,803,0,VideoPacket
1773458899686021,28009,803,0,VideoPacket
1773458899686091,28010,803,0,VideoPacket
1773458899730063,28011,803,0,VideoPacket
1773458899730182,28012,291,0,VideoPacket
1773458899730456,28013,291,0,VideoPacket
1773458899730536,28014,291,0,VideoPacket
1773458899730618,28015,291,0,VideoPacket
1773458899730690,28016,291,0,VideoPacket
1773458899730762,28017,291,0,VideoPacket
1773458899730831,28018,291,0,VideoPacket
1773458899730904,28019,291,0,VideoPacket
1773458899730975,28020,291,0,VideoPacket
1773458899731044,28021,291,0,VideoPacket
1773458899731114,28022,291,0,VideoPacket
1773458899731188,28023,291,0,VideoPacket
1773458899731257,28024,291,0,VideoPacket
1773458899731328,28025,291,0,VideoPacket
1773458899731399,28026,291,0,VideoPacket
1773458899731471,28027,291,0,VideoPacket
1773458899731543,28028,291,0,VideoPacket
1773458899731624,28029,291,0,VideoPacket
1773458899731699,28030,291,0,VideoPacket
1773458899731771,28031,291,0,VideoPacket
1773458899731842,28032,291,0,VideoPacket
1773458899731913,28033,291,0,VideoPacket
1773458899731982,28034,291,0,VideoPacket
1773458899732061,28035,291,0,VideoPacket
1773458899732127,28036,291,0,VideoPacket
1773458899732193,28037,291,0,VideoPacket
1773458899732268,28038,291,0,VideoPacket
1773458899732339,28039,291,0,VideoPacket
1773458899732424,28040,291,0,VideoPacket
1773458899732497,28041,291,0,VideoPacket
1773458899732577,28042,291,0,VideoPacket
1773458899738311,16784,293,0,Retransmission:27603
1773458899795740,28043,291,0,VideoPacket
1773458899795852,28044,291,0,VideoPacket
1773458899795929,28045,291,0,VideoPacket
1773458899795998,28046,291,0,VideoPacket
1773458899796080,28047,291,0,VideoPacket
1773458899796150,28048,291,0,VideoPacket
1773458899796217,28049,291,0,VideoPacket
1773458899796280,28050,291,0,VideoPacket
1773458899796349,28051,291,0,VideoPacket
1773458899796416,28052,291,0,VideoPacket
1773458899796504,28053,291,0,VideoPacket
1773458899796580,28054,291,0,VideoPacket
1773458899796660,28055,291,0,VideoPacket
1773458899796730,28056,291,0,VideoPacket
1773458899796801,28057,291,0,VideoPacket
1773458899796867,28058,291,0,VideoPacket
1773458899796929,28059,291,0,VideoPacket
1773458899796995,28060,291,0,VideoPacket
1773458899797058,28061,291,0,VideoPacket
1773458899797125,28062,291,0,VideoPacket
1773458899797196,28063,291,0,VideoPacket
1773458899797260,28064,291,0,VideoPacket
1773458899797325,28065,291,0,VideoPacket
1773458899797392,28066,291,0,VideoPacket
1773458899797458,28067,291,0,VideoPacket
1773458899797527,28068,291,0,VideoPacket
1773458899797594,28069,291,0,VideoPacket
1773458899797674,28070,291,0,VideoPacket
1773458899797743,28071,291,0,VideoPacket
1773458899797807,28072,291,0,VideoPacket
1773458899797880,28073,291,0,VideoPacket
1773458899843064,28074,291,0,VideoPacket
1773458899843207,28075,291,0,VideoPacket
1773458899843279,28076,291,0,VideoPacket
1773458899843350,28077,291,0,VideoPacket
1773458899843418,28078,291,0,VideoPacket
1773458899843487,28079,291,0,VideoPacket
1773458899843551,28080,291,0,VideoPacket
1773458899843628,28081,291,0,VideoPacket
1773458899843694,28082,291,0,VideoPacket
1773458899843758,28083,291,0,VideoPacket
1773458899843825,28084,291,0,VideoPacket
1773458899843890,28085,291,0,VideoPacket
1773458899843959,28086,291,0,VideoPacket
1773458899844027,28087,291,0,VideoPacket
1773458899844121,28088,291,0,VideoPacket
1773458899844191,28089,291,0,VideoPacket
1773458899844262,28090,291,0,VideoPacket
1773458899844325,28091,291,0,VideoPacket
1773458899844392,28092,291,0,VideoPacket
1773458899844456,28093,291,0,VideoPacket
1773458899844523,28094,291,0,VideoPacket
1773458899867076,16785,293,0,Retransmission:27609
1773458899867174,16786,293,0,Retransmission:27612
1773458899908793,28095,291,0,VideoPacket
1773458899908908,28096,291,0,VideoPacket
1773458899908983,28097,291,0,VideoPacket
1773458899909051,28098,291,0,VideoPacket
1773458899909119,28099,291,0,VideoPacket
1773458899909187,28100,291,0,VideoPacket
1773458899909257,28101,291,0,VideoPacket
1773458899909325,28102,291,0,VideoPacket
1773458899909397,28103,291,0,VideoPacket
1773458899909468,28104,291,0,VideoPacket
1773458899909537,28105,291,0,VideoPacket
1773458899909619,28106,291,0,VideoPacket
1773458899909690,28107,291,0,VideoPacket
1773458899909756,28108,291,0,VideoPacket
1773458899909823,28109,291,0,VideoPacket
1773458899909890,28110,291,0,VideoPacket
1773458899909962,28111,291,0,VideoPacket
1773458899910028,28112,291,0,VideoPacket
1773458899910098,28113,291,0,VideoPacket
1773458899945219,28114,291,0,VideoPacket
1773458899945330,28115,291,0,VideoPacket
1773458899945404,28116,291,0,VideoPacket
1773458899945475,28117,291,0,VideoPacket
1773458899945549,28118,291,0,VideoPacket
1773458899945629,28119,291,0,VideoPacket
1773458899945699,28120,291,0,VideoPacket
1773458899945769,28121,291,0,VideoPacket
1773458899945839,28122,291,0,VideoPacket
1773458899945907,28123,291,0,VideoPacket
1773458899945980,28124,291,0,VideoPacket
1773458899946049,28125,291,0,VideoPacket
1773458900033817,28126,547,0,VideoPacket
1773458900033924,28127,547,0,VideoPacket
1773458900034004,28128,547,0,VideoPacket
1773458900034075,28129,547,0,VideoPacket
1773458900034134,28130,547,0,VideoPacket
1773458900034209,28131,547,0,VideoPacket
1773458900034281,28132,547,0,VideoPacket
1773458900034660,16787,549,0,Retransmission:27643
1773458900077231,28133,547,0,VideoPacket
1773458900077347,28134,547,0,VideoPacket
1773458900077445,28135,547,0,VideoPacket
1773458900077517,28136,547,0,VideoPacket
1773458900077637,28137,547,0,VideoPacket
1773458900077715,28138,547,0,VideoPacket
1773458900077787,28139,547,0,VideoPacket
1773458900156753,28140,291,0,VideoPacket
1773458900156859,28141,291,0,VideoPacket
1773458900156941,28142,291,0,VideoPacket
1773458900157014,28143,291,0,VideoPacket
1773458900157085,28144,291,0,VideoPacket
1773458900157156,28145,291,0,VideoPacket
1773458900157227,28146,291,0,VideoPacket
1773458900157298,28147,291,0,VideoPacket
1773458900157370,28148,291,0,VideoPacket
1773458900157439,28149,291,0,VideoPacket
1773458900157512,28150,291,0,VideoPacket
1773458900157580,28151,291,0,VideoPacket
1773458900157654,28152,291,0,VideoPacket
1773458900157723,28153,291,0,VideoPacket
1773458900157795,28154,291,0,VideoPacket
1773458900206871,28155,291,0,VideoPacket
1773458900206974,28156,291,0,VideoPacket
1773458900207043,28157,291,0,VideoPacket
1773458900207112,28158,291,0,VideoPacket
1773458900207180,28159,291,0,VideoPacket
1773458900207249,28160,291,0,VideoPacket
1773458900207319,28161,291,0,VideoPacket
1773458900207386,28162,291,0,VideoPacket
1773458900207456,28163,291,0,VideoPacket
1773458900207524,28164,291,0,VideoPacket
1773458900207594,28165,291,0,VideoPacket
1773458900207673,28166,291,0,VideoPacket
1773458900207745,28167,291,0,VideoPacket
1773458900207814,28168,291,0,VideoPacket
1773458900281737,28169,291,0,VideoPacket
1773458900281845,28170,291,0,VideoPacket
1773458900281920,28171,291,0,VideoPacket
1773458900281992,28172,291,0,VideoPacket
1773458900282062,28173,291,0,VideoPacket
1773458900282136,28174,291,0,VideoPacket
1773458900282207,28175,291,0,VideoPacket
1773458900282279,28176,291,0,VideoPacket
1773458900282349,28177,291,0,VideoPacket
1773458900282416,28178,291,0,VideoPacket
1773458900282485,28179,291,0,VideoPacket
1773458900282555,28180,291,0,VideoPacket
1773458900282636,28181,291,0,VideoPacket
1773458900282706,28182,291,0,VideoPacket
1773458900282777,28183,291,0,VideoPacket
1773458900282845,28184,291,0,VideoPacket
1773458900282910,28185,291,0,VideoPacket
1773458900307808,28186,547,0,VideoPacket
1773458900307973,28187,547,0,VideoPacket
1773458900308068,28188,547,0,VideoPacket
1773458900308145,28189,547,0,VideoPacket
1773458900308215,28190,547,0,VideoPacket
1773458900308280,28191,547,0,VideoPacket
1773458900308345,28192,547,0,VideoPacket
1773458900361510,28193,1315,0,VideoPacket
1773458900361627,28194,1315,0,VideoPacket
1773458900361707,28195,1315,0,VideoPacket
1773458900361777,28196,1315,0,VideoPacket
1773458900422731,28197,803,0,VideoPacket
1773458900422852,28198,803,0,VideoPacket
1773458900422918,28199,803,0,VideoPacket
1773458900422983,28200,803,0,VideoPacket
1773458900423047,28201,803,0,VideoPacket
1773458900423110,28202,803,0,VideoPacket
1773458900423194,16788,293,0,Retransmission:27681
1773458900423270,16789,293,0,Retransmission:27685
1773458900509741,28203,291,0,VideoPacket
1773458900509893,28204,291,0,VideoPacket
1773458900509972,28205,291,0,VideoPacket
1773458900510045,28206,291,0,VideoPacket
1773458900510112,28207,291,0,VideoPacket
1773458900510177,28208,291,0,VideoPacket
1773458900510240,28209,291,0,VideoPacket
1773458900510306,28210,291,0,VideoPacket
1773458900510370,28211,291,0,VideoPacket
1773458900510435,28212,291,0,VideoPacket
1773458900510503,28213,291,0,VideoPacket
1773458900510570,28214,291,0,VideoPacket
1773458900510644,28215,291,0,VideoPacket
1773458900510710,28216,291,0,VideoPacket
1773458900510765,28217,291,0,VideoPacket
1773458900546089,28218,1059,0,VideoPacket
1773458900546167,28219,1059,0,VideoPacket
1773458900546235,28220,1059,0,VideoPacket
1773458900546300,28221,1059,0,VideoPacket
1773458900546363,28222,1059,0,VideoPacket
1773458900592277,28223,803,0,VideoPacket
1773458900592425,28224,803,0,VideoPacket
1773458900592496,28225,803,0,VideoPacket
1773458900592563,28226,803,0,VideoPacket
1773458900592645,28227,803,0,VideoPacket
1773458900621292,28228,803,0,VideoPacket
1773458900621369,28229,803,0,VideoPacket
1773458900621439,28230,803,0,VideoPacket
1773458900621502,28231,803,0,VideoPacket
1773458900621582,28232,803,0,VideoPacket
1773458900621660,28233,803,0,VideoPacket
1773458900621723,28234,803,0,VideoPacket
1773458900621789,28235,803,0,VideoPacket
1773458900701775,28236,291,0,VideoPacket
1773458900701901,28237,291,0,VideoPacket
1773458900701979,28238,291,0,VideoPacket
1773458900702046,28239,291,0,VideoPacket
1773458900702109,28240,291,0,VideoPacket
1773458900702171,28241,291,0,VideoPacket
1773458900702234,28242,291,0,VideoPacket
1773458900702316,28243,291,0,VideoPacket
1773458900702385,28244,291,0,VideoPacket
1773458900702447,28245,291,0,VideoPacket
1773458900702509,28246,291,0,VideoPacket
1773458900702574,28247,291,0,VideoPacket
1773458900702649,28248,291,0,VideoPacket
1773458900777397,28249,291,0,VideoPacket
1773458900777505,28250,291,0,VideoPacket
1773458900777580,28251,291,0,VideoPacket
1773458900777653,28252,291,0,VideoPacket
1773458900777716,28253,291,0,VideoPacket
1773458900777777,28254,291,0,VideoPacket
1773458900777838,28255,291,0,VideoPacket
1773458900777915,28256,291,0,VideoPacket
1773458900777981,28257,291,0,VideoPacket
1773458900778042,28258,291,0,VideoPacket
1773458900778104,28259,291,0,VideoPacket
1773458900778168,28260,291,0,VideoPacket
1773458900778231,28261,291,0,VideoPacket
1773458900778292,28262,291,0,VideoPacket
1773458900778353,28263,291,0,VideoPacket
1773458900778415,28264,291,0,VideoPacket
1773458900778476,28265,291,0,VideoPacket
1773458900778537,28266,291,0,VideoPacket
1773458900778609,28267,291,0,VideoPacket
1773458900778672,28268,291,0,VideoPacket
1773458900778734,28269,291,0,VideoPacket
1773458900778795,28270,291,0,VideoPacket
1773458900778857,28271,291,0,VideoPacket
1773458900786256,16790,293,0,Retransmission:27703
1773458900786357,16791,293,0,Retransmission:27704
1773458900786430,16792,293,0,Retransmission:27708
1773458900793448,28272,803,0,VideoPacket
1773458900793537,28273,803,0,VideoPacket
1773458900793614,28274,803,0,VideoPacket
1773458900793679,28275,803,0,VideoPacket
1773458900824059,28276,291,0,VideoPacket
1773458900824163,28277,291,0,VideoPacket
1773458900824228,28278,291,0,VideoPacket
1773458900824293,28279,291,0,VideoPacket
1773458900824355,28280,291,0,VideoPacket
1773458900824418,28281,291,0,VideoPacket
1773458900824479,28282,291,0,VideoPacket
1773458900824543,28283,291,0,VideoPacket
1773458900824617,28284,291,0,VideoPacket
1773458900824684,28285,291,0,VideoPacket
1773458900824750,28286,291,0,VideoPacket
1773458900824812,28287,291,0,VideoPacket
1773458900824875,28288,291,0,VideoPacket
1773458900824938,28289,291,0,VideoPacket
1773458900825001,28290,291,0,VideoPacket
1773458900825064,28291,291,0,VideoPacket
1773458900825127,28292,291,0,VideoPacket
1773458900825189,28293,291,0,VideoPacket
1773458900825252,28294,291,0,VideoPacket
1773458900825316,28295,291,0,VideoPacket
1773458900825380,28296,291,0,VideoPacket
1773458900825445,28297,291,0,VideoPacket
1773458900825510,28298,291,0,VideoPacket
1773458900825577,28299,291,0,VideoPacket
1773458900825653,28300,291,0,VideoPacket
1773458900825723,28301,291,0,VideoPacket
1773458900825787,28302,291,0,VideoPacket
1773458900825851,28303,291,0,VideoPacket
1773458900825914,28304,291,0,VideoPacket
1773458900825978,28305,291,0,VideoPacket
1773458900826041,28306,291,0,VideoPacket
1773458900826105,28307,291,0,VideoPacket
1773458900826173,28308,291,0,VideoPacket
1773458900826238,28309,291,0,VideoPacket
1773458900904074,28310,291,0,VideoPacket
1773458900904186,28311,291,0,VideoPacket
1773458900904261,28312,291,0,VideoPacket
1773458900904323,28313,291,0,VideoPacket
1773458900904385,28314,291,0,VideoPacket
1773458900904446,28315,291,0,VideoPacket
1773458900904507,28316,291,0,VideoPacket
1773458900904569,28317,291,0,VideoPacket
1773458900904643,28318,291,0,VideoPacket
1773458900904706,28319,291,0,VideoPacket
1773458900904768,28320,291,0,VideoPacket
1773458900904831,28321,291,0,VideoPacket
1773458900904893,28322,291,0,VideoPacket
1773458900904956,28323,291,0,VideoPacket
1773458900905018,28324,291,0,VideoPacket
1773458900905080,28325,291,0,VideoPacket
1773458900905141,28326,291,0,VideoPacket
1773458900905202,28327,291,0,VideoPacket
1773458900905276,28328,291,0,VideoPacket
1773458900905339,28329,291,0,VideoPacket
1773458900905404,28330,291,0,VideoPacket
1773458900905466,28331,291,0,VideoPacket
1773458901004661,28332,547,0,VideoPacket
1773458901004767,28333,547,0,VideoPacket
1773458901004839,28334,547,0,VideoPacket
1773458901004902,28335,547,0,VideoPacket
1773458901005241,16793,293,0,Retransmission:27732
1773458901005322,16794,293,0,Retransmission:27737
1773458901028087,28336,291,0,VideoPacket
1773458901028187,28337,291,0,VideoPacket
1773458901028256,28338,291,0,VideoPacket
1773458901028322,28339,291,0,VideoPacket
1773458901028389,28340,291,0,VideoPacket
1773458901028455,28341,291,0,VideoPacket
1773458901028521,28342,291,0,VideoPacket
1773458901028590,28343,291,0,VideoPacket
1773458901028670,28344,291,0,VideoPacket
1773458901028737,28345,291,0,VideoPacket
1773458901028802,28346,291,0,VideoPacket
1773458901028871,28347,291,0,VideoPacket
1773458901028936,28348,291,0,VideoPacket
1773458901029001,28349,291,0,VideoPacket
1773458901029066,28350,291,0,VideoPacket
1773458901029133,28351,291,0,VideoPacket
1773458901029199,28352,291,0,VideoPacket
1773458901029265,28353,291,0,VideoPacket
1773458901029330,28354,291,0,VideoPacket
1773458901029391,28355,291,0,VideoPacket
1773458901029459,28356,291,0,VideoPacket
1773458901029526,28357,291,0,VideoPacket
1773458901029593,28358,291,0,VideoPacket
1773458901029669,28359,291,0,VideoPacket
1773458901029741,28360,291,0,VideoPacket
1773458901139642,16795,293,0,Retransmission:27746
1773458901139763,16796,293,0,Retransmission:27572
1773458901139853,16797,293,0,Retransmission:27603
1773458901139933,16798,293,0,Retransmission:27609
1773458901140010,16799,293,0,Retransmission:27612
1773458901140105,16800,549,0,Retransmission:27643
1773458901147681,28361,291,0,VideoPacket
1773458901147883,28362,291,0,VideoPacket
1773458901147965,28363,291,0,VideoPacket
1773458901148034,28364,291,0,VideoPacket
1773458901148129,28365,291,0,VideoPacket
1773458901148196,28366,291,0,VideoPacket
1773458901148268,28367,291,0,VideoPacket
1773458901148335,28368,291,0,VideoPacket
1773458901148403,28369,291,0,VideoPacket
1773458901148469,28370,291,0,VideoPacket
1773458901148535,28371,291,0,VideoPacket
1773458901148613,28372,291,0,VideoPacket
1773458901148681,28373,291,0,VideoPacket
1773458901148747,28374,291,0,VideoPacket
1773458901148814,28375,291,0,VideoPacket
1773458901148881,28376,291,0,VideoPacket
1773458901148947,28377,291,0,VideoPacket
1773458901149013,28378,291,0,VideoPacket
1773458901149081,28379,291,0,VideoPacket
1773458901149149,28380,291,0,VideoPacket
1773458901149215,28381,291,0,VideoPacket
1773458901149278,28382,291,0,VideoPacket
1773458901149344,28383,291,0,VideoPacket
1773458901149407,28384,291,0,VideoPacket
1773458901149468,28385,291,0,VideoPacket
1773458901149530,28386,291,0,VideoPacket
1773458901149605,28387,291,0,VideoPacket
1773458901149669,28388,291,0,VideoPacket
1773458901149735,28389,291,0,VideoPacket
1773458901149801,28390,291,0,VideoPacket
1773458901149868,28391,291,0,VideoPacket
1773458901149934,28392,291,0,VideoPacket
1773458901150000,28393,291,0,VideoPacket
1773458901275581,28394,291,0,VideoPacket
1773458901275718,28395,291,0,VideoPacket
1773458901275794,28396,291,0,VideoPacket
1773458901275850,28397,291,0,VideoPacket
1773458901275917,28398,291,0,VideoPacket
1773458901275980,28399,291,0,VideoPacket
1773458901276058,28400,291,0,VideoPacket
1773458901276128,28401,291,0,VideoPacket
1773458901276193,28402,291,0,VideoPacket
1773458901276260,28403,291,0,VideoPacket
1773458901276327,28404,291,0,VideoPacket
1773458901276394,28405,291,0,VideoPacket
1773458901276464,28406,291,0,VideoPacket
1773458901276532,28407,291,0,VideoPacket
1773458901276609,28408,291,0,VideoPacket
1773458901276679,28409,291,0,VideoPacket
1773458901276746,28410,291,0,VideoPacket
1773458901276813,28411,291,0,VideoPacket
1773458901276875,28412,291,0,VideoPacket
1773458901276942,28413,291,0,VideoPacket
1773458901277009,28414,291,0,VideoPacket
1773458901277076,28415,291,0,VideoPacket
1773458901277138,28416,291,0,VideoPacket
1773458901277205,28417,291,0,VideoPacket
1773458901277270,28418,291,0,VideoPacket
1773458901277849,28419,291,0,VideoPacket
1773458901277917,28420,291,0,VideoPacket
1773458901277987,28421,291,0,VideoPacket
1773458901278053,28422,291,0,VideoPacket
1773458901278120,28423,291,0,VideoPacket
1773458901278182,28424,291,0,VideoPacket
1773458901278248,28425,291,0,VideoPacket
1773458901278314,28426,291,0,VideoPacket
1773458901278379,28427,291,0,VideoPacket
1773458901278446,28428,291,0,VideoPacket
1773458901278513,28429,291,0,VideoPacket
1773458901375213,28430,291,0,VideoPacket
1773458901375320,28431,291,0,VideoPacket
1773458901375397,28432,291,0,VideoPacket
1773458901375454,28433,291,0,VideoPacket
1773458901375519,28434,291,0,VideoPacket
1773458901375589,28435,291,0,VideoPacket
1773458901375670,28436,291,0,VideoPacket
1773458901375733,28437,291,0,VideoPacket
1773458901375795,28438,291,0,VideoPacket
1773458901375864,28439,291,0,VideoPacket
1773458901375927,28440,291,0,VideoPacket
1773458901375991,28441,291,0,VideoPacket
1773458901376066,28442,291,0,VideoPacket
1773458901376133,28443,291,0,VideoPacket
1773458901376197,28444,291,0,VideoPacket
1773458901376267,28445,291,0,VideoPacket
1773458901376336,28446,291,0,VideoPacket
1773458901376406,28447,291,0,VideoPacket
1773458901376474,28448,291,0,VideoPacket
1773458901376543,28449,291,0,VideoPacket
1773458901376624,28450,291,0,VideoPacket
1773458901376688,28451,291,0,VideoPacket
1773458901376759,28452,291,0,VideoPacket
1773458901376831,28453,291,0,VideoPacket
1773458901376901,28454,291,0,VideoPacket
1773458901376967,28455,291,0,VideoPacket
1773458901377031,28456,291,0,VideoPacket
1773458901377097,28457,291,0,VideoPacket
1773458901377160,28458,291,0,VideoPacket
1773458901377228,28459,291,0,VideoPacket
1773458901377294,28460,291,0,VideoPacket
1773458901377360,28461,291,0,VideoPacket
1773458901377426,28462,291,0,VideoPacket
1773458901377492,28463,291,0,VideoPacket
1773458901429163,16801,293,0,Retransmission:27758
1773458901429254,16802,293,0,Retransmission:27764
1773458901429318,28464,291,0,VideoPacket
1773458901429393,28465,291,0,VideoPacket
1773458901429461,28466,291,0,VideoPacket
1773458901429527,28467,291,0,VideoPacket
1773458901429593,28468,291,0,VideoPacket
1773458901429672,28469,291,0,VideoPacket
1773458901429764,28470,291,0,VideoPacket
1773458901429834,28471,291,0,VideoPacket
1773458901429897,28472,291,0,VideoPacket
1773458901429960,28473,291,0,VideoPacket
1773458901430027,28474,291,0,VideoPacket
1773458901430092,28475,291,0,VideoPacket
1773458901430155,28476,291,0,VideoPacket
1773458901430223,28477,291,0,VideoPacket
1773458901430286,28478,291,0,VideoPacket
1773458901430353,28479,291,0,VideoPacket
1773458901430417,28480,291,0,VideoPacket
1773458901430486,28481,291,0,VideoPacket
1773458901430551,28482,291,0,VideoPacket
1773458901430631,28483,291,0,VideoPacket
1773458901430695,28484,291,0,VideoPacket
1773458901430766,28485,291,0,VideoPacket
1773458901430829,28486,291,0,VideoPacket
1773458901430896,28487,291,0,VideoPacket
1773458901430960,28488,291,0,VideoPacket
1773458901431028,28489,291,0,VideoPacket
1773458901431090,28490,291,0,VideoPacket
1773458901431156,28491,291,0,VideoPacket
1773458901431217,28492,291,0,VideoPacket
1773458901431281,28493,291,0,VideoPacket
1773458901431342,28494,291,0,VideoPacket
1773458901431408,28495,291,0,VideoPacket
1773458901460232,16803,293,0,Retransmission:27781
1773458901460316,28496,291,0,VideoPacket
1773458901460381,28497,291,0,VideoPacket
1773458901460457,28498,291,0,VideoPacket
1773458901460523,28499,291,0,VideoPacket
1773458901460587,28500,291,0,VideoPacket
1773458901460667,28501,291,0,VideoPacket
1773458901460737,28502,291,0,VideoPacket
1773458901460807,28503,291,0,VideoPacket
1773458901460869,28504,291,0,VideoPacket
1773458901460935,28505,291,0,VideoPacket
1773458901460999,28506,291,0,VideoPacket
1773458901461066,28507,291,0,VideoPacket
1773458901461131,28508,291,0,VideoPacket
1773458901461194,28509,291,0,VideoPacket
1773458901461261,28510,291,0,VideoPacket
1773458901461326,28511,291,0,VideoPacket
1773458901461389,28512,291,0,VideoPacket
1773458901461456,28513,291,0,VideoPacket
1773458901461517,28514,291,0,VideoPacket
1773458901461607,28515,291,0,VideoPacket
1773458901461678,28516,291,0,VideoPacket
1773458901461741,28517,291,0,VideoPacket
1773458901461809,28518,291,0,VideoPacket
1773458901461877,28519,291,0,VideoPacket
1773458901461942,28520,291,0,VideoPacket
1773458901462006,28521,291,0,VideoPacket
1773458901462070,28522,291,0,VideoPacket
1773458901462136,28523,291,0,VideoPacket
1773458901462199,28524,291,0,VideoPacket
1773458901462264,28525,291,0,VideoPacket
1773458901462328,28526,291,0,VideoPacket
1773458901462393,28527,291,0,VideoPacket
1773458901462461,28528,291,0,VideoPacket
1773458901598292,16804,293,0,Retransmission:27804
1773458901598398,28529,291,0,VideoPacket
1773458901598486,28530,291,0,VideoPacket
1773458901598560,28531,291,0,VideoPacket
1773458901598646,28532,291,0,VideoPacket
1773458901598718,28533,291,0,VideoPacket
1773458901598788,28534,291,0,VideoPacket
1773458901598860,28535,291,0,VideoPacket
1773458901598935,28536,291,0,VideoPacket
1773458901599004,28537,291,0,VideoPacket
1773458901599074,28538,291,0,VideoPacket
1773458901599146,28539,291,0,VideoPacket
1773458901599213,28540,291,0,VideoPacket
1773458901599280,28541,547,0,VideoPacket
1773458901599352,28542,547,0,VideoPacket
1773458901599423,28543,547,0,VideoPacket
1773458901599497,28544,547,0,VideoPacket
1773458901599571,28545,547,0,VideoPacket
1773458901599649,28546,547,0,VideoPacket
1773458901599732,28547,547,0,VideoPacket
1773458901599805,28548,547,0,VideoPacket
1773458901599875,28549,547,0,VideoPacket
1773458901599948,28550,547,0,VideoPacket
1773458901657485,28551,547,0,VideoPacket
1773458901657612,28552,803,0,VideoPacket
1773458901657691,28553,803,0,VideoPacket
1773458901657761,28554,803,0,VideoPacket
1773458901657834,28555,803,0,VideoPacket
1773458901657905,28556,803,0,VideoPacket
1773458901794243,28557,803,0,VideoPacket
1773458901794364,28558,803,0,VideoPacket
1773458901794440,28559,803,0,VideoPacket
1773458901794510,28560,803,0,VideoPacket
1773458901794583,28561,291,0,VideoPacket
1773458901794662,28562,291,0,VideoPacket
1773458901794732,28563,291,0,VideoPacket
1773458901794805,28564,291,0,VideoPacket
1773458901794875,28565,291,0,VideoPacket
1773458901794946,28566,291,0,VideoPacket
1773458901795016,28567,291,0,VideoPacket
1773458901795087,28568,291,0,VideoPacket
1773458901795158,28569,291,0,VideoPacket
1773458901795228,28570,291,0,VideoPacket
1773458901795304,28571,291,0,VideoPacket
1773458901795378,28572,291,0,VideoPacket
1773458901795448,28573,291,0,VideoPacket
1773458901795518,28574,291,0,VideoPacket
1773458901795588,28575,291,0,VideoPacket
1773458901795669,28576,291,0,VideoPacket
1773458901795740,28577,291,0,VideoPacket
1773458901795802,28578,291,0,VideoPacket
1773458901795877,28579,291,0,VideoPacket
1773458901795965,28580,291,0,VideoPacket
1773458901796051,28581,291,0,VideoPacket
1773458901796126,28582,291,0,VideoPacket
1773458901796197,28583,291,0,VideoPacket
1773458901796271,28584,291,0,VideoPacket
1773458901796342,28585,291,0,VideoPacket
1773458901796416,28586,291,0,VideoPacket
1773458901796505,28587,291,0,VideoPacket
1773458901796585,28588,291,0,VideoPacket
1773458901796679,28589,291,0,VideoPacket
1773458901796750,28590,291,0,VideoPacket
1773458901796820,28591,291,0,VideoPacket
1773458901796890,28592,291,0,VideoPacket
1773458901796957,28593,291,0,VideoPacket
1773458901797025,28594,291,0,VideoPacket
1773458901911676,28595,291,0,VideoPacket
1773458901911789,28596,291,0,VideoPacket
1773458901911866,28597,291,0,VideoPacket
1773458901911931,28598,291,0,VideoPacket
1773458901911997,28599,291,0,VideoPacket
1773458901912076,28600,291,0,VideoPacket
1773458901912144,28601,291,0,VideoPacket
1773458901912206,28602,291,0,VideoPacket
1773458901912274,28603,547,0,VideoPacket
1773458901912342,28604,547,0,VideoPacket
1773458901912408,28605,547,0,VideoPacket
1773458901912474,28606,547,0,VideoPacket
1773458901912540,28607,547,0,VideoPacket
1773458901912619,28608,547,0,VideoPacket
1773458901912687,28609,547,0,VideoPacket
1773458901912752,28610,547,0,VideoPacket
1773458901912819,28611,547,0,VideoPacket
1773458901912885,28612,547,0,VideoPacket
1773458901912972,28613,547,0,VideoPacket
1773458901913038,28614,547,0,VideoPacket
1773458901913107,28615,547,0,VideoPacket
1773458901913178,28616,547,0,VideoPacket
1773458901975677,28617,291,0,VideoPacket
1773458901975776,28618,291,0,VideoPacket
1773458901975850,28619,291,0,VideoPacket
1773458901975913,28620,291,0,VideoPacket
1773458901975979,28621,291,0,VideoPacket
1773458901976060,28622,291,0,VideoPacket
1773458901976131,28623,291,0,VideoPacket
1773458901976194,28624,291,0,VideoPacket
1773458901976256,28625,291,0,VideoPacket
1773458901976318,28626,291,0,VideoPacket
1773458901976384,28627,291,0,VideoPacket
1773458901976451,28628,291,0,VideoPacket
1773458901976517,28629,291,0,VideoPacket
1773458901976584,28630,291,0,VideoPacket
1773458901976661,28631,291,0,VideoPacket
1773458902032331,28632,291,0,VideoPacket
1773458902032426,28633,291,0,VideoPacket
1773458902032493,28634,291,0,VideoPacket
1773458902032555,28635,291,0,VideoPacket
1773458902032630,28636,291,0,VideoPacket
1773458902032697,28637,291,0,VideoPacket
1773458902032760,28638,291,0,VideoPacket
1773458902032827,28639,291,0,VideoPacket
1773458902032892,28640,291,0,VideoPacket
1773458902032958,28641,291,0,VideoPacket
1773458902033022,28642,291,0,VideoPacket
1773458902033091,28643,291,0,VideoPacket
1773458902033155,28644,291,0,VideoPacket
1773458902033226,28645,291,0,VideoPacket
1773458902033290,28646,291,0,VideoPacket
1773458902154610,28647,291,0,VideoPacket
1773458902154724,28648,291,0,VideoPacket
1773458902154798,28649,291,0,VideoPacket
1773458902154860,28650,291,0,VideoPacket
1773458902154927,28651,291,0,VideoPacket
1773458902154992,28652,291,0,VideoPacket
1773458902155056,28653,291,0,VideoPacket
1773458902155121,28654,291,0,VideoPacket
1773458902155183,28655,291,0,VideoPacket
1773458902155248,28656,291,0,VideoPacket
1773458902155311,28657,291,0,VideoPacket
1773458902155376,28658,291,0,VideoPacket
1773458902155438,28659,291,0,VideoPacket
1773458902155503,28660,291,0,VideoPacket
1773458902155566,28661,291,0,VideoPacket
1773458902155641,28662,291,0,VideoPacket
1773458902155703,28663,291,0,VideoPacket
1773458902155776,28664,291,0,VideoPacket
1773458902155842,28665,291,0,VideoPacket
1773458902155905,28666,291,0,VideoPacket
1773458902155970,28667,291,0,VideoPacket
1773458902156030,28668,291,0,VideoPacket
1773458902156118,28669,291,0,VideoPacket
1773458902156198,28670,291,0,VideoPacket
1773458902156265,28671,291,0,VideoPacket
1773458902156331,28672,291,0,VideoPacket
1773458902156397,28673,291,0,VideoPacket
1773458902156460,28674,291,0,VideoPacket
1773458902156527,28675,291,0,VideoPacket
1773458902156606,28676,291,0,VideoPacket
1773458902156670,28677,291,0,VideoPacket
1773458902156736,28678,291,0,VideoPacket
1773458902156799,28679,291,0,VideoPacket
1773458902156885,28680,291,0,VideoPacket
1773458902156961,28681,291,0,VideoPacket
1773458902206713,28682,291,0,VideoPacket
1773458902206817,28683,291,0,VideoPacket
1773458902206887,28684,291,0,VideoPacket
1773458902206950,28685,291,0,VideoPacket
1773458902207017,28686,291,0,VideoPacket
1773458902207082,28687,291,0,VideoPacket
1773458902207147,28688,291,0,VideoPacket
1773458902207212,28689,291,0,VideoPacket
1773458902207278,28690,291,0,VideoPacket
1773458902207348,28691,291,0,VideoPacket
1773458902207414,28692,291,0,VideoPacket
1773458902207481,28693,291,0,VideoPacket
1773458902207546,28694,291,0,VideoPacket
1773458902207621,28695,291,0,VideoPacket
1773458902207689,28696,291,0,VideoPacket
1773458902323259,16805,293,0,Retransmission:27836
1773458902323360,28697,291,0,VideoPacket
1773458902323447,28698,291,0,VideoPacket
1773458902323521,28699,291,0,VideoPacket
1773458902323584,28700,291,0,VideoPacket
1773458902323663,28701,291,0,VideoPacket
1773458902323727,28702,291,0,VideoPacket
1773458902323794,28703,291,0,VideoPacket
1773458902323862,28704,291,0,VideoPacket
1773458902323933,28705,291,0,VideoPacket
1773458902323996,28706,291,0,VideoPacket
1773458902324076,28707,291,0,VideoPacket
1773458902324147,28708,291,0,VideoPacket
1773458902324216,28709,291,0,VideoPacket
1773458902324284,28710,291,0,VideoPacket
1773458902324350,28711,291,0,VideoPacket
1773458902324428,28712,291,0,VideoPacket
1773458902324497,28713,291,0,VideoPacket
1773458902324563,28714,291,0,VideoPacket
1773458902324644,28715,291,0,VideoPacket
1773458902324712,28716,291,0,VideoPacket
1773458902324774,28717,291,0,VideoPacket
1773458902324842,28718,291,0,VideoPacket
1773458902324910,28719,291,0,VideoPacket
1773458902324978,28720,291,0,VideoPacket
1773458902325044,28721,291,0,VideoPacket
1773458902325112,28722,291,0,VideoPacket
1773458902325179,28723,291,0,VideoPacket
1773458902325246,28724,291,0,VideoPacket
1773458902325314,28725,291,0,VideoPacket
1773458902436180,16806,293,0,Retransmission:27840
1773458902436278,16807,293,0,Retransmission:27843
1773458902436341,16808,293,0,Retransmission:27845
1773458902436398,16809,805,0,Retransmission:27849
1773458902436459,16810,805,0,Retransmission:27851
1773458902436517,28726,291,0,VideoPacket
1773458902436622,28727,291,0,VideoPacket
1773458902436694,28728,291,0,VideoPacket
1773458902436766,28729,291,0,VideoPacket
1773458902436833,28730,291,0,VideoPacket
1773458902436900,28731,291,0,VideoPacket
1773458902436966,28732,291,0,VideoPacket
1773458902437034,28733,291,0,VideoPacket
1773458902437101,28734,291,0,VideoPacket
1773458902437168,28735,291,0,VideoPacket
1773458902437236,28736,291,0,VideoPacket
1773458902437303,28737,291,0,VideoPacket
1773458902437369,28738,291,0,VideoPacket
1773458902437432,28739,291,0,VideoPacket
1773458902437499,28740,291,0,VideoPacket
1773458902437567,28741,291,0,VideoPacket
1773458902437644,28742,291,0,VideoPacket
1773458902437711,28743,291,0,VideoPacket
1773458902437778,28744,291,0,VideoPacket
1773458902437845,28745,291,0,VideoPacket
1773458902437911,28746,291,0,VideoPacket
1773458902437976,28747,291,0,VideoPacket
1773458902438043,28748,291,0,VideoPacket
1773458902438110,28749,291,0,VideoPacket
1773458902438177,28750,291,0,VideoPacket
1773458902438245,28751,291,0,VideoPacket
1773458902438313,28752,291,0,VideoPacket
1773458902438380,28753,291,0,VideoPacket
1773458902438447,28754,291,0,VideoPacket
1773458902438515,28755,291,0,VideoPacket
1773458902438582,28756,291,0,VideoPacket
1773458902438659,28757,291,0,VideoPacket
1773458902438726,28758,291,0,VideoPacket
1773458902438794,28759,291,0,VideoPacket
1773458902438861,28760,291,0,VideoPacket
1773458902438928,28761,291,0,VideoPacket
1773458902438994,28762,291,0,VideoPacket
1773458902527006,28763,291,0,VideoPacket
1773458902527126,28764,291,0,VideoPacket
1773458902527201,28765,291,0,VideoPacket
1773458902527268,28766,291,0,VideoPacket
1773458902527338,28767,291,0,VideoPacket
1773458902527405,28768,291,0,VideoPacket
1773458902527473,28769,291,0,VideoPacket
1773458902527539,28770,1059,0,VideoPacket
1773458902527619,28771,1059,0,VideoPacket
1773458902527687,28772,1059,0,VideoPacket
1773458902527757,28773,1059,0,VideoPacket
1773458902527821,28774,1059,0,VideoPacket
1773458902527889,28775,1059,0,VideoPacket
1773458902527956,28776,1059,0,VideoPacket
1773458902528025,28777,1059,0,VideoPacket
1773458902654999,28778,1059,0,VideoPacket
1773458902655109,28779,803,0,VideoPacket
1773458902655185,28780,803,0,VideoPacket
1773458902655252,28781,803,0,VideoPacket
1773458902655319,28782,803,0,VideoPacket
1773458902655385,28783,803,0,VideoPacket
1773458902655452,28784,803,0,VideoPacket
1773458902655519,28785,803,0,VideoPacket
1773458902655587,28786,803,0,VideoPacket
1773458902655662,28787,803,0,VideoPacket
1773458902655729,28788,803,0,VideoPacket
1773458902655793,28789,803,0,VideoPacket
1773458902655855,28790,803,0,VideoPacket
1773458902655920,28791,291,0,VideoPacket
1773458902655987,28792,291,0,VideoPacket
1773458902656071,28793,291,0,VideoPacket
1773458902656145,28794,291,0,VideoPacket
1773458902656211,28795,291,0,VideoPacket
1773458902656278,28796,291,0,VideoPacket
1773458902656343,28797,291,0,VideoPacket
1773458902656409,28798,291,0,VideoPacket
1773458902656475,28799,291,0,VideoPacket
1773458902656539,28800,291,0,VideoPacket
1773458902656615,28801,291,0,VideoPacket
1773458902656684,28802,291,0,VideoPacket
1773458902760899,28803,291,0,VideoPacket
1773458902761011,28804,291,0,VideoPacket
1773458902761078,28805,291,0,VideoPacket
1773458902761162,28806,291,0,VideoPacket
1773458902761234,28807,291,0,VideoPacket
1773458902761306,28808,291,0,VideoPacket
1773458902761377,28809,291,0,VideoPacket
1773458902761440,28810,291,0,VideoPacket
1773458902761505,28811,291,0,VideoPacket
1773458902761568,28812,291,0,VideoPacket
1773458902761647,28813,291,0,VideoPacket
1773458902761711,28814,291,0,VideoPacket
1773458902761779,28815,291,0,VideoPacket
1773458902761849,28816,291,0,VideoPacket
1773458902761913,28817,291,0,VideoPacket
1773458902761977,28818,291,0,VideoPacket
1773458902762039,28819,291,0,VideoPacket
1773458902762102,28820,291,0,VideoPacket
1773458902762165,28821,291,0,VideoPacket
1773458902762229,28822,291,0,VideoPacket
1773458902762291,28823,291,0,VideoPacket
1773458902762353,28824,291,0,VideoPacket
1773458902762416,28825,291,0,VideoPacket
1773458902762481,28826,291,0,VideoPacket
1773458902762543,28827,291,0,VideoPacket
1773458902762619,28828,291,0,VideoPacket
1773458902762683,28829,291,0,VideoPacket
1773458902762746,28830,291,0,VideoPacket
1773458902799106,28831,291,0,VideoPacket
1773458902799211,28832,291,0,VideoPacket
1773458902799286,28833,291,0,VideoPacket
1773458902799352,28834,291,0,VideoPacket
1773458902799421,28835,291,0,VideoPacket
1773458902799483,28836,291,0,VideoPacket
1773458902799561,28837,291,0,VideoPacket
1773458902875286,28838,291,0,VideoPacket
1773458902875392,28839,291,0,VideoPacket
1773458902875461,28840,291,0,VideoPacket
1773458902875525,28841,291,0,VideoPacket
1773458902875590,28842,291,0,VideoPacket
1773458902875678,28843,291,0,VideoPacket
1773458902875745,28844,291,0,VideoPacket
1773458902979486,28845,291,0,VideoPacket
1773458902979617,28846,291,0,VideoPacket
1773458902979719,28847,291,0,VideoPacket
1773458902979794,28848,291,0,VideoPacket
1773458902979861,28849,291,0,VideoPacket
1773458903034562,16811,293,0,Retransmission:27864
1773458903034690,16812,293,0,Retransmission:27891
1773458903034778,16813,293,0,Retransmission:27892
1773458903557288,28850,291,0,VideoPacket
1773458903557445,28851,291,0,VideoPacket
1773458903557521,28852,291,0,VideoPacket
1773458903557592,28853,291,0,VideoPacket
1773458903797727,28854,291,0,VideoPacket
1773458903797894,28855,291,0,VideoPacket
1773458903797971,28856,291,0,VideoPacket
1773458903798043,28857,291,0,VideoPacket
1773458903804988,16814,549,0,Retransmission:27915
1773458903879821,28858,291,0,VideoPacket
1773458903879930,28859,291,0,VideoPacket
1773458903880007,28860,291,0,VideoPacket
1773458903880093,28861,291,0,VideoPacket
1773458903914776,28862,291,0,VideoPacket
1773458903914869,28863,291,0,VideoPacket
1773458903914943,28864,291,0,VideoPacket
1773458903915011,28865,291,0,VideoPacket
1773458903915081,28866,291,0,VideoPacket
1773458903992581,28867,547,0,VideoPacket
1773458903992701,28868,547,0,VideoPacket
1773458903992778,28869,547,0,VideoPacket
1773458904112739,16815,293,0,Retransmission:27962
1773458904112850,16816,293,0,Retransmission:27966
1773458904120251,28870,547,0,VideoPacket
1773458904120338,28871,547,0,VideoPacket
1773458904120410,28872,547,0,VideoPacket
1773458904192566,28873,291,0,VideoPacket
1773458904192687,28874,291,0,VideoPacket
1773458904192762,28875,291,0,VideoPacket
1773458904192837,28876,291,0,VideoPacket
1773458904192912,28877,291,0,VideoPacket
1773458904197586,16817,293,0,Retransmission:27681
1773458904197696,16818,293,0,Retransmission:27685
1773458904197782,16819,293,0,Retransmission:27703
1773458904197867,16820,293,0,Retransmission:27704
1773458904197956,16821,293,0,Retransmission:27708
1773458904278494,16822,805,0,Retransmission:28010
1773458904303258,28878,291,0,VideoPacket
1773458904303370,28879,291,0,VideoPacket
1773458904303446,28880,291,0,VideoPacket
1773458904303516,28881,291,0,VideoPacket
1773458904303589,28882,291,0,VideoPacket
1773458904303672,28883,291,0,VideoPacket
1773458904303744,28884,291,0,VideoPacket
1773458904391227,28885,547,0,VideoPacket
1773458904391339,28886,547,0,VideoPacket
1773458904391409,28887,547,0,VideoPacket
1773458904457715,28888,547,0,VideoPacket
1773458904457814,28889,547,0,VideoPacket
1773458904457889,28890,547,0,VideoPacket
1773458904457973,28891,547,0,VideoPacket
1773458904458048,28892,547,0,VideoPacket
1773458904505451,16823,293,0,Retransmission:28022
1773458904542947,28893,803,0,VideoPacket
1773458904543055,28894,803,0,VideoPacket
1773458904543133,28895,803,0,VideoPacket
1773458904682734,28896,291,0,VideoPacket
1773458904682847,28897,291,0,VideoPacket
1773458904682915,28898,291,0,VideoPacket
1773458904682978,28899,291,0,VideoPacket
1773458904683040,28900,291,0,VideoPacket
1773458904683102,28901,291,0,VideoPacket
1773458904683166,28902,291,0,VideoPacket
1773458904683233,28903,291,0,VideoPacket
1773458904683309,28904,291,0,VideoPacket
1773458904683379,28905,291,0,VideoPacket
1773458904683456,28906,291,0,VideoPacket
1773458904759852,28907,547,0,VideoPacket
1773458904759948,28908,547,0,VideoPacket
1773458904760021,28909,547,0,VideoPacket
1773458904822108,16824,293,0,Retransmission:28074
1773458904895358,28910,291,0,VideoPacket
1773458904895461,28911,291,0,VideoPacket
1773458904895526,28912,291,0,VideoPacket
1773458904895588,28913,291,0,VideoPacket
1773458904895666,28914,291,0,VideoPacket
1773458904895734,28915,291,0,VideoPacket
1773458904895806,28916,291,0,VideoPacket
1773458904895879,28917,291,0,VideoPacket
1773458904942638,28918,291,0,VideoPacket
1773458904942747,28919,291,0,VideoPacket
1773458904942822,28920,291,0,VideoPacket
1773458904942895,28921,291,0,VideoPacket
1773458904942968,28922,291,0,VideoPacket
1773458904943038,28923,291,0,VideoPacket
1773458904943111,28924,291,0,VideoPacket
1773458904943183,28925,291,0,VideoPacket
1773458904943256,28926,291,0,VideoPacket
1773458904943327,28927,291,0,VideoPacket
1773458904943400,28928,291,0,VideoPacket
1773458904943472,28929,291,0,VideoPacket
1773458905101401,28930,291,0,VideoPacket
1773458905101513,28931,291,0,VideoPacket
1773458905101671,28932,291,0,VideoPacket
1773458905101757,28933,291,0,VideoPacket
1773458905101839,28934,291,0,VideoPacket
1773458905101924,28935,291,0,VideoPacket
1773458905101995,28936,291,0,VideoPacket
1773458905102065,28937,291,0,VideoPacket
1773458905102134,28938,291,0,VideoPacket
1773458905102202,28939,291,0,VideoPacket
1773458905102270,28940,291,0,VideoPacket
1773458905102334,28941,291,0,VideoPacket
1773458905102402,28942,291,0,VideoPacket
1773458905142311,28943,291,0,VideoPacket
1773458905142422,28944,291,0,VideoPacket
1773458905142496,28945,291,0,VideoPacket
1773458905142569,28946,291,0,VideoPacket
1773458905142650,28947,291,0,VideoPacket
1773458905142722,28948,291,0,VideoPacket
1773458905142793,28949,291,0,VideoPacket
1773458905142864,28950,291,0,VideoPacket
1773458905142940,28951,291,0,VideoPacket
1773458905239769,28952,291,0,VideoPacket
1773458905239872,28953,291,0,VideoPacket
1773458905239945,28954,291,0,VideoPacket
1773458905240017,28955,291,0,VideoPacket
1773458905240108,28956,291,0,VideoPacket
1773458905240181,28957,291,0,VideoPacket
1773458905240253,28958,291,0,VideoPacket
1773458905305569,28959,291,0,VideoPacket
1773458905305731,28960,291,0,VideoPacket
1773458905305804,28961,291,0,VideoPacket
1773458905305874,28962,291,0,VideoPacket
1773458905305950,28963,291,0,VideoPacket
1773458905306023,28964,291,0,VideoPacket
1773458905306096,28965,291,0,VideoPacket
1773458905404290,28966,291,0,VideoPacket
1773458905404395,28967,291,0,VideoPacket
1773458905404469,28968,291,0,VideoPacket
1773458905404541,28969,291,0,VideoPacket
1773458905404623,28970,291,0,VideoPacket
1773458905404696,28971,291,0,VideoPacket
1773458905404769,28972,291,0,VideoPacket
1773458905496117,28973,291,0,VideoPacket
1773458905496222,28974,291,0,VideoPacket
1773458905496302,28975,291,0,VideoPacket
1773458905496375,28976,291,0,VideoPacket
1773458905496449,28977,291,0,VideoPacket
1773458905496520,28978,291,0,VideoPacket
1773458905496592,28979,291,0,VideoPacket
1773458905544940,16825,293,0,Retransmission:28085
1773458905564128,28980,291,0,VideoPacket
1773458905564226,28981,291,0,VideoPacket
1773458905564301,28982,291,0,VideoPacket
1773458905564373,28983,291,0,VideoPacket
1773458905564447,28984,291,0,VideoPacket
1773458905564520,28985,291,0,VideoPacket
1773458905564603,28986,291,0,VideoPacket
1773458905564690,28987,291,0,VideoPacket
1773458905564764,28988,291,0,VideoPacket
1773458905567016,16826,293,0,Retransmission:28124
1773458905661881,16827,549,0,Retransmission:28132
1773458905661966,16828,549,0,Retransmission:28136
1773458905662036,16829,549,0,Retransmission:28139
1773458905662101,16830,293,0,Retransmission:28147
1773458905662171,28989,291,0,VideoPacket
1773458905662248,28990,291,0,VideoPacket
1773458905662321,28991,291,0,VideoPacket
1773458905662392,28992,291,0,VideoPacket
1773458905662462,28993,291,0,VideoPacket
1773458905662533,28994,291,0,VideoPacket
1773458905662622,28995,291,0,VideoPacket
1773458905710955,16831,293,0,Retransmission:28181
1773458905711166,16832,549,0,Retransmission:28189
1773458905722363,28996,291,0,VideoPacket
1773458905722460,28997,291,0,VideoPacket
1773458905722527,28998,291,0,VideoPacket
1773458905722590,28999,291,0,VideoPacket
1773458905722664,29000,291,0,VideoPacket
1773458905722726,29001,291,0,VideoPacket
1773458905722799,29002,291,0,VideoPacket
1773458905722872,29003,291,0,VideoPacket
1773458905722946,29004,291,0,VideoPacket
1773458905781853,16833,805,0,Retransmission:28202
1773458905781948,16834,805,0,Retransmission:28228
1773458905782017,16835,805,0,Retransmission:28233
1773458905782082,16836,293,0,Retransmission:28248
1773458905782151,16837,293,0,Retransmission:28252
1773458905782218,16838,293,0,Retransmission:28254
1773458905782287,16839,293,0,Retransmission:28290
1773458905782344,16840,293,0,Retransmission:28321
1773458905782401,16841,293,0,Retransmission:28342
1773458905782457,29005,291,0,VideoPacket
1773458905782524,29006,291,0,VideoPacket
1773458905782585,29007,291,0,VideoPacket
1773458905782659,29008,291,0,VideoPacket
1773458905782729,29009,291,0,VideoPacket
1773458905782793,29010,291,0,VideoPacket
1773458905805425,29011,291,0,VideoPacket
1773458905805536,29012,291,0,VideoPacket
1773458905805621,29013,291,0,VideoPacket
1773458905805696,29014,291,0,VideoPacket
1773458905805769,29015,1059,0,VideoPacket
1773458905805841,29016,1059,0,VideoPacket
1773458905805912,29017,803,0,VideoPacket
1773458905805986,29018,803,0,VideoPacket
1773458905871692,16842,293,0,Retransmission:28411
1773458905871790,29019,291,0,VideoPacket
1773458905871870,29020,291,0,VideoPacket
1773458905871941,29021,291,0,VideoPacket
1773458905872014,29022,291,0,VideoPacket
1773458905872100,29023,291,0,VideoPacket
1773458905872178,29024,291,0,VideoPacket
1773458905872249,29025,291,0,VideoPacket
1773458905872320,29026,291,0,VideoPacket
1773458905872391,29027,291,0,VideoPacket
1773458905872461,29028,291,0,VideoPacket
1773458905872532,29029,291,0,VideoPacket
1773458905872612,29030,291,0,VideoPacket
1773458905872684,29031,291,0,VideoPacket
1773458905872756,29032,547,0,VideoPacket
1773458905911274,16843,293,0,Retransmission:28429
1773458905911361,16844,293,0,Retransmission:28438
1773458905911428,16845,293,0,Retransmission:28444
1773458905911495,16846,293,0,Retransmission:28516
1773458905911563,29033,547,0,VideoPacket
1773458905911652,29034,547,0,VideoPacket
1773458905911724,29035,547,0,VideoPacket
1773458905911797,29036,547,0,VideoPacket
1773458905911869,29037,291,0,VideoPacket
1773458905911940,29038,291,0,VideoPacket
1773458905912013,29039,291,0,VideoPacket
1773458905912110,29040,291,0,VideoPacket
1773458905980994,16847,293,0,Retransmission:27804
1773458905981092,16848,293,0,Retransmission:27836
1773458905981163,16849,293,0,Retransmission:27840
1773458905981230,16850,293,0,Retransmission:27843
1773458905981304,16851,293,0,Retransmission:27845
1773458905981370,16852,293,0,Retransmission:28538
1773458905981437,29041,291,0,VideoPacket
1773458905981520,29042,291,0,VideoPacket
1773458905981604,29043,291,0,VideoPacket
1773458905981678,29044,291,0,VideoPacket
1773458905981752,29045,291,0,VideoPacket
1773458905981824,29046,291,0,VideoPacket
1773458905981897,29047,291,0,VideoPacket
1773458905981968,29048,291,0,VideoPacket
1773458905982041,29049,291,0,VideoPacket
1773458905982114,29050,291,0,VideoPacket
1773458905982178,29051,291,0,VideoPacket
1773458905982238,29052,291,0,VideoPacket
1773458905982301,29053,291,0,VideoPacket
1773458905982385,29054,291,0,VideoPacket
1773458905982459,29055,291,0,VideoPacket
1773458905982530,29056,291,0,VideoPacket
1773458905982611,29057,291,0,VideoPacket
1773458905982685,29058,291,0,VideoPacket
1773458905982758,29059,291,0,VideoPacket
1773458905982829,29060,291,0,VideoPacket
1773458905982901,29061,291,0,VideoPacket
1773458905982972,29062,291,0,VideoPacket
1773458905983043,29063,291,0,VideoPacket
1773458905983114,29064,291,0,VideoPacket
1773458906037051,16853,293,0,Retransmission:28579
1773458906037136,16854,293,0,Retransmission:28627
1773458906037206,29065,291,0,VideoPacket
1773458906037284,29066,291,0,VideoPacket
1773458906037356,29067,291,0,VideoPacket
1773458906037430,29068,291,0,VideoPacket
1773458906037502,29069,291,0,VideoPacket
1773458906037574,29070,291,0,VideoPacket
1773458906037658,29071,291,0,VideoPacket
1773458906037731,29072,291,0,VideoPacket
1773458906037802,29073,291,0,VideoPacket
1773458906037873,29074,291,0,VideoPacket
1773458906037939,29075,291,0,VideoPacket
1773458906038012,29076,291,0,VideoPacket
1773458906038083,29077,291,0,VideoPacket
1773458906079651,16855,293,0,Retransmission:28630
1773458906079749,29078,803,0,VideoPacket
1773458906079826,29079,803,0,VideoPacket
1773458906079899,29080,803,0,VideoPacket
1773458906079973,29081,803,0,VideoPacket
1773458906080058,29082,803,0,VideoPacket
1773458906080134,29083,803,0,VideoPacket
1773458906134790,16856,293,0,Retransmission:28638
1773458906134882,16857,293,0,Retransmission:28646
1773458906134948,16858,293,0,Retransmission:28677
1773458906135017,29084,291,0,VideoPacket
1773458906135098,29085,291,0,VideoPacket
1773458906135171,29086,291,0,VideoPacket
1773458906135239,29087,291,0,VideoPacket
1773458906135310,29088,291,0,VideoPacket
1773458906135378,29089,291,0,VideoPacket
1773458906135446,29090,291,0,VideoPacket
1773458906135515,29091,291,0,VideoPacket
1773458906135602,29092,291,0,VideoPacket
1773458906135674,29093,291,0,VideoPacket
1773458906135743,29094,291,0,VideoPacket
1773458906135812,29095,291,0,VideoPacket
1773458906167052,16859,293,0,Retransmission:28679
1773458906167136,16860,293,0,Retransmission:28692
1773458906167206,16861,805,0,Retransmission:27849
1773458906167272,16862,805,0,Retransmission:27851
1773458906167339,16863,293,0,Retransmission:27864
1773458906167400,16864,293,0,Retransmission:27891
1773458906167466,16865,293,0,Retransmission:27892
1773458906167536,16866,549,0,Retransmission:27915
1773458906167613,29096,291,0,VideoPacket
1773458906167694,29097,291,0,VideoPacket
1773458906167766,29098,291,0,VideoPacket
1773458906201296,16867,293,0,Retransmission:28697
1773458906201397,16868,293,0,Retransmission:28700
1773458906201515,16869,293,0,Retransmission:28746
1773458906201624,16870,1061,0,Retransmission:28771
1773458906201734,16871,805,0,Retransmission:28783
1773458906201838,16872,293,0,Retransmission:28473
1773458906201943,29099,291,0,VideoPacket
1773458906202026,29100,291,0,VideoPacket
1773458906202098,29101,291,0,VideoPacket
1773458906202170,29102,291,0,VideoPacket
1773458906202241,29103,547,0,VideoPacket
1773458906241472,16873,293,0,Retransmission:28899
1773458906241560,16874,549,0,Retransmission:28907
1773458906241644,29104,547,0,VideoPacket
1773458906241724,29105,547,0,VideoPacket
1773458906241797,29106,547,0,VideoPacket
1773458906241871,29107,291,0,VideoPacket
1773458906241944,29108,291,0,VideoPacket
1773458906242018,29109,291,0,VideoPacket
1773458906242090,29110,291,0,VideoPacket
1773458906242163,29111,291,0,VideoPacket
1773458906242236,29112,291,0,VideoPacket
1773458906242310,29113,291,0,VideoPacket
1773458906314517,16875,293,0,Retransmission:28950
1773458906314622,29114,291,0,VideoPacket
1773458906314709,29115,547,1,VideoPacket
1773458906314782,29116,547,1,VideoPacket
1773458906314855,29117,547,1,VideoPacket
1773458906314928,29118,547,1,VideoPacket
1773458906315001,29119,547,1,VideoPacket
1773458906315076,29120,547,1,VideoPacket
1773458906315151,29121,547,1,VideoPacket
1773458906334828,29122,547,1,VideoPacket
1773458906334914,29123,547,1,VideoPacket
1773458906334987,29124,547,1,VideoPacket
1773458906335059,29125,547,1,VideoPacket
1773458906335138,29126,547,1,VideoPacket
1773458906335211,29127,547,1,VideoPacket
1773458906335282,29128,547,1,VideoPacket
1773458906335352,29129,547,1,VideoPacket
1773458906335424,29130,547,1,VideoPacket
1773458906364495,16876,293,0,Retransmission:28974
1773458906364615,16877,293,0,Retransmission:28985
1773458906364686,16878,293,0,Retransmission:28996
1773458906364752,16879,293,0,Retransmission:29010
1773458906364818,29131,547,1,VideoPacket
1773458906364895,29132,547,1,VideoPacket
1773458906364968,29133,547,1,VideoPacket
1773458906365040,29134,547,1,VideoPacket
1773458906365111,29135,547,1,VideoPacket
1773458906365183,29136,547,1,VideoPacket
1773458906424859,16880,293,0,Retransmission:29042
1773458906424954,16881,293,0,Retransmission:29067
1773458906425025,16882,293,0,Retransmission:29075
1773458906425091,16883,293,0,Retransmission:29076
1773458906425156,29137,547,1,VideoPacket
1773458906425234,29138,547,1,VideoPacket
1773458906425306,29139,547,1,VideoPacket
1773458906425377,29140,547,1,VideoPacket
1773458906425449,29141,547,1,VideoPacket
1773458906425522,29142,291,0,VideoPacket
1773458906425605,29143,291,0,VideoPacket
1773458906447318,16884,805,0,Retransmission:29080
1773458906447443,16885,805,0,Retransmission:29082
1773458906447515,29144,291,0,VideoPacket
1773458906447604,29145,291,0,VideoPacket
1773458906447671,29146,291,0,VideoPacket
1773458906447736,29147,291,0,VideoPacket
1773458906447800,29148,291,0,VideoPacket
1773458906447861,29149,291,0,VideoPacket
1773458906447923,29150,291,0,VideoPacket
1773458906447985,29151,291,0,VideoPacket
1773458906448062,29152,291,0,VideoPacket
1773458906448131,29153,291,0,VideoPacket
1773458906491115,29154,291,0,VideoPacket
1773458906491235,29155,291,0,VideoPacket
1773458906491312,29156,291,0,VideoPacket
1773458906491375,29157,291,0,VideoPacket
1773458906491440,29158,291,0,VideoPacket
1773458906491516,29159,291,0,VideoPacket
1773458906491589,29160,291,0,VideoPacket
1773458906491672,29161,291,0,VideoPacket
1773458906491748,29162,291,0,VideoPacket
1773458906491818,29163,291,0,VideoPacket
1773458906491891,29164,291,0,VideoPacket
1773458906491963,29165,291,0,VideoPacket
1773458906492049,29166,291,0,VideoPacket
1773458906492129,29167,291,0,VideoPacket
1773458906492202,29168,291,0,VideoPacket
1773458906576408,29169,291,0,VideoPacket
1773458906576516,29170,291,0,VideoPacket
1773458906576591,29171,291,0,VideoPacket
1773458906576674,29172,291,0,VideoPacket
1773458906576746,29173,291,0,VideoPacket
1773458906576814,29174,291,0,VideoPacket
1773458906576885,29175,291,0,VideoPacket
1773458906576948,29176,291,0,VideoPacket
1773458906577015,29177,291,0,VideoPacket
1773458906577086,29178,291,0,VideoPacket
1773458906577156,29179,291,0,VideoPacket
1773458906577226,29180,291,0,VideoPacket
1773458906577300,29181,291,0,VideoPacket
1773458906577371,29182,291,0,VideoPacket
1773458906577440,29183,291,0,VideoPacket
1773458906577512,29184,291,0,VideoPacket
1773458906577580,29185,291,0,VideoPacket
1773458906577662,29186,291,0,VideoPacket
1773458906577730,29187,291,0,VideoPacket
1773458906577801,29188,291,0,VideoPacket
1773458906577869,29189,291,0,VideoPacket
1773458906577939,29190,291,0,VideoPacket
1773458906578009,29191,291,0,VideoPacket
1773458906578080,29192,291,0,VideoPacket
1773458906578153,29193,291,0,VideoPacket
1773458906578222,29194,291,0,VideoPacket
1773458906578292,29195,291,0,VideoPacket
1773458906578359,29196,291,0,VideoPacket
1773458906578430,29197,291,0,VideoPacket
1773458906578501,29198,291,0,VideoPacket
1773458906622852,29199,291,0,VideoPacket
1773458906622955,29200,291,0,VideoPacket
1773458906623031,29201,291,0,VideoPacket
1773458906623103,29202,291,0,VideoPacket
1773458906623175,29203,291,0,VideoPacket
1773458906623246,29204,291,0,VideoPacket
1773458906623318,29205,291,0,VideoPacket
1773458906623389,29206,291,0,VideoPacket
1773458906623461,29207,291,0,VideoPacket
1773458906623532,29208,291,0,VideoPacket
1773458906623613,29209,291,0,VideoPacket
1773458906623685,29210,291,0,VideoPacket
1773458906623756,29211,291,0,VideoPacket
1773458906623827,29212,291,0,VideoPacket
1773458906623897,29213,291,0,VideoPacket
1773458906789814,29214,291,0,VideoPacket
1773458906789926,29215,291,0,VideoPacket
1773458906790019,29216,291,0,VideoPacket
1773458906790093,29217,291,0,VideoPacket
1773458906790165,29218,291,0,VideoPacket
1773458906790236,29219,291,0,VideoPacket
1773458906790307,29220,291,0,VideoPacket
1773458906790383,29221,291,0,VideoPacket
1773458906790457,29222,291,0,VideoPacket
1773458906790528,29223,291,0,VideoPacket
1773458906790610,29224,803,0,VideoPacket
1773458906790683,29225,803,0,VideoPacket
1773458906790755,29226,803,0,VideoPacket
1773458906790823,29227,803,0,VideoPacket
1773458906790895,29228,803,0,VideoPacket
1773458906790967,29229,803,0,VideoPacket
1773458906791039,29230,803,0,VideoPacket
1773458906791110,29231,803,0,VideoPacket
1773458906791181,29232,547,0,VideoPacket
1773458906791253,29233,547,0,VideoPacket
1773458906791323,29234,547,0,VideoPacket
1773458906791395,29235,291,0,VideoPacket
1773458906791466,29236,291,0,VideoPacket
1773458906791538,29237,291,0,VideoPacket
1773458906791617,29238,291,0,VideoPacket
1773458906791690,29239,291,0,VideoPacket
1773458906791761,29240,547,0,VideoPacket
1773458906791832,29241,547,0,VideoPacket
1773458906791903,29242,547,0,VideoPacket
1773458906791974,29243,547,0,VideoPacket
1773458906792055,29244,547,0,VideoPacket
1773458906792133,29245,547,0,VideoPacket
1773458906792206,29246,547,0,VideoPacket
1773458906792278,29247,547,0,VideoPacket
1773458906792350,29248,547,0,VideoPacket
1773458906792423,29249,547,0,VideoPacket
1773458906792495,29250,547,0,VideoPacket
1773458906792567,29251,1059,0,VideoPacket
1773458906838036,29252,1059,0,VideoPacket
1773458906838142,29253,547,0,VideoPacket
1773458906838233,29254,547,0,VideoPacket
1773458906838297,29255,547,0,VideoPacket
1773458906838359,29256,547,0,VideoPacket
1773458906838420,29257,547,0,VideoPacket
1773458906838481,29258,547,0,VideoPacket
1773458906838543,29259,291,0,VideoPacket
1773458906879172,29260,291,0,VideoPacket
1773458906879297,29261,291,0,VideoPacket
1773458906879357,29262,291,0,VideoPacket
1773458906879422,29263,291,0,VideoPacket
1773458906879493,29264,291,1,VideoPacket
1773458906879563,29265,291,1,VideoPacket
1773458906879646,29266,291,1,VideoPacket
1773458906879719,29267,291,1,VideoPacket
1773458906879792,29268,291,1,VideoPacket
1773458906879862,29269,291,1,VideoPacket
1773458906879932,29270,291,1,VideoPacket
1773458906880003,29271,291,1,VideoPacket
1773458906880088,29272,291,1,VideoPacket
1773458906880161,29273,291,1,VideoPacket
1773458906880230,29274,291,1,VideoPacket
1773458906922367,16886,549,0,Retransmission:29122
1773458906922463,29275,291,1,VideoPacket
1773458906922547,29276,291,1,VideoPacket
1773458906922633,29277,291,1,VideoPacket
1773458906922708,29278,291,1,VideoPacket
1773458906922780,29279,291,1,VideoPacket
1773458906922854,29280,291,1,VideoPacket
1773458906922924,29281,291,1,VideoPacket
1773458906922996,29282,291,1,VideoPacket
1773458906923069,29283,291,1,VideoPacket
1773458906923137,29284,291,1,VideoPacket
1773458906923213,29285,291,1,VideoPacket
1773458906923286,29286,291,1,VideoPacket
1773458906923359,29287,291,1,VideoPacket
1773458906963050,29288,291,1,VideoPacket
1773458906963162,29289,291,1,VideoPacket
1773458906963237,29290,291,1,VideoPacket
1773458906963308,29291,291,1,VideoPacket
1773458906963381,29292,291,1,VideoPacket
1773458906963453,29293,291,1,VideoPacket
1773458906963525,29294,291,1,VideoPacket
1773458906963610,29295,291,1,VideoPacket
1773458906963684,29296,291,1,VideoPacket
1773458906963755,29297,291,1,VideoPacket
1773458906963827,29298,291,1,VideoPacket
1773458906963899,29299,291,1,VideoPacket
1773458906963969,29300,291,1,VideoPacket
1773458906964053,29301,291,1,VideoPacket
1773458906964129,29302,291,1,VideoPacket
1773458907005480,29303,291,1,VideoPacket
1773458907005614,29304,291,1,VideoPacket
1773458907005695,29305,547,0,VideoPacket
1773458907005769,29306,547,0,VideoPacket
1773458907005842,29307,547,0,VideoPacket
1773458907005915,29308,547,0,VideoPacket
1773458907005988,29309,547,0,VideoPacket
1773458907006059,29310,547,0,VideoPacket
1773458907006132,29311,547,0,VideoPacket
1773458907047103,29312,547,0,VideoPacket
1773458907047242,29313,547,0,VideoPacket
1773458907047322,29314,291,0,VideoPacket
1773458907047386,29315,291,0,VideoPacket
1773458907047459,29316,291,0,VideoPacket
1773458907047535,29317,291,0,VideoPacket
1773458907047624,29318,291,0,VideoPacket
1773458907047698,29319,291,0,VideoPacket
1773458907047772,29320,291,0,VideoPacket
1773458907047844,29321,1315,0,VideoPacket
1773458907087852,16887,293,0,Retransmission:29153
1773458907087957,16888,293,0,Retransmission:29185
1773458907088029,29322,1315,0,VideoPacket
1773458907088134,29323,1315,0,VideoPacket
1773458907088209,29324,1315,0,VideoPacket
1773458907088285,29325,1315,0,VideoPacket
1773458907137638,16889,293,0,Retransmission:29219
1773458907137777,16890,805,0,Retransmission:29228
1773458907137841,29326,291,0,VideoPacket
1773458907137920,29327,291,0,VideoPacket
1773458907137992,29328,291,0,VideoPacket
1773458907138063,29329,291,0,VideoPacket
1773458907138135,29330,291,0,VideoPacket
1773458907138202,29331,291,0,VideoPacket
1773458907138270,29332,291,0,VideoPacket
1773458907138336,29333,291,0,VideoPacket
1773458907138404,29334,291,0,VideoPacket
1773458907138470,29335,291,0,VideoPacket
1773458907138537,29336,291,0,VideoPacket
1773458907179455,29337,291,0,VideoPacket
1773458907179570,29338,291,0,VideoPacket
1773458907179669,29339,291,0,VideoPacket
1773458907179752,29340,291,0,VideoPacket
1773458907179834,29341,291,0,VideoPacket
1773458907179904,29342,291,0,VideoPacket
1773458907179973,29343,291,0,VideoPacket
1773458907180094,29344,291,0,VideoPacket
1773458907180178,29345,291,0,VideoPacket
1773458907180246,29346,291,0,VideoPacket
1773458907180315,29347,291,0,VideoPacket
1773458907180392,29348,291,0,VideoPacket
1773458907180474,29349,803,0,VideoPacket
1773458907221146,29350,803,0,VideoPacket
1773458907221273,29351,803,0,VideoPacket
1773458907221357,29352,547,0,VideoPacket
1773458907221438,29353,547,0,VideoPacket
1773458907221523,29354,547,0,VideoPacket
1773458907221611,29355,547,0,VideoPacket
1773458907221679,29356,547,0,VideoPacket
1773458907221747,29357,291,0,VideoPacket
1773458907264883,29358,291,0,VideoPacket
1773458907264985,29359,291,0,VideoPacket
1773458907265070,29360,291,0,VideoPacket
1773458907265152,29361,291,0,VideoPacket
1773458907265236,29362,291,0,VideoPacket
1773458907265308,29363,291,0,VideoPacket
1773458907265387,29364,291,0,VideoPacket
1773458907265472,29365,291,0,VideoPacket
1773458907265555,29366,291,0,VideoPacket
1773458907265649,29367,291,0,VideoPacket
1773458907265731,29368,291,0,VideoPacket
1773458907265813,29369,291,0,VideoPacket
1773458907265883,29370,291,0,VideoPacket
1773458907265951,29371,291,0,VideoPacket
1773458907266031,29372,291,0,VideoPacket
1773458907304205,16891,293,0,Retransmission:29278
1773458907304300,16892,293,0,Retransmission:29291
1773458907304375,29373,291,0,VideoPacket
1773458907304456,29374,291,0,VideoPacket
1773458907304538,29375,291,0,VideoPacket
1773458907304617,29376,291,0,VideoPacket
1773458907304702,29377,291,0,VideoPacket
1773458907304781,29378,291,0,VideoPacket
1773458907304865,29379,291,0,VideoPacket
1773458907304945,29380,291,0,VideoPacket
1773458907305028,29381,291,0,VideoPacket
1773458907305108,29382,291,0,VideoPacket
1773458907305188,29383,291,0,VideoPacket
1773458907305256,29384,291,0,VideoPacket
1773458907305323,29385,291,0,VideoPacket
1773458907370664,29386,291,0,VideoPacket
1773458907370768,29387,291,0,VideoPacket
1773458907370848,29388,291,0,VideoPacket
1773458907370913,29389,291,0,VideoPacket
1773458907370972,29390,291,0,VideoPacket
1773458907371032,29391,291,0,VideoPacket
1773458907371098,29392,291,0,VideoPacket
1773458907371167,29393,291,0,VideoPacket
1773458907371234,29394,291,0,VideoPacket
1773458907371299,29395,291,0,VideoPacket
1773458907371365,29396,547,0,VideoPacket
1773458907371432,29397,547,0,VideoPacket
1773458907371498,29398,547,0,VideoPacket
1773458907387964,29399,291,0,VideoPacket
1773458907388079,29400,291,0,VideoPacket
1773458907388150,29401,291,0,VideoPacket
1773458907388217,29402,291,0,VideoPacket
1773458907388283,29403,291,0,VideoPacket
1773458907388350,29404,291,0,VideoPacket
1773458907388428,29405,291,0,VideoPacket
1773458907388493,29406,291,0,VideoPacket
1773458907388555,29407,291,0,VideoPacket
1773458907388625,29408,291,0,VideoPacket
1773458907388693,29409,291,0,VideoPacket
1773458907388760,29410,291,0,VideoPacket
1773458907388828,29411,291,0,VideoPacket
1773458907388895,29412,291,0,VideoPacket
1773458907388956,29413,291,0,VideoPacket
1773458907432228,16893,293,0,Retransmission:29338
1773458907432321,29414,291,0,VideoPacket
1773458907432411,29415,547,0,VideoPacket
1773458907432495,29416,547,0,VideoPacket
1773458907432567,29417,547,0,VideoPacket
1773458907432647,29418,291,0,VideoPacket
1773458907432715,29419,291,0,VideoPacket
1773458907432782,29420,291,0,VideoPacket
1773458907432848,29421,291,0,VideoPacket
1773458907432914,29422,291,0,VideoPacket
1773458907432980,29423,291,0,VideoPacket
1773458907433048,29424,291,0,VideoPacket
1773458907461485,16894,549,0,Retransmission:29355
1773458907492518,16895,293,0,Retransmission:29362
1773458907492612,16896,293,0,Retransmission:29383
1773458907492668,29425,291,0,VideoPacket
1773458907492740,29426,291,0,VideoPacket
1773458907492801,29427,291,0,VideoPacket
1773458907492861,29428,291,0,VideoPacket
1773458907492921,29429,291,0,VideoPacket
1773458907492980,29430,291,0,VideoPacket
1773458907493041,29431,291,0,VideoPacket
1773458907493108,29432,291,0,VideoPacket
1773458907493168,29433,291,0,VideoPacket
1773458907493233,29434,291,0,VideoPacket
1773458907493298,29435,291,0,VideoPacket
1773458907493366,29436,291,0,VideoPacket
1773458907493434,29437,291,0,VideoPacket
1773458907518575,29438,291,0,VideoPacket
1773458907518699,29439,547,0,VideoPacket
1773458907518765,29440,547,0,VideoPacket
1773458907518824,29441,547,0,VideoPacket
1773458907518891,29442,291,0,VideoPacket
1773458907518958,29443,291,0,VideoPacket
1773458907519027,29444,291,0,VideoPacket
1773458907519093,29445,291,0,VideoPacket
1773458907519159,29446,291,0,VideoPacket
1773458907519228,29447,291,0,VideoPacket
1773458907519294,29448,291,0,VideoPacket
1773458907519360,29449,291,0,VideoPacket
1773458907558679,16897,293,0,Retransmission:29406
1773458907558773,29450,291,0,VideoPacket
1773458907558839,29451,803,0,VideoPacket
1773458907558904,29452,803,0,VideoPacket
1773458907558965,29453,547,0,VideoPacket
1773458907559032,29454,547,0,VideoPacket
1773458907559105,29455,547,0,VideoPacket
1773458907559171,29456,547,0,VideoPacket
1773458907559239,29457,547,0,VideoPacket
1773458907602281,29458,547,0,VideoPacket
1773458907602410,29459,291,0,VideoPacket
1773458907602496,29460,291,0,VideoPacket
1773458907602566,29461,291,0,VideoPacket
1773458907602647,29462,291,0,VideoPacket
1773458907602726,29463,291,0,VideoPacket
1773458907602808,29464,291,0,VideoPacket
1773458907602880,29465,291,0,VideoPacket
1773458907602958,29466,291,0,VideoPacket
1773458907603041,29467,291,0,VideoPacket
1773458907603111,29468,291,0,VideoPacket
1773458907603177,29469,291,0,VideoPacket
1773458907603245,29470,291,0,VideoPacket
1773458907603305,29471,291,0,VideoPacket
1773458907644847,29472,291,0,VideoPacket
1773458907644978,29473,291,0,VideoPacket
1773458907645064,29474,291,0,VideoPacket
1773458907645134,29475,291,0,VideoPacket
1773458907645213,29476,291,0,VideoPacket
1773458907645296,29477,291,0,VideoPacket
1773458907645367,29478,291,0,VideoPacket
1773458907645447,29479,291,0,VideoPacket
1773458907645530,29480,291,0,VideoPacket
1773458907645610,29481,291,0,VideoPacket
1773458907645691,29482,291,0,VideoPacket
1773458907645773,29483,291,0,VideoPacket
1773458907645844,29484,291,0,VideoPacket
1773458907649882,16898,293,0,Retransmission:29419
1773458907649979,16899,293,0,Retransmission:29426
1773458907653158,29485,291,0,VideoPacket
1773458907653248,29486,291,0,VideoPacket
1773458907653318,29487,291,0,VideoPacket
1773458907727371,16900,293,0,Retransmission:29434
1773458907727459,29488,291,0,VideoPacket
1773458907727534,29489,291,0,VideoPacket
1773458907727623,29490,291,0,VideoPacket
1773458907727705,29491,291,0,VideoPacket
1773458907727786,29492,291,0,VideoPacket
1773458907728310,29493,291,0,VideoPacket
1773458907728397,29494,291,0,VideoPacket
1773458907728487,29495,291,0,VideoPacket
1773458907728580,29496,291,0,VideoPacket
1773458907728658,29497,291,0,VideoPacket
1773458907728724,29498,291,0,VideoPacket
1773458907728793,29499,291,0,VideoPacket
1773458907729557,16901,805,0,Retransmission:29451
1773458907736639,29500,291,0,VideoPacket
1773458907736726,29501,291,0,VideoPacket
1773458907736795,29502,291,0,VideoPacket
1773458907736861,29503,291,0,VideoPacket
1773458907736929,29504,291,0,VideoPacket
1773458907736996,29505,291,0,VideoPacket
1773458907737063,29506,291,0,VideoPacket
1773458907737130,29507,291,0,VideoPacket
1773458907776677,16902,293,0,Retransmission:29474
1773458907780450,29508,291,0,VideoPacket
1773458907780537,29509,291,0,VideoPacket
1773458907780622,29510,291,0,VideoPacket
1773458907780690,29511,291,0,VideoPacket
1773458907780769,29512,291,0,VideoPacket
1773458907780854,29513,291,0,VideoPacket
1773458907780923,29514,291,0,VideoPacket
1773458907780992,29515,291,0,VideoPacket
1773458907820321,29516,291,0,VideoPacket
1773458907820437,29517,291,0,VideoPacket
1773458907820508,29518,291,0,VideoPacket
1773458907820575,29519,291,0,VideoPacket
1773458907820655,29520,291,0,VideoPacket
1773458907820721,29521,291,0,VideoPacket
1773458907820789,29522,291,0,VideoPacket
1773458907861733,29523,803,0,VideoPacket
1773458907861827,29524,803,0,VideoPacket
1773458907861897,29525,803,0,VideoPacket
1773458907903759,29526,291,0,VideoPacket
1773458907903866,29527,291,0,VideoPacket
1773458907903945,29528,291,0,VideoPacket
1773458907904025,29529,291,0,VideoPacket
1773458907904120,29530,291,0,VideoPacket
1773458907904203,29531,291,0,VideoPacket
1773458907904284,29532,291,0,VideoPacket
1773458907904362,29533,291,0,VideoPacket
1773458907904442,29534,291,0,VideoPacket
1773458907904522,29535,291,0,VideoPacket
1773458907904607,29536,291,0,VideoPacket
1773458907945308,29537,291,0,VideoPacket
1773458907945407,29538,291,0,VideoPacket
1773458907945487,29539,291,0,VideoPacket
1773458907945567,29540,291,0,VideoPacket
1773458907945650,29541,291,0,VideoPacket
1773458907945728,29542,291,0,VideoPacket
1773458907945813,29543,291,0,VideoPacket
1773458907945881,29544,291,0,VideoPacket
1773458907945949,29545,291,0,VideoPacket
1773458907946014,29546,291,0,VideoPacket
1773458907986903,29547,291,0,VideoPacket
1773458907987007,29548,291,0,VideoPacket
1773458907987069,29549,291,0,VideoPacket
1773458907987128,29550,291,0,VideoPacket
1773458907987189,29551,291,0,VideoPacket
1773458907987247,29552,291,0,VideoPacket
1773458907987306,29553,291,0,VideoPacket
1773458907987366,29554,291,0,VideoPacket
1773458908028832,29555,291,0,VideoPacket
1773458908028948,29556,291,0,VideoPacket
1773458908029032,29557,291,0,VideoPacket
1773458908029101,29558,291,0,VideoPacket
1773458908029169,29559,291,0,VideoPacket
1773458908029235,29560,291,0,VideoPacket
1773458908029312,29561,291,0,VideoPacket
1773458908029392,29562,291,0,VideoPacket
1773458908029473,29563,291,0,VideoPacket
1773458908029553,29564,291,0,VideoPacket
1773458908029637,29565,291,0,VideoPacket
1773458908046814,16903,293,0,Retransmission:29529
1773458908070521,29566,291,0,VideoPacket
1773458908070637,29567,291,0,VideoPacket
1773458908070763,29568,291,0,VideoPacket
1773458908070886,29569,291,0,VideoPacket
1773458908070991,29570,291,0,VideoPacket
1773458908071114,29571,291,0,VideoPacket
1773458908071218,29572,291,0,VideoPacket
1773458908071308,29573,291,0,VideoPacket
1773458908071391,29574,291,0,VideoPacket
1773458908071473,29575,291,0,VideoPacket
1773458908071541,29576,291,0,VideoPacket
1773458908087007,16904,293,0,Retransmission:29537
1773458908115185,29577,803,0,VideoPacket
1773458908115277,29578,803,0,VideoPacket
1773458908115348,29579,803,0,VideoPacket
1773458908115425,29580,803,0,VideoPacket
1773458908144847,16905,293,0,Retransmission:29320
1773458908144950,16906,293,0,Retransmission:29406
1773458908145031,16907,293,0,Retransmission:29426
1773458908153764,29581,291,0,VideoPacket
1773458908153859,29582,291,0,VideoPacket
1773458908153927,29583,291,0,VideoPacket
1773458908153995,29584,291,0,VideoPacket
1773458908154062,29585,291,0,VideoPacket
1773458908154140,29586,291,0,VideoPacket
1773458908154207,29587,291,0,VideoPacket
1773458908154273,29588,291,0,VideoPacket
1773458908154341,29589,291,0,VideoPacket
1773458908202018,29590,291,0,VideoPacket
1773458908202122,29591,291,0,VideoPacket
1773458908202190,29592,291,0,VideoPacket
1773458908202265,29593,291,0,VideoPacket
1773458908202333,29594,291,0,VideoPacket
1773458908202401,29595,291,0,VideoPacket
1773458908202469,29596,291,0,VideoPacket
1773458908202534,29597,291,0,VideoPacket
1773458908202618,29598,291,0,VideoPacket
1773458908238433,29599,291,0,VideoPacket
1773458908238535,29600,291,0,VideoPacket
1773458908238616,29601,291,0,VideoPacket
1773458908238679,29602,291,0,VideoPacket
1773458908238746,29603,291,0,VideoPacket
1773458908238849,29604,291,0,VideoPacket
1773458908238956,29605,291,0,VideoPacket
1773458908239029,29606,291,0,VideoPacket
1773458908239096,29607,291,0,VideoPacket
1773458908239155,29608,291,0,VideoPacket
1773458908239222,29609,291,0,VideoPacket
1773458908239285,29610,291,0,VideoPacket
1773458908292940,29611,291,0,VideoPacket
1773458908293037,29612,291,0,VideoPacket
1773458908293107,29613,291,0,VideoPacket
1773458908293176,29614,291,0,VideoPacket
1773458908293244,29615,291,0,VideoPacket
1773458908293312,29616,291,0,VideoPacket
1773458908293378,29617,291,0,VideoPacket
1773458908293446,29618,291,0,VideoPacket
1773458908293512,29619,291,0,VideoPacket
1773458908293579,29620,291,0,VideoPacket
1773458908293690,29621,291,0,VideoPacket
1773458908294256,16908,293,0,Retransmission:29583
1773458908355793,29622,291,0,VideoPacket
1773458908355903,29623,291,0,VideoPacket
1773458908355977,29624,291,0,VideoPacket
1773458908356037,29625,291,0,VideoPacket
1773458908356139,29626,291,0,VideoPacket
1773458908356206,29627,291,0,VideoPacket
1773458908356270,29628,291,0,VideoPacket
1773458908356331,29629,291,0,VideoPacket
1773458908356390,29630,291,0,VideoPacket
1773458908356449,29631,291,0,VideoPacket
1773458908356519,29632,291,0,VideoPacket
1773458908397052,29633,291,0,VideoPacket
1773458908397158,29634,291,0,VideoPacket
1773458908397227,29635,291,0,VideoPacket
1773458908397294,29636,291,0,VideoPacket
1773458908397362,29637,291,0,VideoPacket
1773458908397428,29638,291,0,VideoPacket
1773458908397494,29639,291,0,VideoPacket
1773458908397562,29640,291,0,VideoPacket
1773458908397644,29641,291,0,VideoPacket
1773458908397711,29642,291,0,VideoPacket
1773458908397773,29643,291,0,VideoPacket
1773458908413402,16909,293,0,Retransmission:29598
1773458908413549,29644,547,0,VideoPacket
1773458908413643,29645,547,0,VideoPacket
1773458908413711,29646,547,0,VideoPacket
1773458908413782,29647,547,0,VideoPacket
1773458908413867,29648,547,0,VideoPacket
1773458908439800,16910,293,0,Retransmission:29607
1773458908439905,16911,293,0,Retransmission:29612
1773458908439983,16912,293,0,Retransmission:29616
1773458908451834,29649,291,0,VideoPacket
1773458908451930,29650,291,0,VideoPacket
1773458908452000,29651,291,0,VideoPacket
1773458908452083,29652,291,0,VideoPacket
1773458908452157,29653,291,0,VideoPacket
1773458908452228,29654,291,0,VideoPacket
1773458908452300,29655,291,0,VideoPacket
1773458908452372,29656,291,0,VideoPacket
1773458908452445,29657,291,0,VideoPacket
1773458908452516,29658,291,0,VideoPacket
1773458908452590,29659,291,0,VideoPacket
1773458908487470,29660,1059,0,VideoPacket
1773458908487570,29661,1059,0,VideoPacket
1773458908487652,29662,1059,0,VideoPacket
1773458908502412,16913,293,0,Retransmission:29623
1773458908529052,29663,803,0,VideoPacket
1773458908529162,29664,803,0,VideoPacket
1773458908529238,29665,803,0,VideoPacket
1773458908583346,29666,291,0,VideoPacket
1773458908583441,29667,291,0,VideoPacket
1773458908583513,29668,291,0,VideoPacket
1773458908583578,29669,291,0,VideoPacket
1773458908583656,29670,291,0,VideoPacket
1773458908583727,29671,291,0,VideoPacket
1773458908583790,29672,291,0,VideoPacket
1773458908583855,29673,291,0,VideoPacket
1773458908583920,29674,291,0,VideoPacket
1773458908583988,29675,291,0,VideoPacket
1773458908584062,29676,291,0,VideoPacket
1773458908595456,16914,293,0,Retransmission:29650
1773458908621690,29677,291,0,VideoPacket
1773458908621802,29678,291,0,VideoPacket
1773458908621874,29679,291,0,VideoPacket
1773458908621945,29680,291,0,VideoPacket
1773458908622016,29681,291,0,VideoPacket
1773458908622087,29682,291,0,VideoPacket
1773458908622158,29683,291,0,VideoPacket
1773458908622231,29684,291,0,VideoPacket
1773458908622301,29685,291,0,VideoPacket
1773458908622373,29686,291,0,VideoPacket
1773458908622443,29687,291,0,VideoPacket
1773458908622561,16915,293,0,Retransmission:29658
1773458908622663,16916,293,0,Retransmission:29659
1773458908655437,29688,291,0,VideoPacket
1773458908655535,29689,291,0,VideoPacket
1773458908655622,29690,291,0,VideoPacket
1773458908655693,29691,291,0,VideoPacket
1773458908655763,29692,291,0,VideoPacket
1773458908655831,29693,291,0,VideoPacket
1773458908655900,29694,291,0,VideoPacket
1773458908655969,29695,291,0,VideoPacket
1773458908656124,29696,291,0,VideoPacket
1773458908656204,29697,291,0,VideoPacket
1773458908696012,29698,1059,0,VideoPacket
1773458908696117,29699,1059,0,VideoPacket
1773458908696182,29700,1059,0,VideoPacket
1773458908723300,16917,805,0,Retransmission:29665
1773458908757048,29701,291,0,VideoPacket
1773458908757151,29702,291,0,VideoPacket
1773458908757226,29703,291,0,VideoPacket
1773458908757298,29704,291,0,VideoPacket
1773458908757370,29705,291,0,VideoPacket
1773458908757444,29706,291,0,VideoPacket
1773458908757515,29707,291,0,VideoPacket
1773458908757589,29708,291,0,VideoPacket
1773458908757674,29709,291,0,VideoPacket
1773458908757746,29710,291,0,VideoPacket
1773458908757818,29711,291,0,VideoPacket
1773458908785077,29712,1059,0,VideoPacket
1773458908785174,29713,1059,0,VideoPacket
1773458908785246,29714,1059,0,VideoPacket
1773458908842531,29715,547,0,VideoPacket
1773458908842640,29716,547,0,VideoPacket
1773458908842715,29717,547,0,VideoPacket
1773458908842786,29718,547,0,VideoPacket
1773458908842859,29719,547,0,VideoPacket
1773458908880314,29720,291,0,VideoPacket
1773458908880403,29721,291,0,VideoPacket
1773458908880477,29722,291,0,VideoPacket
1773458908880548,29723,291,0,VideoPacket
1773458908880627,29724,291,0,VideoPacket
1773458908880700,29725,291,0,VideoPacket
1773458908880775,29726,291,0,VideoPacket
1773458908880845,29727,291,0,VideoPacket
1773458908880916,29728,291,0,VideoPacket
1773458908927484,29729,291,0,VideoPacket
1773458908927576,29730,291,0,VideoPacket
1773458908927659,29731,291,0,VideoPacket
1773458908927732,29732,291,0,VideoPacket
1773458908927803,29733,291,0,VideoPacket
1773458908927875,29734,291,0,VideoPacket
1773458908927946,29735,291,0,VideoPacket
1773458908928017,29736,291,0,VideoPacket
1773458908928109,29737,291,0,VideoPacket
1773458908946003,29738,291,0,VideoPacket
1773458908946100,29739,291,0,VideoPacket
1773458908946170,29740,291,0,VideoPacket
1773458908946241,29741,291,0,VideoPacket
1773458908946312,29742,291,0,VideoPacket
1773458908946381,29743,291,0,VideoPacket
1773458908946452,29744,291,0,VideoPacket
1773458908946525,29745,291,0,VideoPacket
1773458908988193,29746,291,0,VideoPacket
1773458908988289,29747,291,0,VideoPacket
1773458908988363,29748,291,0,VideoPacket
1773458908988435,29749,291,0,VideoPacket
1773458908988507,29750,291,0,VideoPacket
1773458908988577,29751,291,0,VideoPacket
1773458908988656,29752,291,0,VideoPacket
1773458908988722,29753,291,0,VideoPacket
1773458908988791,29754,291,0,VideoPacket
1773458908988852,29755,291,0,VideoPacket
1773458908988912,29756,291,0,VideoPacket
1773458909073499,29757,291,0,VideoPacket
1773458909073610,29758,291,0,VideoPacket
1773458909073685,29759,291,0,VideoPacket
1773458909073754,29760,291,0,VideoPacket
1773458909073826,29761,291,0,VideoPacket
1773458909073894,29762,291,0,VideoPacket
1773458909073965,29763,291,0,VideoPacket
1773458909074038,29764,291,0,VideoPacket
1773458909074111,29765,291,0,VideoPacket
1773458909074173,29766,291,0,VideoPacket
1773458909074235,29767,291,0,VideoPacket
1773458909101128,29768,803,0,VideoPacket
1773458909101241,29769,803,0,VideoPacket
1773458909101332,29770,803,0,VideoPacket
1773458909101407,29771,803,0,VideoPacket
1773458909153152,29772,291,0,VideoPacket
1773458909153248,29773,291,0,VideoPacket
1773458909153340,29774,291,0,VideoPacket
1773458909153411,29775,291,0,VideoPacket
1773458909153482,29776,291,0,VideoPacket
1773458909153549,29777,291,0,VideoPacket
1773458909153629,29778,291,0,VideoPacket
1773458909153700,29779,291,0,VideoPacket
1773458909153770,29780,291,0,VideoPacket
1773458909153838,29781,291,0,VideoPacket
1773458909153909,29782,291,0,VideoPacket
1773458909153973,29783,291,0,VideoPacket
1773458909154038,29784,291,0,VideoPacket
1773458909187422,29785,547,0,VideoPacket
1773458909187522,29786,547,0,VideoPacket
1773458909187601,29787,547,0,VideoPacket
1773458909187672,29788,547,0,VideoPacket
1773458909187743,29789,547,0,VideoPacket
1773458909187812,29790,547,0,VideoPacket
1773458909187882,29791,547,0,VideoPacket
1773458909253513,29792,291,0,VideoPacket
1773458909253633,29793,291,0,VideoPacket
1773458909253699,29794,291,0,VideoPacket
1773458909253772,29795,291,0,VideoPacket
1773458909253845,29796,291,0,VideoPacket
1773458909253910,29797,291,0,VideoPacket
1773458909253975,29798,291,0,VideoPacket
1773458909254041,29799,291,0,VideoPacket
1773458909254110,29800,291,0,VideoPacket
1773458909254180,29801,291,0,VideoPacket
1773458909254245,29802,291,0,VideoPacket
1773458909254311,29803,291,0,VideoPacket
1773458909254378,29804,291,0,VideoPacket
1773458909254443,29805,291,0,VideoPacket
1773458909254509,29806,291,0,VideoPacket
1773458909362936,29807,291,0,VideoPacket
1773458909363044,29808,291,0,VideoPacket
1773458909363117,29809,291,0,VideoPacket
1773458909363191,29810,291,0,VideoPacket
1773458909363277,29811,291,0,VideoPacket
1773458909363343,29812,291,0,VideoPacket
1773458909363464,29813,291,0,VideoPacket
1773458909363538,29814,291,0,VideoPacket
1773458909363619,29815,291,0,VideoPacket
1773458909363692,29816,291,0,VideoPacket
1773458909363761,29817,291,0,VideoPacket
1773458909363831,29818,291,0,VideoPacket
1773458909363904,29819,291,0,VideoPacket
1773458909363976,29820,291,0,VideoPacket
1773458909364062,29821,291,0,VideoPacket
1773458909364145,29822,291,0,VideoPacket
1773458909364214,29823,291,0,VideoPacket
1773458909364282,29824,291,0,VideoPacket
1773458909402410,29825,291,0,VideoPacket
1773458909402510,29826,291,0,VideoPacket
1773458909402578,29827,291,0,VideoPacket
1773458909402661,29828,291,0,VideoPacket
1773458909402734,29829,291,0,VideoPacket
1773458909402803,29830,291,0,VideoPacket
1773458909402872,29831,291,0,VideoPacket
1773458909402939,29832,291,0,VideoPacket
1773458909403008,29833,291,0,VideoPacket
1773458909403076,29834,291,0,VideoPacket
1773458909403145,29835,291,0,VideoPacket
1773458909403213,29836,291,0,VideoPacket
1773458909403283,29837,291,0,VideoPacket
1773458909460837,29838,291,0,VideoPacket
1773458909460944,29839,291,0,VideoPacket
1773458909461015,29840,291,0,VideoPacket
1773458909461084,29841,291,0,VideoPacket
1773458909461154,29842,291,0,VideoPacket
1773458909461224,29843,291,0,VideoPacket
1773458909461290,29844,291,0,VideoPacket
1773458909461360,29845,291,0,VideoPacket
1773458909461427,29846,291,0,VideoPacket
1773458909461497,29847,291,0,VideoPacket
1773458909461563,29848,291,0,VideoPacket
1773458909461640,29849,291,0,VideoPacket
1773458909461707,29850,291,0,VideoPacket
1773458909461775,29851,291,0,VideoPacket
1773458909461842,29852,291,0,VideoPacket
1773458909703300,29853,291,0,VideoPacket
1773458909703419,29854,291,0,VideoPacket
1773458909703568,16918,805,0,Retransmission:29768
1773458909703701,29855,547,0,VideoPacket
1773458909703781,29856,547,0,VideoPacket
1773458909703852,29857,547,0,VideoPacket
1773458909703919,29858,547,0,VideoPacket
1773458909703987,29859,547,0,VideoPacket
1773458909704296,29860,1059,0,VideoPacket
1773458909704381,29861,1059,0,VideoPacket
1773458909720122,29862,291,0,VideoPacket
1773458909720210,29863,291,0,VideoPacket
1773458909720281,29864,291,0,VideoPacket
1773458909720350,29865,291,0,VideoPacket
1773458909785767,29866,291,0,VideoPacket
1773458909785902,29867,291,0,VideoPacket
1773458909785999,29868,291,0,VideoPacket
1773458909786091,29869,291,0,VideoPacket
1773458909786186,29870,291,0,VideoPacket
1773458909786282,29871,291,0,VideoPacket
1773458909786389,29872,291,0,VideoPacket
1773458909786493,29873,291,0,VideoPacket
1773458909786579,29874,291,0,VideoPacket
1773458909786679,29875,803,0,VideoPacket
1773458909786763,29876,803,0,VideoPacket
1773458909786847,29877,803,0,VideoPacket
1773458909812844,29878,547,0,VideoPacket
1773458909812969,29879,547,0,VideoPacket
1773458909813054,29880,547,0,VideoPacket
1773458909813132,29881,547,0,VideoPacket
1773458909813214,29882,547,0,VideoPacket
1773458909813299,29883,547,0,VideoPacket
1773458909813372,29884,291,0,VideoPacket
1773458909813452,29885,291,0,VideoPacket
1773458909813537,29886,291,0,VideoPacket
1773458909813632,29887,291,0,VideoPacket
1773458909813726,29888,291,0,VideoPacket
1773458909852214,29889,291,0,VideoPacket
1773458909852315,29890,291,0,VideoPacket
1773458909852382,29891,291,0,VideoPacket
1773458909852465,29892,291,0,VideoPacket
1773458909852546,29893,291,0,VideoPacket
1773458909852626,29894,291,0,VideoPacket
1773458909852695,29895,291,0,VideoPacket
1773458909852755,29896,291,0,VideoPacket
1773458909852820,29897,291,0,VideoPacket
1773458909852884,29898,291,0,VideoPacket
1773458909852943,29899,291,0,VideoPacket
1773458909853011,29900,291,0,VideoPacket
1773458909853079,29901,291,0,VideoPacket
1773458909853145,29902,291,0,VideoPacket
1773458909853212,29903,291,0,VideoPacket
1773458909909342,16919,293,0,Retransmission:29818
1773458909909430,16920,293,0,Retransmission:29831
1773458909909493,16921,293,0,Retransmission:29835
1773458909909549,29904,291,0,VideoPacket
1773458909909634,29905,291,0,VideoPacket
1773458909909706,29906,291,0,VideoPacket
1773458909909782,29907,291,0,VideoPacket
1773458909909851,29908,291,0,VideoPacket
1773458909909921,29909,291,0,VideoPacket
1773458909910002,29910,291,0,VideoPacket
1773458909910089,29911,291,0,VideoPacket
1773458909910173,29912,291,0,VideoPacket
1773458909910259,29913,291,0,VideoPacket
1773458909910331,29914,291,0,VideoPacket
1773458909910413,29915,291,0,VideoPacket
1773458909933649,29916,291,0,VideoPacket
1773458909933747,29917,291,0,VideoPacket
1773458909933827,29918,291,0,VideoPacket
1773458909933911,29919,291,0,VideoPacket
1773458909933980,29920,291,0,VideoPacket
1773458909934046,29921,291,0,VideoPacket
1773458909934114,29922,291,0,VideoPacket
1773458909934192,29923,291,0,VideoPacket
1773458909934280,29924,291,0,VideoPacket
1773458909934360,29925,291,0,VideoPacket
1773458909934447,29926,291,0,VideoPacket
1773458909934514,29927,291,0,VideoPacket
1773458909934577,29928,291,0,VideoPacket
1773458909934648,29929,291,0,VideoPacket
1773458909934711,29930,291,0,VideoPacket
1773458909986438,16922,293,0,Retransmission:29866
1773458909986523,16923,549,0,Retransmission:29878
1773458909986590,29931,291,0,VideoPacket
1773458909986676,29932,291,0,VideoPacket
1773458909986759,29933,291,0,VideoPacket
1773458909986847,29934,291,0,VideoPacket
1773458909986918,29935,291,0,VideoPacket
1773458909986999,29936,291,0,VideoPacket
1773458909987084,29937,291,0,VideoPacket
1773458909987166,29938,291,0,VideoPacket
1773458909987254,29939,291,0,VideoPacket
1773458909987336,29940,291,0,VideoPacket
1773458909987421,29941,291,0,VideoPacket
1773458909987505,29942,291,0,VideoPacket
1773458910018722,16924,293,0,Retransmission:29890
1773458910018815,29943,291,0,VideoPacket
1773458910018908,29944,291,0,VideoPacket
1773458910018987,29945,291,0,VideoPacket
1773458910019075,29946,291,0,VideoPacket
1773458910019154,29947,291,0,VideoPacket
1773458910019242,29948,291,0,VideoPacket
1773458910019322,29949,291,0,VideoPacket
1773458910019411,29950,1315,0,VideoPacket
1773458910019482,29951,1315,0,VideoPacket
1773458910056972,29952,1315,0,VideoPacket
1773458910057085,29953,1315,0,VideoPacket
1773458910057197,29954,1315,0,VideoPacket
1773458910057280,29955,1315,0,VideoPacket
1773458910099388,29956,1315,0,VideoPacket
1773458910099534,29957,1315,0,VideoPacket
1773458910099625,29958,803,0,VideoPacket
1773458910099694,29959,803,0,VideoPacket
1773458910099758,29960,803,0,VideoPacket
1773458910141670,29961,291,0,VideoPacket
1773458910141784,29962,291,0,VideoPacket
1773458910141867,29963,291,0,VideoPacket
1773458910141951,29964,291,0,VideoPacket
1773458910142047,29965,291,0,VideoPacket
1773458910142132,29966,291,0,VideoPacket
1773458910142224,29967,291,0,VideoPacket
1773458910142322,29968,803,0,VideoPacket
1773458910142412,29969,803,0,VideoPacket
1773458910142476,29970,803,0,VideoPacket
1773458910142541,29971,803,0,VideoPacket
1773458910187752,16925,293,0,Retransmission:29925
1773458910187846,29972,803,0,VideoPacket
1773458910187938,29973,803,0,VideoPacket
1773458910188024,29974,803,0,VideoPacket
1773458910188126,29975,547,0,VideoPacket
1773458910188214,29976,547,0,VideoPacket
1773458910188301,29977,547,0,VideoPacket
1773458910188385,29978,547,0,VideoPacket
1773458910228620,29979,547,0,VideoPacket
1773458910228741,29980,291,0,VideoPacket
1773458910228829,29981,291,0,VideoPacket
1773458910228915,29982,291,0,VideoPacket
1773458910229002,29983,291,0,VideoPacket
1773458910229087,29984,291,0,VideoPacket
1773458910229174,29985,291,0,VideoPacket
1773458910229262,29986,291,0,VideoPacket
1773458910229350,29987,291,0,VideoPacket
1773458910229433,29988,291,0,VideoPacket
1773458910229519,29989,291,0,VideoPacket
1773458910229617,29990,291,0,VideoPacket
1773458910229705,29991,291,0,VideoPacket
1773458910229791,29992,291,0,VideoPacket
1773458910229877,29993,291,0,VideoPacket
1773458910329620,29994,291,0,VideoPacket
1773458910329733,29995,291,0,VideoPacket
1773458910329840,29996,291,0,VideoPacket
1773458910329920,29997,291,0,VideoPacket
1773458910330006,29998,291,0,VideoPacket
1773458910330091,29999,291,0,VideoPacket
1773458910330176,30000,291,0,VideoPacket
1773458910330265,30001,291,0,VideoPacket
1773458910330351,30002,291,0,VideoPacket
1773458910330435,30003,291,0,VideoPacket
1773458910330522,30004,291,0,VideoPacket
1773458910330618,30005,291,0,VideoPacket
1773458910330705,30006,291,0,VideoPacket
1773458910330790,30007,291,0,VideoPacket
1773458910330876,30008,547,0,VideoPacket
1773458910330959,30009,547,0,VideoPacket
1773458910331028,30010,547,0,VideoPacket
1773458910331090,30011,547,0,VideoPacket
1773458910331185,30012,547,0,VideoPacket
1773458910331269,30013,547,0,VideoPacket
1773458910331357,30014,547,0,VideoPacket
1773458910331442,30015,291,0,VideoPacket
1773458910331529,30016,291,0,VideoPacket
1773458910331625,30017,291,0,VideoPacket
1773458910331713,30018,291,0,VideoPacket
1773458910331802,30019,291,0,VideoPacket
1773458910356207,16926,1317,0,Retransmission:29954
1773458910356307,16927,549,0,Retransmission:29878
1773458910356376,30020,291,0,VideoPacket
1773458910356462,30021,291,0,VideoPacket
1773458910356551,30022,291,0,VideoPacket
1773458910356654,30023,291,0,VideoPacket
1773458910356737,30024,291,0,VideoPacket
1773458910356825,30025,291,0,VideoPacket
1773458910356909,30026,291,0,VideoPacket
1773458910356995,30027,291,0,VideoPacket
1773458910357083,30028,291,0,VideoPacket
1773458910357168,30029,291,0,VideoPacket
1773458910411055,30030,291,0,VideoPacket
1773458910411176,30031,291,0,VideoPacket
1773458910411261,30032,291,0,VideoPacket
1773458910411347,30033,291,0,VideoPacket
1773458910411433,30034,291,0,VideoPacket
1773458910411519,30035,291,0,VideoPacket
1773458910411614,30036,291,0,VideoPacket
1773458910411702,30037,291,0,VideoPacket
1773458910411788,30038,291,0,VideoPacket
1773458910411878,30039,291,0,VideoPacket
1773458910411963,30040,291,0,VideoPacket
1773458910412058,30041,291,0,VideoPacket
1773458910412149,30042,291,0,VideoPacket
1773458910412237,30043,291,0,VideoPacket
1773458910412322,30044,291,0,VideoPacket
1773458910440025,30045,291,0,VideoPacket
1773458910440137,30046,291,0,VideoPacket
1773458910440207,30047,291,0,VideoPacket
1773458910440290,30048,291,0,VideoPacket
1773458910440379,30049,291,0,VideoPacket
1773458910440463,30050,291,0,VideoPacket
1773458910440551,30051,291,0,VideoPacket
1773458910440648,30052,291,0,VideoPacket
1773458910440735,30053,291,0,VideoPacket
1773458910440821,30054,291,0,VideoPacket
1773458910440912,30055,291,0,VideoPacket
1773458910440993,30056,291,0,VideoPacket
1773458910441080,30057,291,0,VideoPacket
1773458910441165,30058,291,0,VideoPacket
1773458910441252,30059,291,0,VideoPacket
1773458910482003,30060,291,0,VideoPacket
1773458910482128,30061,291,0,VideoPacket
1773458910482212,30062,291,0,VideoPacket
1773458910482298,30063,291,0,VideoPacket
1773458910482385,30064,291,0,VideoPacket
1773458910482472,30065,291,0,VideoPacket
1773458910482559,30066,291,0,VideoPacket
1773458910482656,30067,291,0,VideoPacket
1773458910482747,30068,291,0,VideoPacket
1773458910482840,30069,291,0,VideoPacket
1773458910482924,30070,291,0,VideoPacket
1773458910483010,30071,291,0,VideoPacket
1773458910483095,30072,291,0,VideoPacket
1773458910483186,30073,291,0,VideoPacket
1773458910483279,30074,291,0,VideoPacket
1773458910522911,16928,293,0,Retransmission:29997
1773458910523008,16929,293,0,Retransmission:30002
1773458910523068,16930,549,0,Retransmission:30009
1773458910523117,16931,549,0,Retransmission:30013
1773458910523167,30075,291,0,VideoPacket
1773458910523239,30076,291,0,VideoPacket
1773458910523321,30077,291,0,VideoPacket
1773458910523406,30078,291,0,VideoPacket
1773458910523477,30079,291,0,VideoPacket
1773458910523558,30080,291,0,VideoPacket
1773458910523653,30081,291,0,VideoPacket
1773458910523736,30082,291,0,VideoPacket
1773458910523824,30083,291,0,VideoPacket
1773458910523914,30084,291,0,VideoPacket
1773458910562803,30085,1315,0,VideoPacket
1773458910562935,30086,1315,0,VideoPacket
1773458910563017,30087,547,0,VideoPacket
1773458910563106,30088,547,0,VideoPacket
1773458910563197,30089,547,0,VideoPacket
1773458910563286,30090,547,0,VideoPacket
1773458910603494,30091,547,0,VideoPacket
1773458910603586,30092,547,0,VideoPacket
1773458910603680,30093,547,0,VideoPacket
1773458910603757,30094,547,0,VideoPacket
1773458910603842,30095,547,0,VideoPacket
1773458910603935,30096,547,0,VideoPacket
1773458910604019,30097,547,0,VideoPacket
1773458910604117,30098,291,0,VideoPacket
1773458910604203,30099,291,0,VideoPacket
1773458910604285,30100,291,0,VideoPacket
1773458910644799,30101,291,0,VideoPacket
1773458910644909,30102,291,0,VideoPacket
1773458910644994,30103,291,0,VideoPacket
1773458910645082,30104,291,0,VideoPacket
1773458910645169,30105,291,0,VideoPacket
1773458910645255,30106,291,0,VideoPacket
1773458910645341,30107,291,0,VideoPacket
1773458910645427,30108,291,0,VideoPacket
1773458910645513,30109,291,0,VideoPacket
1773458910645609,30110,291,0,VideoPacket
1773458910645699,30111,291,0,VideoPacket
1773458910645784,30112,291,0,VideoPacket
1773458910645870,30113,291,0,VideoPacket
1773458910645954,30114,291,0,VideoPacket
1773458910646039,30115,291,0,VideoPacket
1773458910688636,30116,291,0,VideoPacket
1773458910688724,30117,291,0,VideoPacket
1773458910688813,30118,291,0,VideoPacket
1773458910688896,30119,291,0,VideoPacket
1773458910688982,30120,291,0,VideoPacket
1773458910689066,30121,291,0,VideoPacket
1773458910689150,30122,291,0,VideoPacket
1773458910689236,30123,291,0,VideoPacket
1773458910689320,30124,291,0,VideoPacket
1773458910689408,30125,291,0,VideoPacket
1773458910689492,30126,291,0,VideoPacket
1773458910689584,30127,291,0,VideoPacket
1773458910689680,30128,291,0,VideoPacket
1773458910689770,30129,291,0,VideoPacket
1773458910689854,30130,291,0,VideoPacket
1773458910725334,16932,293,0,Retransmission:30040
1773458910725430,16933,293,0,Retransmission:30048
1773458910725510,16934,293,0,Retransmission:30002
1773458910725583,30131,291,0,VideoPacket
1773458910725700,30132,291,0,VideoPacket
1773458910725784,30133,291,0,VideoPacket
1773458910725858,30134,291,0,VideoPacket
1773458910725951,30135,291,0,VideoPacket
1773458910726041,30136,803,0,VideoPacket
1773458910726112,30137,803,0,VideoPacket
1773458910726181,30138,803,0,VideoPacket
1773458910767123,16935,549,0,Retransmission:30009
1773458910767232,16936,549,0,Retransmission:30013
1773458910767292,30139,803,0,VideoPacket
1773458910767354,30140,803,0,VideoPacket
1773458910767422,30141,291,0,VideoPacket
1773458910767491,30142,291,0,VideoPacket
1773458910767559,30143,291,0,VideoPacket
1773458910767641,30144,291,0,VideoPacket
1773458910767705,30145,291,0,VideoPacket
1773458910767770,30146,291,0,VideoPacket
1773458910767834,30147,291,0,VideoPacket
1773458910809736,30148,291,0,VideoPacket
1773458910809839,30149,291,0,VideoPacket
1773458910809932,30150,291,0,VideoPacket
1773458910810007,30151,291,0,VideoPacket
1773458910810075,30152,291,0,VideoPacket
1773458910810129,30153,291,0,VideoPacket
1773458910810185,30154,1059,0,VideoPacket
1773458910810241,30155,1059,0,VideoPacket
1773458910810303,30156,1059,0,VideoPacket
1773458910851936,30157,291,0,VideoPacket
1773458910852063,30158,291,0,VideoPacket
1773458910852147,30159,291,0,VideoPacket
1773458910852225,30160,291,0,VideoPacket
1773458910852315,30161,291,0,VideoPacket
1773458910852401,30162,291,0,VideoPacket
1773458910852489,30163,291,0,VideoPacket
1773458910852574,30164,291,0,VideoPacket
1773458910852682,30165,291,0,VideoPacket
1773458910852783,30166,291,0,VideoPacket
1773458910852872,30167,291,0,VideoPacket
1773458910852957,30168,291,0,VideoPacket
1773458910853049,30169,291,0,VideoPacket
1773458910853137,30170,291,0,VideoPacket
1773458910853218,30171,291,0,VideoPacket
1773458910895655,30172,291,0,VideoPacket
1773458910895743,30173,291,0,VideoPacket
1773458910895815,30174,291,0,VideoPacket
1773458910895883,30175,291,0,VideoPacket
1773458910895962,30176,291,0,VideoPacket
1773458910896061,30177,291,0,VideoPacket
1773458910896146,30178,291,0,VideoPacket
1773458910896238,30179,291,0,VideoPacket
1773458910896322,30180,291,0,VideoPacket
1773458910896393,30181,291,0,VideoPacket
1773458910896472,30182,291,0,VideoPacket
1773458910896559,30183,291,0,VideoPacket
1773458910896657,30184,291,0,VideoPacket
1773458910896749,30185,291,0,VideoPacket
1773458910896836,30186,291,0,VideoPacket
1773458910932912,30187,291,0,VideoPacket
1773458910933006,30188,291,0,VideoPacket
1773458910933091,30189,291,1,VideoPacket
1773458910933176,30190,291,1,VideoPacket
1773458910933265,30191,291,1,VideoPacket
1773458910933350,30192,291,1,VideoPacket
1773458910933417,30193,291,1,VideoPacket
1773458910933481,30194,291,1,VideoPacket
1773458910933545,30195,291,1,VideoPacket
1773458910933624,30196,291,1,VideoPacket
1773458910933688,30197,291,1,VideoPacket
1773458910933749,30198,291,1,VideoPacket
1773458910933813,30199,291,1,VideoPacket
1773458910933876,30200,291,1,VideoPacket
1773458910933941,30201,291,1,VideoPacket
1773458910972127,16937,549,0,Retransmission:30096
1773458910972213,30202,291,1,VideoPacket
1773458910972278,30203,291,1,VideoPacket
1773458910972348,30204,291,1,VideoPacket
1773458910972431,30205,291,1,VideoPacket
1773458910972521,30206,291,1,VideoPacket
1773458910972620,30207,291,1,VideoPacket
1773458910972713,30208,291,1,VideoPacket
1773458910972800,30209,291,1,VideoPacket
1773458910972892,30210,291,1,VideoPacket
1773458910972979,30211,291,1,VideoPacket
1773458910973071,30212,291,1,VideoPacket
1773458910973158,30213,291,1,VideoPacket
1773458910973249,30214,291,1,VideoPacket
1773458910973337,30215,291,1,VideoPacket
1773458911037060,30216,291,1,VideoPacket
1773458911037170,30217,291,1,VideoPacket
1773458911037242,30218,291,1,VideoPacket
1773458911037307,30219,291,1,VideoPacket
1773458911037371,30220,291,1,VideoPacket
1773458911037435,30221,291,1,VideoPacket
1773458911037499,30222,291,1,VideoPacket
1773458911037564,30223,291,1,VideoPacket
1773458911037640,30224,291,1,VideoPacket
1773458911037705,30225,291,1,VideoPacket
1773458911037770,30226,291,0,VideoPacket
1773458911037835,30227,291,0,VideoPacket
1773458911037903,30228,291,0,VideoPacket
1773458911037975,30229,291,0,VideoPacket
1773458911038047,30230,291,0,VideoPacket
1773458911055412,16938,293,0,Retransmission:30129
1773458911055502,30231,291,0,VideoPacket
1773458911055601,30232,291,0,VideoPacket
1773458911055710,30233,291,0,VideoPacket
1773458911055797,30234,291,0,VideoPacket
1773458911055888,30235,291,0,VideoPacket
1773458911055974,30236,291,0,VideoPacket
1773458911056073,30237,291,0,VideoPacket
1773458911056162,30238,291,0,VideoPacket
1773458911056253,30239,291,0,VideoPacket
1773458911056339,30240,291,0,VideoPacket
1773458911056427,30241,291,0,VideoPacket
1773458911056516,30242,291,0,VideoPacket
1773458911056615,30243,291,0,VideoPacket
1773458911056704,30244,291,0,VideoPacket
1773458911100138,30245,291,0,VideoPacket
1773458911100243,30246,291,0,VideoPacket
1773458911100398,30247,291,0,VideoPacket
1773458911100530,30248,291,0,VideoPacket
1773458911100616,30249,291,0,VideoPacket
1773458911100758,30250,291,0,VideoPacket
1773458911100824,30251,291,0,VideoPacket
1773458911100892,30252,291,0,VideoPacket
1773458911100959,30253,291,0,VideoPacket
1773458911101031,30254,291,0,VideoPacket
1773458911101099,30255,291,0,VideoPacket
1773458911101164,30256,291,0,VideoPacket
1773458911101231,30257,291,0,VideoPacket
1773458911101297,30258,291,0,VideoPacket
1773458911101363,30259,291,0,VideoPacket
1773458911135851,16939,293,0,Retransmission:30147
1773458911135935,30260,291,0,VideoPacket
1773458911136000,30261,291,0,VideoPacket
1773458911136095,30262,291,0,VideoPacket
1773458911136165,30263,291,0,VideoPacket
1773458911136234,30264,291,0,VideoPacket
1773458911136303,30265,291,0,VideoPacket
1773458911136372,30266,291,0,VideoPacket
1773458911136441,30267,291,0,VideoPacket
1773458911136511,30268,291,0,VideoPacket
1773458911136579,30269,803,0,VideoPacket
1773458911136660,30270,803,0,VideoPacket
1773458911136730,30271,803,0,VideoPacket
1773458911194226,16940,293,0,Retransmission:30158
1773458911194316,16941,293,0,Retransmission:30162
1773458911194388,30272,803,0,VideoPacket
1773458911194471,30273,291,0,VideoPacket
1773458911194545,30274,291,0,VideoPacket
1773458911194630,30275,291,0,VideoPacket
1773458911194705,30276,291,0,VideoPacket
1773458911194781,30277,291,0,VideoPacket
1773458911194844,30278,291,0,VideoPacket
1773458911194906,30279,291,0,VideoPacket
1773458911194970,30280,291,0,VideoPacket
1773458911195040,30281,291,0,VideoPacket
1773458911195110,30282,291,0,VideoPacket
1773458911195179,30283,291,0,VideoPacket
1773458911223146,30284,291,0,VideoPacket
1773458911223244,30285,291,0,VideoPacket
1773458911223317,30286,291,0,VideoPacket
1773458911223387,30287,291,0,VideoPacket
1773458911223468,30288,291,0,VideoPacket
1773458911223538,30289,291,0,VideoPacket
1773458911223618,30290,291,0,VideoPacket
1773458911223689,30291,291,0,VideoPacket
1773458911223759,30292,291,0,VideoPacket
1773458911223831,30293,291,0,VideoPacket
1773458911223901,30294,291,0,VideoPacket
1773458911223971,30295,291,0,VideoPacket
1773458911224069,30296,291,0,VideoPacket
1773458911224152,30297,291,0,VideoPacket
1773458911224228,30298,291,0,VideoPacket
1773458911268388,16942,293,0,Retransmission:30200
1773458911268474,16943,549,0,Retransmission:30096
1773458911268530,16944,293,0,Retransmission:30120
1773458911268578,16945,293,0,Retransmission:30129
1773458911268659,30299,291,0,VideoPacket
1773458911268764,30300,291,0,VideoPacket
1773458911268868,30301,291,0,VideoPacket
1773458911268976,30302,291,0,VideoPacket
1773458911269081,30303,291,0,VideoPacket
1773458911269191,30304,291,0,VideoPacket
1773458911269294,30305,291,0,VideoPacket
1773458911269391,30306,291,0,VideoPacket
1773458911269550,30307,291,0,VideoPacket
1773458911269664,30308,291,0,VideoPacket
1773458911269815,30309,291,0,VideoPacket
1773458911310007,30310,291,0,VideoPacket
1773458911310126,30311,291,0,VideoPacket
1773458911310246,30312,291,0,VideoPacket
1773458911310332,30313,291,0,VideoPacket
1773458911310405,30314,291,0,VideoPacket
1773458911310493,30315,291,0,VideoPacket
1773458911310585,30316,291,0,VideoPacket
1773458911310689,30317,803,0,VideoPacket
1773458911310780,30318,803,0,VideoPacket
1773458911310867,30319,803,0,VideoPacket
1773458911310955,30320,803,0,VideoPacket
1773458911352116,30321,803,0,VideoPacket
1773458911352231,30322,803,0,VideoPacket
1773458911352300,30323,803,0,VideoPacket
1773458911352367,30324,803,0,VideoPacket
1773458911352435,30325,291,0,VideoPacket
1773458911352506,30326,291,0,VideoPacket
1773458911352573,30327,291,0,VideoPacket
1773458911352651,30328,291,0,VideoPacket
1773458911352718,30329,291,0,VideoPacket
1773458911352783,30330,291,0,VideoPacket
1773458911393834,30331,291,0,VideoPacket
1773458911393950,30332,291,0,VideoPacket
1773458911394020,30333,291,0,VideoPacket
1773458911394085,30334,291,0,VideoPacket
1773458911394152,30335,291,0,VideoPacket
1773458911394218,30336,291,0,VideoPacket
1773458911394281,30337,291,0,VideoPacket
1773458911394342,30338,291,0,VideoPacket
1773458911394413,30339,291,0,VideoPacket
1773458911394474,30340,291,0,VideoPacket
1773458911394535,30341,291,0,VideoPacket
1773458911394606,30342,291,0,VideoPacket
1773458911394673,30343,291,0,VideoPacket
1773458911394739,30344,291,0,VideoPacket
1773458911394799,30345,291,0,VideoPacket
1773458911434393,30346,291,0,VideoPacket
1773458911434506,30347,291,0,VideoPacket
1773458911434568,30348,291,0,VideoPacket
1773458911434644,30349,291,0,VideoPacket
1773458911434709,30350,291,0,VideoPacket
1773458911434771,30351,291,0,VideoPacket
1773458911434838,30352,291,0,VideoPacket
1773458911434903,30353,291,0,VideoPacket
1773458911434966,30354,291,0,VideoPacket
1773458911435029,30355,291,0,VideoPacket
1773458911435092,30356,291,0,VideoPacket
1773458911435157,30357,291,0,VideoPacket
1773458911435222,30358,291,0,VideoPacket
1773458911435286,30359,291,0,VideoPacket
1773458911435351,30360,291,0,VideoPacket
1773458911488670,30361,291,0,VideoPacket
1773458911488774,30362,291,0,VideoPacket
1773458911488840,30363,291,0,VideoPacket
1773458911488903,30364,291,0,VideoPacket
1773458911488968,30365,291,0,VideoPacket
1773458911489032,30366,291,0,VideoPacket
1773458911489092,30367,291,0,VideoPacket
1773458911489153,30368,291,0,VideoPacket
1773458911489214,30369,1059,0,VideoPacket
1773458911489279,30370,1059,0,VideoPacket
1773458911489345,30371,1059,0,VideoPacket
1773458911520882,30372,1059,0,VideoPacket
1773458911520979,30373,1059,0,VideoPacket
1773458911521045,30374,1059,0,VideoPacket
1773458911521107,30375,1059,0,VideoPacket
1773458911521173,30376,1059,0,VideoPacket
1773458911587062,16946,293,0,Retransmission:30223
1773458911587147,16947,293,0,Retransmission:30234
1773458911587202,30377,291,0,VideoPacket
1773458911587274,30378,291,0,VideoPacket
1773458911587335,30379,291,0,VideoPacket
1773458911587397,30380,291,0,VideoPacket
1773458911587463,30381,291,0,VideoPacket
1773458911587524,30382,291,0,VideoPacket
1773458911587589,30383,291,0,VideoPacket
1773458911587664,30384,291,0,VideoPacket
1773458911587729,30385,291,0,VideoPacket
1773458911587795,30386,291,0,VideoPacket
1773458911587860,30387,291,0,VideoPacket
1773458911587920,30388,291,0,VideoPacket
1773458911587984,30389,291,0,VideoPacket
1773458911588057,30390,291,0,VideoPacket
1773458911626144,16948,805,0,Retransmission:30271
1773458911626225,30391,291,0,VideoPacket
1773458911626299,30392,291,0,VideoPacket
1773458911626365,30393,291,0,VideoPacket
1773458911626425,30394,291,0,VideoPacket
1773458911626488,30395,291,0,VideoPacket
1773458911626553,30396,291,0,VideoPacket
1773458911626628,30397,291,0,VideoPacket
1773458911626690,30398,291,0,VideoPacket
1773458911626757,30399,291,0,VideoPacket
1773458911626821,30400,291,0,VideoPacket
1773458911626883,30401,291,0,VideoPacket
1773458911626942,30402,291,0,VideoPacket
1773458911627002,30403,291,0,VideoPacket
1773458911648246,16949,293,0,Retransmission:30290
1773458911648339,16950,293,0,Retransmission:30305
1773458911648401,30404,291,0,VideoPacket
1773458911648470,30405,291,0,VideoPacket
1773458911648534,30406,291,0,VideoPacket
1773458911648609,30407,547,0,VideoPacket
1773458911648675,30408,547,0,VideoPacket
1773458911648737,30409,547,0,VideoPacket
1773458911648800,30410,547,0,VideoPacket
1773458911648866,30411,547,0,VideoPacket
1773458911648930,30412,547,0,VideoPacket
1773458911688787,30413,547,0,VideoPacket
1773458911688884,30414,547,0,VideoPacket
1773458911688948,30415,803,0,VideoPacket
1773458911689009,30416,803,0,VideoPacket
1773458911689074,30417,803,0,VideoPacket
1773458911689135,30418,803,0,VideoPacket
1773458911689199,30419,803,0,VideoPacket
1773458911752460,30420,291,0,VideoPacket
1773458911752561,30421,291,0,VideoPacket
1773458911752641,30422,291,0,VideoPacket
1773458911752709,30423,291,0,VideoPacket
1773458911752773,30424,291,0,VideoPacket
1773458911752838,30425,291,0,VideoPacket
1773458911752901,30426,291,0,VideoPacket
1773458911752964,30427,291,0,VideoPacket
1773458911753028,30428,291,0,VideoPacket
1773458911753092,30429,291,0,VideoPacket
1773458911753153,30430,291,0,VideoPacket
1773458911753220,30431,291,0,VideoPacket
1773458911753300,30432,291,0,VideoPacket
1773458911753365,30433,291,0,VideoPacket
1773458911753429,30434,291,0,VideoPacket
1773458911753491,30435,291,0,VideoPacket
1773458911773530,30436,291,0,VideoPacket
1773458911773647,30437,291,0,VideoPacket
1773458911773716,30438,291,0,VideoPacket
1773458911773783,30439,291,0,VideoPacket
1773458911773848,30440,291,0,VideoPacket
1773458911773919,30441,291,0,VideoPacket
1773458911773986,30442,803,0,VideoPacket
1773458911774049,30443,803,0,VideoPacket
1773458911858135,30444,803,0,VideoPacket
1773458911858243,30445,803,0,VideoPacket
1773458911858311,30446,803,0,VideoPacket
1773458911926012,30447,291,0,VideoPacket
1773458911926110,30448,291,0,VideoPacket
1773458911926176,30449,291,0,VideoPacket
1773458911926236,30450,291,0,VideoPacket
1773458911926301,30451,291,0,VideoPacket
1773458911926534,16951,293,0,Retransmission:30379
1773458911926634,16952,293,0,Retransmission:30381
1773458911926711,16953,293,0,Retransmission:30382
1773458911996738,30452,291,0,VideoPacket
1773458911996848,30453,291,0,VideoPacket
1773458911996916,30454,291,0,VideoPacket
1773458911996982,30455,291,0,VideoPacket
1773458911997048,30456,291,0,VideoPacket
1773458912014475,16954,549,0,Retransmission:30412
1773458912084065,30457,547,0,VideoPacket
1773458912084172,30458,547,0,VideoPacket
1773458912084246,30459,547,0,VideoPacket
1773458912084317,30460,547,0,VideoPacket
1773458912265302,30461,547,0,VideoPacket
1773458912265427,30462,547,0,VideoPacket
1773458912265505,30463,547,0,VideoPacket
1773458912327300,30464,291,0,VideoPacket
1773458912327418,30465,291,0,VideoPacket
1773458912327492,30466,291,0,VideoPacket
1773458912327562,30467,291,0,VideoPacket
1773458912327642,30468,291,0,VideoPacket
1773458912327712,30469,291,0,VideoPacket
1773458912327783,30470,291,0,VideoPacket
1773458912384760,30471,803,0,VideoPacket
1773458912384871,30472,803,0,VideoPacket
1773458912458588,30473,547,0,VideoPacket
1773458912458705,30474,547,0,VideoPacket
1773458912459134,16955,293,0,Retransmission:30337
1773458912472297,30475,291,0,VideoPacket
1773458912472384,30476,291,0,VideoPacket
1773458912472459,30477,291,0,VideoPacket
1773458912472532,30478,291,0,VideoPacket
1773458912472610,30479,291,0,VideoPacket
1773458912500260,30480,547,0,VideoPacket
1773458912500368,30481,547,0,VideoPacket
1773458912500870,16956,293,0,Retransmission:30381
1773458912533957,30482,291,0,VideoPacket
1773458912534060,30483,291,0,VideoPacket
1773458912534136,30484,291,0,VideoPacket
1773458912534208,30485,291,0,VideoPacket
1773458912571708,30486,291,0,VideoPacket
1773458912571816,30487,291,0,VideoPacket
1773458912571891,30488,291,0,VideoPacket
1773458912571965,30489,291,0,VideoPacket
1773458912572057,30490,291,0,VideoPacket
1773458912572145,30491,291,0,VideoPacket
1773458912611578,30492,291,0,VideoPacket
1773458912611690,30493,291,0,VideoPacket
1773458912611774,30494,291,0,VideoPacket
1773458912611849,30495,291,0,VideoPacket
1773458912611922,30496,291,0,VideoPacket
1773458912737434,30497,291,0,VideoPacket
1773458912737539,30498,291,0,VideoPacket
1773458912737613,30499,291,0,VideoPacket
1773458912737677,30500,291,0,VideoPacket
1773458912737739,30501,291,0,VideoPacket
1773458912751158,30502,291,0,VideoPacket
1773458912751247,30503,291,0,VideoPacket
1773458912751320,30504,291,0,VideoPacket
1773458912751391,30505,291,0,VideoPacket
1773458912751463,30506,291,0,VideoPacket
1773458912751535,30507,291,0,VideoPacket
1773458912751621,30508,291,0,VideoPacket
1773458912770427,30509,291,0,VideoPacket
1773458912770573,30510,291,0,VideoPacket
1773458912770688,30511,291,0,VideoPacket
1773458912770781,30512,291,0,VideoPacket
1773458912770873,30513,291,0,VideoPacket
1773458912770965,30514,291,0,VideoPacket
1773458912771059,30515,291,0,VideoPacket
1773458912772228,30516,291,0,VideoPacket
1773458912772333,30517,291,0,VideoPacket
1773458912772428,30518,291,0,VideoPacket
1773458912772520,30519,291,0,VideoPacket
1773458912772616,30520,291,0,VideoPacket
1773458912772692,30521,291,0,VideoPacket
1773458912772765,30522,291,0,VideoPacket
1773458912799694,30523,547,0,VideoPacket
1773458912799785,30524,547,0,VideoPacket
1773458912799876,30525,547,0,VideoPacket
1773458912799954,30526,547,0,VideoPacket
1773458912800027,30527,547,0,VideoPacket
1773458912800116,30528,547,0,VideoPacket
1773458912848853,30529,803,0,VideoPacket
1773458912848958,30530,803,0,VideoPacket
1773458912849034,30531,803,0,VideoPacket
1773458912870245,30532,291,0,VideoPacket
1773458912870346,30533,291,0,VideoPacket
1773458912870421,30534,291,0,VideoPacket
1773458912870494,30535,291,0,VideoPacket
1773458912870566,30536,291,0,VideoPacket
1773458912870647,30537,291,0,VideoPacket
1773458912870720,30538,291,0,VideoPacket
1773458912870794,30539,291,0,VideoPacket
1773458912872375,16957,293,0,Retransmission:30492
1773458912872475,16958,293,0,Retransmission:30493
1773458912884234,16959,293,0,Retransmission:30502
1773458912904435,16960,293,0,Retransmission:30509
1773458912909274,30540,291,0,VideoPacket
1773458912909366,30541,291,0,VideoPacket
1773458912909443,30542,291,0,VideoPacket
1773458912909514,30543,291,0,VideoPacket
1773458912909586,30544,291,0,VideoPacket
1773458912909673,30545,291,0,VideoPacket
1773458912909744,30546,291,0,VideoPacket
1773458912909817,30547,291,0,VideoPacket
1773458912909890,30548,291,0,VideoPacket
1773458912909962,30549,291,0,VideoPacket
1773458912910031,30550,291,0,VideoPacket
1773458912929782,16961,293,0,Retransmission:30520
1773458912973420,30551,291,0,VideoPacket
1773458912973523,30552,291,0,VideoPacket
1773458912973612,30553,291,0,VideoPacket
1773458912973685,30554,291,0,VideoPacket
1773458912973757,30555,291,0,VideoPacket
1773458912973829,30556,291,0,VideoPacket
1773458912973901,30557,291,0,VideoPacket
1773458912973974,30558,291,0,VideoPacket
1773458912974046,30559,291,0,VideoPacket
1773458912974117,30560,291,0,VideoPacket
1773458912974181,30561,291,0,VideoPacket
1773458912999606,30562,291,0,VideoPacket
1773458912999708,30563,291,0,VideoPacket
1773458912999774,30564,291,0,VideoPacket
1773458912999837,30565,291,0,VideoPacket
1773458912999900,30566,291,0,VideoPacket
1773458912999962,30567,291,0,VideoPacket
1773458913000026,30568,291,0,VideoPacket
1773458913000117,30569,291,0,VideoPacket
1773458913000185,30570,291,0,VideoPacket
1773458913000247,30571,291,0,VideoPacket
1773458913000309,30572,291,0,VideoPacket
1773458913000374,30573,291,0,VideoPacket
1773458913000438,30574,291,0,VideoPacket
1773458913000515,30575,291,0,VideoPacket
1773458913000585,30576,291,0,VideoPacket
1773458913042759,30577,291,0,VideoPacket
1773458913042859,30578,291,0,VideoPacket
1773458913042944,30579,291,0,VideoPacket
1773458913043017,30580,291,0,VideoPacket
1773458913043091,30581,291,0,VideoPacket
1773458913043164,30582,291,0,VideoPacket
1773458913043237,30583,291,0,VideoPacket
1773458913043309,30584,291,0,VideoPacket
1773458913043382,30585,291,0,VideoPacket
1773458913043455,30586,291,0,VideoPacket
1773458913043518,30587,291,0,VideoPacket
1773458913043579,30588,291,0,VideoPacket
1773458913043665,30589,291,0,VideoPacket
1773458913043737,30590,291,0,VideoPacket
1773458913043810,30591,291,0,VideoPacket
1773458913043881,30592,291,0,VideoPacket
1773458913084707,30593,291,0,VideoPacket
1773458913084817,30594,291,0,VideoPacket
1773458913084891,30595,291,0,VideoPacket
1773458913084963,30596,291,0,VideoPacket
1773458913085036,30597,291,0,VideoPacket
1773458913085107,30598,291,0,VideoPacket
1773458913085180,30599,291,0,VideoPacket
1773458913085252,30600,291,0,VideoPacket
1773458913085326,30601,291,0,VideoPacket
1773458913085397,30602,291,0,VideoPacket
1773458913085469,30603,291,0,VideoPacket
1773458913085541,30604,291,0,VideoPacket
1773458913085627,30605,291,0,VideoPacket
1773458913085702,30606,291,0,VideoPacket
1773458913085775,30607,291,0,VideoPacket
1773458913085837,30608,291,0,VideoPacket
1773458913150168,16962,293,0,Retransmission:30551
1773458913150275,30609,291,0,VideoPacket
1773458913150359,30610,291,0,VideoPacket
1773458913150433,30611,291,0,VideoPacket
1773458913150508,30612,291,0,VideoPacket
1773458913150580,30613,291,0,VideoPacket
1773458913150671,30614,291,0,VideoPacket
1773458913150741,30615,291,0,VideoPacket
1773458913150813,30616,291,0,VideoPacket
1773458913150903,30617,291,0,VideoPacket
1773458913150978,30618,291,0,VideoPacket
1773458913151049,30619,291,0,VideoPacket
1773458913151120,30620,291,0,VideoPacket
1773458913151193,30621,291,0,VideoPacket
1773458913151264,30622,291,0,VideoPacket
1773458913151333,30623,291,0,VideoPacket
1773458913203064,30624,291,0,VideoPacket
1773458913203160,30625,291,0,VideoPacket
1773458913203225,30626,291,0,VideoPacket
1773458913203283,30627,291,0,VideoPacket
1773458913203355,30628,291,0,VideoPacket
1773458913203434,30629,291,0,VideoPacket
1773458913203506,30630,291,0,VideoPacket
1773458913203577,30631,291,0,VideoPacket
1773458913203662,30632,547,0,VideoPacket
1773458913203734,30633,547,0,VideoPacket
1773458913203803,30634,547,0,VideoPacket
1773458913203872,30635,291,0,VideoPacket
1773458913203939,30636,291,0,VideoPacket
1773458913240958,30637,291,0,VideoPacket
1773458913241061,30638,291,0,VideoPacket
1773458913241138,30639,291,0,VideoPacket
1773458913241211,30640,291,0,VideoPacket
1773458913241287,30641,291,0,VideoPacket
1773458913241359,30642,291,0,VideoPacket
1773458913241434,30643,291,0,VideoPacket
1773458913241507,30644,291,0,VideoPacket
1773458913241580,30645,291,0,VideoPacket
1773458913241673,30646,291,0,VideoPacket
1773458913241746,30647,291,0,VideoPacket
1773458913241816,30648,291,0,VideoPacket
1773458913241890,30649,291,0,VideoPacket
1773458913241960,30650,291,0,VideoPacket
1773458913242033,30651,291,0,VideoPacket
1773458913242105,30652,291,0,VideoPacket
1773458913285505,30653,291,0,VideoPacket
1773458913285624,30654,291,0,VideoPacket
1773458913285701,30655,291,0,VideoPacket
1773458913285773,30656,291,0,VideoPacket
1773458913285848,30657,291,0,VideoPacket
1773458913285920,30658,291,0,VideoPacket
1773458913285993,30659,291,0,VideoPacket
1773458913286067,30660,291,0,VideoPacket
1773458913286144,30661,291,0,VideoPacket
1773458913286218,30662,291,0,VideoPacket
1773458913286294,30663,291,0,VideoPacket
1773458913286371,30664,291,0,VideoPacket
1773458913286445,30665,291,0,VideoPacket
1773458913286517,30666,291,0,VideoPacket
1773458913286602,30667,291,0,VideoPacket
1773458913286679,30668,291,0,VideoPacket
1773458913316908,30669,291,0,VideoPacket
1773458913317015,30670,291,0,VideoPacket
1773458913317086,30671,291,0,VideoPacket
1773458913317154,30672,291,0,VideoPacket
1773458913317244,30673,291,0,VideoPacket
1773458913317317,30674,291,0,VideoPacket
1773458913317391,30675,291,0,VideoPacket
1773458913317467,30676,291,0,VideoPacket
1773458913317540,30677,291,0,VideoPacket
1773458913317623,30678,291,0,VideoPacket
1773458913317698,30679,291,0,VideoPacket
1773458913317769,30680,291,0,VideoPacket
1773458913327072,30681,291,0,VideoPacket
1773458913327162,30682,291,0,VideoPacket
1773458913327235,30683,291,0,VideoPacket
1773458913327307,30684,291,0,VideoPacket
1773458913327378,30685,291,0,VideoPacket
1773458913327452,30686,291,0,VideoPacket
1773458913327525,30687,291,0,VideoPacket
1773458913367573,30688,291,0,VideoPacket
1773458913367709,30689,291,0,VideoPacket
1773458913367786,30690,291,0,VideoPacket
1773458913367860,30691,291,0,VideoPacket
1773458913367934,30692,291,0,VideoPacket
1773458913368008,30693,291,0,VideoPacket
1773458913368092,30694,291,0,VideoPacket
1773458913368168,30695,291,0,VideoPacket
1773458913368246,30696,291,0,VideoPacket
1773458913368318,30697,291,0,VideoPacket
1773458913368391,30698,291,0,VideoPacket
1773458913368462,30699,291,0,VideoPacket
1773458913408931,30700,547,0,VideoPacket
1773458913409087,30701,547,0,VideoPacket
1773458913409162,30702,547,0,VideoPacket
1773458913409237,30703,547,0,VideoPacket
1773458913409310,30704,547,0,VideoPacket
1773458913409381,30705,547,0,VideoPacket
1773458913587146,30706,291,0,VideoPacket
1773458913587245,30707,291,0,VideoPacket
1773458913587310,30708,291,0,VideoPacket
1773458913587373,30709,291,0,VideoPacket
1773458913587435,30710,291,0,VideoPacket
1773458913587497,30711,291,0,VideoPacket
1773458913587569,30712,291,0,VideoPacket
1773458913587651,30713,291,0,VideoPacket
1773458913587724,30714,291,0,VideoPacket
1773458913587796,30715,291,0,VideoPacket
1773458913587867,30716,291,0,VideoPacket
1773458913587950,30717,291,0,VideoPacket
1773458913588023,30718,291,0,VideoPacket
1773458913630015,30719,803,0,VideoPacket
1773458913630119,30720,803,0,VideoPacket
1773458913630195,30721,803,0,VideoPacket
1773458913630267,30722,803,0,VideoPacket
1773458913630338,30723,803,0,VideoPacket
1773458913630410,30724,803,0,VideoPacket
1773458913661386,30725,291,0,VideoPacket
1773458913661512,30726,291,0,VideoPacket
1773458913661606,30727,291,0,VideoPacket
1773458913661681,30728,291,0,VideoPacket
1773458913661753,30729,291,0,VideoPacket
1773458913661823,30730,291,0,VideoPacket
1773458913661894,30731,291,0,VideoPacket
1773458913661967,30732,291,0,VideoPacket
1773458913662040,30733,291,0,VideoPacket
1773458913662112,30734,291,0,VideoPacket
1773458913662184,30735,291,0,VideoPacket
1773458913662254,30736,291,0,VideoPacket
1773458913662325,30737,291,0,VideoPacket
1773458913713436,16963,293,0,Retransmission:30590
1773458913713527,16964,293,0,Retransmission:30600
1773458913713602,16965,293,0,Retransmission:30670
1773458913713673,16966,293,0,Retransmission:30674
1773458913713741,30738,291,0,VideoPacket
1773458913713817,30739,291,0,VideoPacket
1773458913713890,30740,291,0,VideoPacket
1773458913713962,30741,291,0,VideoPacket
1773458913714037,30742,1315,0,VideoPacket
1773458913714111,30743,1315,0,VideoPacket
1773458913759200,16967,293,0,Retransmission:30688
1773458913759289,30744,1315,0,VideoPacket
1773458913759373,30745,1315,0,VideoPacket
1773458913759446,30746,803,0,VideoPacket
1773458913759520,30747,803,0,VideoPacket
1773458913759612,30748,803,0,VideoPacket
1773458913799676,16968,805,0,Retransmission:30723
1773458913799769,30749,803,0,VideoPacket
1773458913799849,30750,803,0,VideoPacket
1773458913799934,30751,803,0,VideoPacket
1773458913800012,30752,547,0,VideoPacket
1773458913800099,30753,547,0,VideoPacket
1773458913800174,30754,547,0,VideoPacket
1773458913800239,30755,547,0,VideoPacket
1773458913833835,16969,293,0,Retransmission:30733
1773458913833932,30756,547,0,VideoPacket
1773458913834012,30757,547,0,VideoPacket
1773458913834087,30758,547,0,VideoPacket
1773458913834162,30759,547,0,VideoPacket
1773458913834234,30760,547,0,VideoPacket
1773458913834306,30761,547,0,VideoPacket
1773458913834376,30762,291,0,VideoPacket
1773458913834450,30763,291,0,VideoPacket
1773458913834523,30764,291,0,VideoPacket
1773458913834603,30765,291,0,VideoPacket
1773458913874093,30766,291,0,VideoPacket
1773458913874202,30767,291,0,VideoPacket
1773458913874279,30768,291,0,VideoPacket
1773458913874352,30769,291,0,VideoPacket
1773458913874427,30770,291,0,VideoPacket
1773458913874499,30771,291,0,VideoPacket
1773458913874572,30772,291,0,VideoPacket
1773458913874654,30773,291,1,VideoPacket
1773458913874730,30774,291,1,VideoPacket
1773458913874802,30775,291,1,VideoPacket
1773458913874874,30776,291,1,VideoPacket
1773458913874945,30777,291,1,VideoPacket
1773458913875018,30778,291,1,VideoPacket
1773458913875090,30779,291,1,VideoPacket
1773458913875159,30780,291,1,VideoPacket
1773458913875230,30781,291,1,VideoPacket
1773458913987403,30782,291,1,VideoPacket
1773458913987519,30783,291,1,VideoPacket
1773458913987601,30784,291,1,VideoPacket
1773458913987677,30785,291,1,VideoPacket
1773458913987750,30786,291,1,VideoPacket
1773458913987821,30787,291,1,VideoPacket
1773458913987891,30788,291,1,VideoPacket
1773458913987960,30789,291,1,VideoPacket
1773458913988030,30790,291,1,VideoPacket
1773458913988115,30791,291,1,VideoPacket
1773458913988218,30792,291,1,VideoPacket
1773458913988292,30793,291,1,VideoPacket
1773458913988362,30794,291,1,VideoPacket
1773458913988434,30795,291,1,VideoPacket
1773458913988503,30796,291,1,VideoPacket
1773458913988573,30797,291,1,VideoPacket
1773458913988652,30798,291,1,VideoPacket
1773458913988718,30799,291,1,VideoPacket
1773458913988786,30800,291,1,VideoPacket
1773458913988852,30801,291,1,VideoPacket
1773458913988922,30802,291,1,VideoPacket
1773458913988991,30803,291,1,VideoPacket
1773458913989061,30804,291,1,VideoPacket
1773458913989125,30805,291,1,VideoPacket
1773458913989188,30806,291,1,VideoPacket
1773458913989248,30807,291,1,VideoPacket
1773458913989310,30808,291,1,VideoPacket
1773458913989384,30809,291,1,VideoPacket
1773458913989448,30810,291,1,VideoPacket
1773458913989512,30811,291,1,VideoPacket
1773458913989576,30812,291,1,VideoPacket
1773458913989650,30813,291,1,VideoPacket
1773458914024290,30814,291,1,VideoPacket
1773458914024398,30815,291,1,VideoPacket
1773458914024474,30816,291,1,VideoPacket
1773458914024543,30817,291,1,VideoPacket
1773458914024625,30818,291,1,VideoPacket
1773458914024694,30819,291,1,VideoPacket
1773458914024764,30820,291,1,VideoPacket
1773458914024836,30821,291,1,VideoPacket
1773458914024907,30822,291,1,VideoPacket
1773458914024976,30823,291,1,VideoPacket
1773458914025051,30824,291,1,VideoPacket
1773458914025123,30825,291,1,VideoPacket
1773458914025196,30826,291,1,VideoPacket
1773458914025268,30827,291,1,VideoPacket
1773458914025340,30828,291,1,VideoPacket
1773458914025414,30829,291,1,VideoPacket
1773458914057130,30830,291,1,VideoPacket
1773458914057219,30831,291,1,VideoPacket
1773458914057293,30832,291,1,VideoPacket
1773458914057364,30833,291,1,VideoPacket
1773458914057437,30834,291,0,VideoPacket
1773458914057505,30835,291,0,VideoPacket
1773458914057577,30836,291,0,VideoPacket
1773458914057651,30837,291,0,VideoPacket
1773458914057725,30838,291,0,VideoPacket
1773458914057795,30839,291,0,VideoPacket
1773458914057864,30840,291,0,VideoPacket
1773458914057932,30841,291,0,VideoPacket
1773458914058000,30842,291,0,VideoPacket
1773458914058069,30843,291,0,VideoPacket
1773458914058137,30844,291,0,VideoPacket
1773458914058206,30845,291,0,VideoPacket
1773458914082708,30846,291,0,VideoPacket
1773458914082811,30847,291,0,VideoPacket
1773458914082904,30848,291,0,VideoPacket
1773458914083028,30849,291,0,VideoPacket
1773458914083134,30850,291,0,VideoPacket
1773458914083260,30851,291,0,VideoPacket
1773458914083362,30852,291,0,VideoPacket
1773458914083444,30853,291,0,VideoPacket
1773458914083517,30854,291,0,VideoPacket
1773458914083589,30855,291,0,VideoPacket
1773458914083673,30856,291,0,VideoPacket
1773458914083743,30857,291,0,VideoPacket
1773458914083816,30858,291,0,VideoPacket
1773458914083898,30859,291,0,VideoPacket
1773458914083971,30860,291,0,VideoPacket
1773458914084061,30861,291,0,VideoPacket
1773458914126541,30862,291,0,VideoPacket
1773458914126669,30863,291,0,VideoPacket
1773458914126746,30864,291,0,VideoPacket
1773458914126818,30865,291,0,VideoPacket
1773458914126892,30866,291,0,VideoPacket
1773458914126964,30867,291,0,VideoPacket
1773458914127037,30868,291,0,VideoPacket
1773458914127110,30869,291,0,VideoPacket
1773458914127185,30870,291,0,VideoPacket
1773458914127257,30871,291,0,VideoPacket
1773458914127333,30872,291,0,VideoPacket
1773458914127404,30873,291,0,VideoPacket
1773458914127477,30874,291,0,VideoPacket
1773458914127549,30875,291,0,VideoPacket
1773458914127636,30876,291,0,VideoPacket
1773458914127709,30877,291,0,VideoPacket
1773458914167297,30878,291,0,VideoPacket
1773458914167436,30879,291,0,VideoPacket
1773458914167516,30880,291,0,VideoPacket
1773458914167588,30881,291,0,VideoPacket
1773458914167676,30882,291,0,VideoPacket
1773458914167750,30883,291,0,VideoPacket
1773458914167822,30884,291,0,VideoPacket
1773458914167897,30885,291,0,VideoPacket
1773458914167970,30886,291,0,VideoPacket
1773458914168057,30887,291,0,VideoPacket
1773458914168135,30888,291,0,VideoPacket
1773458914168200,30889,291,0,VideoPacket
1773458914168270,30890,291,0,VideoPacket
1773458914168345,30891,291,0,VideoPacket
1773458914168420,30892,291,0,VideoPacket
1773458914168493,30893,291,0,VideoPacket
1773458914209359,30894,291,0,VideoPacket
1773458914209472,30895,291,0,VideoPacket
1773458914209547,30896,291,0,VideoPacket
1773458914209633,30897,291,0,VideoPacket
1773458914209706,30898,291,0,VideoPacket
1773458914209783,30899,291,0,VideoPacket
1773458914209854,30900,291,0,VideoPacket
1773458914209926,30901,291,0,VideoPacket
1773458914209999,30902,291,0,VideoPacket
1773458914210070,30903,291,0,VideoPacket
1773458914210146,30904,291,0,VideoPacket
1773458914210219,30905,291,0,VideoPacket
1773458914210299,30906,291,0,VideoPacket
1773458914210371,30907,291,0,VideoPacket
1773458914210457,30908,291,0,VideoPacket
1773458914210530,30909,291,0,VideoPacket
1773458914250088,30910,291,0,VideoPacket
1773458914250208,30911,291,0,VideoPacket
1773458914250286,30912,291,0,VideoPacket
1773458914250358,30913,291,0,VideoPacket
1773458914250430,30914,291,0,VideoPacket
1773458914250503,30915,291,0,VideoPacket
1773458914250576,30916,291,0,VideoPacket
1773458914250667,30917,291,0,VideoPacket
1773458914250741,30918,291,0,VideoPacket
1773458914250813,30919,291,0,VideoPacket
1773458914250889,30920,291,0,VideoPacket
1773458914250964,30921,291,0,VideoPacket
1773458914251035,30922,291,0,VideoPacket
1773458914251107,30923,291,0,VideoPacket
1773458914251178,30924,291,0,VideoPacket
1773458914251251,30925,291,0,VideoPacket
1773458914294146,30926,291,0,VideoPacket
1773458914294248,30927,291,0,VideoPacket
1773458914294323,30928,291,0,VideoPacket
1773458914294395,30929,291,0,VideoPacket
1773458914294468,30930,291,0,VideoPacket
1773458914294539,30931,291,0,VideoPacket
1773458914294623,30932,291,0,VideoPacket
1773458914294696,30933,291,0,VideoPacket
1773458914294769,30934,291,0,VideoPacket
1773458914294840,30935,291,0,VideoPacket
1773458914294913,30936,291,0,VideoPacket
1773458914294986,30937,291,0,VideoPacket
1773458914295059,30938,291,0,VideoPacket
1773458914295151,30939,291,0,VideoPacket
1773458914295226,30940,291,0,VideoPacket
1773458914295299,30941,291,0,VideoPacket
1773458914337534,16970,293,0,Retransmission:30782
1773458914337651,16971,293,0,Retransmission:30793
1773458914337724,16972,293,0,Retransmission:30806
1773458914337792,16973,293,0,Retransmission:30825
1773458914337860,30942,291,0,VideoPacket
1773458914337938,30943,291,0,VideoPacket
1773458914338001,30944,291,0,VideoPacket
1773458914338075,30945,291,0,VideoPacket
1773458914338147,30946,291,0,VideoPacket
1773458914338219,30947,291,0,VideoPacket
1773458914338292,30948,291,0,VideoPacket
1773458914338367,30949,291,0,VideoPacket
1773458914338441,30950,291,0,VideoPacket
1773458914338514,30951,291,0,VideoPacket
1773458914338588,30952,291,0,VideoPacket
1773458914338672,30953,291,0,VideoPacket
1773458914374816,30954,291,0,VideoPacket
1773458914374941,30955,291,0,VideoPacket
1773458914375018,30956,291,0,VideoPacket
1773458914375091,30957,291,0,VideoPacket
1773458914375163,30958,291,0,VideoPacket
1773458914375239,30959,291,0,VideoPacket
1773458914375314,30960,291,0,VideoPacket
1773458914375386,30961,291,0,VideoPacket
1773458914375459,30962,291,0,VideoPacket
1773458914375532,30963,291,0,VideoPacket
1773458914375616,30964,291,0,VideoPacket
1773458914375696,30965,291,0,VideoPacket
1773458914375769,30966,291,0,VideoPacket
1773458914375841,30967,291,0,VideoPacket
1773458914375913,30968,291,0,VideoPacket
1773458914375988,30969,547,0,VideoPacket
1773458914420452,30970,547,0,VideoPacket
1773458914420604,30971,547,0,VideoPacket
1773458914420682,30972,547,0,VideoPacket
1773458914420755,30973,547,0,VideoPacket
1773458914420827,30974,547,0,VideoPacket
1773458914420901,30975,547,0,VideoPacket
1773458914420975,30976,547,0,VideoPacket
1773458914421049,30977,547,0,VideoPacket
1773458914421121,30978,547,0,VideoPacket
1773458914461063,30979,547,0,VideoPacket
1773458914461181,30980,547,0,VideoPacket
1773458914461257,30981,547,0,VideoPacket
1773458914461333,30982,547,0,VideoPacket
1773458914461406,30983,547,0,VideoPacket
1773458914461479,30984,547,0,VideoPacket
1773458914461553,30985,547,0,VideoPacket
1773458914461638,30986,547,0,VideoPacket
1773458914461712,30987,547,0,VideoPacket
1773458914501080,30988,547,0,VideoPacket
1773458914501232,30989,547,0,VideoPacket
1773458914501338,30990,547,0,VideoPacket
1773458914501414,30991,547,0,VideoPacket
1773458914501488,30992,547,0,VideoPacket
1773458914501562,30993,547,0,VideoPacket
1773458914501640,30994,547,0,VideoPacket
1773458914501705,30995,547,0,VideoPacket
1773458914501771,30996,547,0,VideoPacket
1773458914541189,30997,547,0,VideoPacket
1773458914541314,30998,547,0,VideoPacket
1773458914541393,30999,547,0,VideoPacket
1773458914541467,31000,547,0,VideoPacket
1773458914541543,31001,547,0,VideoPacket
1773458914541632,31002,547,0,VideoPacket
1773458914541718,31003,547,0,VideoPacket
1773458914541793,31004,547,0,VideoPacket
1773458914541869,31005,547,0,VideoPacket
1773458914583040,31006,547,0,VideoPacket
1773458914583143,31007,547,0,VideoPacket
1773458914583220,31008,547,0,VideoPacket
1773458914583292,31009,547,0,VideoPacket
1773458914583368,31010,547,0,VideoPacket
1773458914583452,31011,547,0,VideoPacket
1773458914583531,31012,547,0,VideoPacket
1773458914583611,31013,547,0,VideoPacket
1773458914583691,31014,547,0,VideoPacket
1773458914623625,31015,547,0,VideoPacket
1773458914623795,31016,547,0,VideoPacket
1773458914623878,31017,547,0,VideoPacket
1773458914623953,31018,291,0,VideoPacket
1773458914624027,31019,291,0,VideoPacket
1773458914624137,31020,291,0,VideoPacket
1773458914624212,31021,291,0,VideoPacket
1773458914624284,31022,291,0,VideoPacket
1773458914624358,31023,291,0,VideoPacket
1773458914624429,31024,291,0,VideoPacket
1773458914624501,31025,291,0,VideoPacket
1773458914624575,31026,291,0,VideoPacket
1773458914624663,31027,291,0,VideoPacket
1773458914624737,31028,291,0,VideoPacket
1773458914683226,31029,291,0,VideoPacket
1773458914683323,31030,291,0,VideoPacket
1773458914683395,31031,291,0,VideoPacket
1773458914683465,31032,291,0,VideoPacket
1773458914683534,31033,291,0,VideoPacket
1773458914683607,31034,291,0,VideoPacket
1773458914683677,31035,291,0,VideoPacket
1773458914683747,31036,291,0,VideoPacket
1773458914683818,31037,291,0,VideoPacket
1773458914683886,31038,547,0,VideoPacket
1773458914683954,31039,547,0,VideoPacket
1773458914684018,31040,547,0,VideoPacket
1773458914684113,31041,291,0,VideoPacket
1773458914684187,31042,291,0,VideoPacket
1773458914707204,31043,291,0,VideoPacket
1773458914707334,31044,291,0,VideoPacket
1773458914707403,31045,291,0,VideoPacket
1773458914707468,31046,291,0,VideoPacket
1773458914707542,31047,291,0,VideoPacket
1773458914707631,31048,291,0,VideoPacket
1773458914707708,31049,291,0,VideoPacket
1773458914707785,31050,291,0,VideoPacket
1773458914707859,31051,291,0,VideoPacket
1773458914707945,31052,291,0,VideoPacket
1773458914708024,31053,291,0,VideoPacket
1773458914708114,31054,291,0,VideoPacket
1773458914708188,31055,291,0,VideoPacket
1773458914708260,31056,291,0,VideoPacket
1773458914708331,31057,291,0,VideoPacket
1773458914708403,31058,291,0,VideoPacket
1773458914750987,31059,291,0,VideoPacket
1773458914751110,31060,291,0,VideoPacket
1773458914751189,31061,291,0,VideoPacket
1773458914751262,31062,291,0,VideoPacket
1773458914751335,31063,291,0,VideoPacket
1773458914751409,31064,291,0,VideoPacket
1773458914751483,31065,291,0,VideoPacket
1773458914751555,31066,291,0,VideoPacket
1773458914751646,31067,291,0,VideoPacket
1773458914751721,31068,291,0,VideoPacket
1773458914751795,31069,291,0,VideoPacket
1773458914751868,31070,291,0,VideoPacket
1773458914751940,31071,291,0,VideoPacket
1773458914752013,31072,291,0,VideoPacket
1773458914752108,31073,291,0,VideoPacket
1773458914752184,31074,291,0,VideoPacket
1773458914802720,31075,291,0,VideoPacket
1773458914802817,31076,291,0,VideoPacket
1773458914802887,31077,291,0,VideoPacket
1773458914802958,31078,291,0,VideoPacket
1773458914803030,31079,291,0,VideoPacket
1773458914803107,31080,291,0,VideoPacket
1773458914803180,31081,291,0,VideoPacket
1773458914803251,31082,291,0,VideoPacket
1773458914803324,31083,291,0,VideoPacket
1773458914803402,31084,291,0,VideoPacket
1773458914803476,31085,291,0,VideoPacket
1773458914803549,31086,291,0,VideoPacket
1773458914803635,31087,291,0,VideoPacket
1773458914803709,31088,291,0,VideoPacket
1773458914803782,31089,291,0,VideoPacket
1773458914803856,31090,291,0,VideoPacket
1773458914832327,31091,1315,0,VideoPacket
1773458914832442,31092,1315,0,VideoPacket
1773458914832518,31093,1315,0,VideoPacket
1773458914832606,31094,1315,0,VideoPacket
1773458914875060,31095,291,0,VideoPacket
1773458914875186,31096,291,0,VideoPacket
1773458914875263,31097,291,0,VideoPacket
1773458914875337,31098,291,0,VideoPacket
1773458914875409,31099,291,0,VideoPacket
1773458914875483,31100,291,0,VideoPacket
1773458914875556,31101,291,0,VideoPacket
1773458914875641,31102,291,0,VideoPacket
1773458914875745,31103,291,0,VideoPacket
1773458914875812,31104,1059,0,VideoPacket
1773458914875873,31105,1059,0,VideoPacket
1773458914914714,31106,291,0,VideoPacket
1773458914914819,31107,291,0,VideoPacket
1773458914914894,31108,291,0,VideoPacket
1773458914914967,31109,291,0,VideoPacket
1773458914915040,31110,291,0,VideoPacket
1773458914915112,31111,291,0,VideoPacket
1773458914915192,31112,291,0,VideoPacket
1773458914915264,31113,547,0,VideoPacket
1773458914915355,31114,547,0,VideoPacket
1773458914915432,31115,547,0,VideoPacket
1773458914915499,31116,547,0,VideoPacket
1773458914915562,31117,547,0,VideoPacket
1773458914956343,31118,547,0,VideoPacket
1773458914956467,31119,291,0,VideoPacket
1773458914956543,31120,291,0,VideoPacket
1773458914956632,31121,291,0,VideoPacket
1773458914956706,31122,291,0,VideoPacket
1773458914956780,31123,291,0,VideoPacket
1773458914956853,31124,291,0,VideoPacket
1773458914956951,31125,291,0,VideoPacket
1773458914957019,31126,547,0,VideoPacket
1773458914957097,31127,547,0,VideoPacket
1773458914957175,31128,547,0,VideoPacket
1773458914957254,31129,547,0,VideoPacket
1773458914998139,31130,291,0,VideoPacket
1773458914998276,31131,291,0,VideoPacket
1773458914998354,31132,291,0,VideoPacket
1773458914998444,31133,291,0,VideoPacket
1773458914998525,31134,291,0,VideoPacket
1773458914998611,31135,291,0,VideoPacket
1773458914998686,31136,291,0,VideoPacket
1773458914998762,31137,803,0,VideoPacket
1773458914998836,31138,803,0,VideoPacket
1773458914998912,31139,291,0,VideoPacket
1773458914998986,31140,291,0,VideoPacket
1773458914999059,31141,291,0,VideoPacket
1773458914999132,31142,291,0,VideoPacket
1773458915039231,31143,291,0,VideoPacket
1773458915039338,31144,291,0,VideoPacket
1773458915039413,31145,291,0,VideoPacket
1773458915039487,31146,291,0,VideoPacket
1773458915039559,31147,291,0,VideoPacket
1773458915039648,31148,291,0,VideoPacket
1773458915039721,31149,291,0,VideoPacket
1773458915039794,31150,291,0,VideoPacket
1773458915039866,31151,291,0,VideoPacket
1773458915039936,31152,291,0,VideoPacket
1773458915040014,31153,547,0,VideoPacket
1773458915040100,31154,547,0,VideoPacket
1773458915040190,31155,547,0,VideoPacket
1773458915040269,31156,547,0,VideoPacket
1773458915083790,31157,547,0,VideoPacket
1773458915083914,31158,547,0,VideoPacket
1773458915083991,31159,547,0,VideoPacket
1773458915084077,31160,547,0,VideoPacket
1773458915084157,31161,547,0,VideoPacket
1773458915084232,31162,547,0,VideoPacket
1773458915084305,31163,547,0,VideoPacket
1773458915084380,31164,547,0,VideoPacket
1773458915084454,31165,547,0,VideoPacket
1773458915163852,16974,293,0,Retransmission:30880
1773458915163940,16975,293,0,Retransmission:30891
1773458915164009,16976,293,0,Retransmission:30896
1773458915164095,16977,293,0,Retransmission:30897
1773458915164167,16978,293,0,Retransmission:30908
1773458915164236,16979,293,0,Retransmission:30910
1773458915164295,16980,293,0,Retransmission:30935
1773458915164363,31166,547,0,VideoPacket
1773458915164448,31167,547,0,VideoPacket
1773458915164522,31168,291,0,VideoPacket
1773458915164607,31169,291,0,VideoPacket
1773458915164684,31170,291,0,VideoPacket
1773458915164760,31171,291,0,VideoPacket
1773458915164835,31172,291,0,VideoPacket
1773458915164908,31173,291,0,VideoPacket
1773458915164982,31174,291,0,VideoPacket
1773458915165054,31175,291,0,VideoPacket
1773458915165127,31176,803,0,VideoPacket
1773458915165200,31177,803,0,VideoPacket
1773458915165274,31178,803,0,VideoPacket
1773458915202127,31179,291,0,VideoPacket
1773458915202300,31180,291,0,VideoPacket
1773458915202376,31181,291,0,VideoPacket
1773458915202448,31182,291,0,VideoPacket
1773458915202524,31183,291,0,VideoPacket
1773458915202609,31184,291,0,VideoPacket
1773458915202688,31185,291,0,VideoPacket
1773458915320761,31186,291,0,VideoPacket
1773458915320884,31187,291,0,VideoPacket
1773458915320980,31188,291,0,VideoPacket
1773458915321053,31189,291,0,VideoPacket
1773458915321126,31190,291,0,VideoPacket
1773458915321197,31191,291,0,VideoPacket
1773458915321260,31192,291,0,VideoPacket
1773458915321331,31193,291,0,VideoPacket
1773458915321951,16981,293,0,Retransmission:31018
1773458915380620,31194,803,0,VideoPacket
1773458915380728,31195,803,0,VideoPacket
1773458915380805,31196,803,0,VideoPacket
1773458915483947,16982,293,0,Retransmission:31063
1773458915484086,31197,547,0,VideoPacket
1773458915484178,31198,547,0,VideoPacket
1773458915484247,31199,547,0,VideoPacket
1773458915484313,31200,547,0,VideoPacket
1773458915569573,16983,549,0,Retransmission:31115
1773458915569715,31201,803,0,VideoPacket
1773458915569807,31202,803,0,VideoPacket
1773458915569876,31203,803,0,VideoPacket
1773458915569942,31204,803,0,VideoPacket
1773458915570010,31205,803,0,VideoPacket
1773458915633824,16984,293,0,Retransmission:31145
1773458915633998,31206,291,0,VideoPacket
1773458915634106,31207,291,0,VideoPacket
1773458915634175,31208,291,0,VideoPacket
1773458915634236,31209,291,0,VideoPacket
1773458915634298,31210,291,0,VideoPacket
1773458915634364,31211,291,0,VideoPacket
1773458915634430,31212,291,0,VideoPacket
1773458915634497,31213,291,0,VideoPacket
1773458915634560,31214,291,0,VideoPacket
1773458915634633,31215,291,0,VideoPacket
1773458915634700,31216,291,0,VideoPacket
1773458915634767,31217,291,0,VideoPacket
1773458915634833,31218,291,0,VideoPacket
1773458915677725,16985,293,0,Retransmission:31174
1773458915704119,31219,291,0,VideoPacket
1773458915704246,31220,291,0,VideoPacket
1773458915704317,31221,291,0,VideoPacket
1773458915704383,31222,291,0,VideoPacket
1773458915704447,31223,291,0,VideoPacket
1773458915704514,31224,291,0,VideoPacket
1773458915704578,31225,291,0,VideoPacket
1773458915704660,31226,291,0,VideoPacket
1773458915704731,31227,291,0,VideoPacket
1773458915704799,31228,291,0,VideoPacket
1773458915704864,31229,291,0,VideoPacket
1773458915704924,31230,291,0,VideoPacket
1773458915704987,31231,291,0,VideoPacket
1773458915705624,16986,805,0,Retransmission:31204
1773458915905712,31232,547,0,VideoPacket
1773458915905841,31233,547,0,VideoPacket
1773458915905912,31234,547,0,VideoPacket
1773458915905975,31235,547,0,VideoPacket
1773458915906045,31236,547,0,VideoPacket
1773458915906111,31237,547,0,VideoPacket
1773458915906175,31238,547,0,VideoPacket
1773458915906242,31239,547,0,VideoPacket
1773458915965036,31240,1315,0,VideoPacket
1773458915965146,31241,1315,0,VideoPacket
1773458915965216,31242,1315,0,VideoPacket
1773458915985450,31243,291,0,VideoPacket
1773458915985564,31244,291,0,VideoPacket
1773458915985642,31245,291,0,VideoPacket
1773458915985707,31246,291,0,VideoPacket
1773458915985771,31247,291,0,VideoPacket
1773458915985836,31248,291,0,VideoPacket
1773458915985899,31249,291,0,VideoPacket
1773458915985966,31250,291,0,VideoPacket
1773458915986030,31251,291,0,VideoPacket
1773458915986091,31252,291,0,VideoPacket
1773458915986159,31253,291,0,VideoPacket
1773458916040793,31254,291,0,VideoPacket
1773458916040907,31255,291,0,VideoPacket
1773458916040973,31256,291,0,VideoPacket
1773458916041036,31257,291,0,VideoPacket
1773458916041100,31258,291,0,VideoPacket
1773458916041167,31259,291,0,VideoPacket
1773458916041238,31260,291,0,VideoPacket
1773458916041308,31261,291,0,VideoPacket
1773458916041374,31262,291,0,VideoPacket
1773458916041438,31263,291,0,VideoPacket
1773458916041506,31264,291,0,VideoPacket
1773458916041571,31265,291,0,VideoPacket
1773458916041646,31266,291,0,VideoPacket
1773458916041710,31267,291,0,VideoPacket
1773458916041775,31268,291,0,VideoPacket
1773458916041842,31269,291,0,VideoPacket
1773458916102088,31270,291,0,VideoPacket
1773458916102196,31271,291,0,VideoPacket
1773458916102329,31272,291,0,VideoPacket
1773458916102474,31273,291,0,VideoPacket
1773458916102623,31274,291,0,VideoPacket
1773458916102759,31275,291,0,VideoPacket
1773458916102837,31276,291,0,VideoPacket
1773458916102945,31277,291,0,VideoPacket
1773458916103019,31278,291,0,VideoPacket
1773458916103086,31279,291,0,VideoPacket
1773458916103516,31280,803,0,VideoPacket
1773458916103618,31281,803,0,VideoPacket
1773458916687841,31282,547,0,VideoPacket
1773458916687961,31283,547,0,VideoPacket
1773458916688037,31284,547,0,VideoPacket
1773458916688150,31285,547,0,VideoPacket
1773458916688228,31286,547,0,VideoPacket
1773458916689229,31287,291,0,VideoPacket
1773458916689321,31288,291,0,VideoPacket
1773458916689387,31289,291,0,VideoPacket
1773458916689442,31290,291,0,VideoPacket
1773458916689496,31291,291,0,VideoPacket
1773458916689563,31292,291,0,VideoPacket
1773458916689663,31293,291,0,VideoPacket
1773458916964284,31294,291,0,VideoPacket
1773458916964397,31295,291,0,VideoPacket
1773458916964474,31296,291,0,VideoPacket
1773458916964543,31297,291,0,VideoPacket
1773458916964620,31298,291,0,VideoPacket
1773458916964692,31299,291,0,VideoPacket
1773458916964765,31300,291,0,VideoPacket
1773458916964866,31301,547,0,VideoPacket
1773458916964945,31302,547,0,VideoPacket
1773458916965015,31303,547,0,VideoPacket
1773458916965088,31304,547,0,VideoPacket
1773458917077303,31305,803,0,VideoPacket
1773458917077403,31306,803,0,VideoPacket
1773458917077480,31307,803,0,VideoPacket
1773458917080187,31308,291,0,VideoPacket
1773458917080270,31309,291,0,VideoPacket
1773458917080344,31310,291,0,VideoPacket
1773458917080416,31311,291,0,VideoPacket
1773458917080490,31312,291,0,VideoPacket
1773458917080562,31313,291,0,VideoPacket
1773458917080650,31314,291,0,VideoPacket
1773458917080725,31315,291,0,VideoPacket
1773458917080799,31316,291,0,VideoPacket
1773458917080863,31317,291,0,VideoPacket
1773458917088520,31318,291,0,VideoPacket
1773458917088610,31319,291,0,VideoPacket
1773458917088684,31320,291,0,VideoPacket
1773458917152891,31321,291,0,VideoPacket
1773458917152999,31322,291,0,VideoPacket
1773458917153071,31323,291,0,VideoPacket
1773458917153142,31324,291,0,VideoPacket
1773458917153212,31325,291,0,VideoPacket
1773458917153279,31326,291,0,VideoPacket
1773458917153367,31327,291,0,VideoPacket
1773458917153446,31328,291,0,VideoPacket
1773458917153519,31329,291,0,VideoPacket
1773458917153598,31330,291,0,VideoPacket
1773458917153665,31331,291,0,VideoPacket
1773458917153733,31332,291,0,VideoPacket
1773458917153798,31333,291,0,VideoPacket
1773458917153866,31334,291,0,VideoPacket
1773458917153929,31335,291,0,VideoPacket
1773458917153999,31336,547,0,VideoPacket
1773458917201188,31337,547,0,VideoPacket
1773458917201286,31338,547,0,VideoPacket
1773458917201352,31339,547,0,VideoPacket
1773458917201416,31340,547,0,VideoPacket
1773458917201481,31341,547,0,VideoPacket
1773458917201544,31342,547,0,VideoPacket
1773458917201620,31343,547,0,VideoPacket
1773458917201680,31344,547,0,VideoPacket
1773458917201744,31345,547,0,VideoPacket
1773458917249350,31346,291,0,VideoPacket
1773458917249456,31347,291,0,VideoPacket
1773458917249532,31348,291,0,VideoPacket
1773458917249619,31349,291,0,VideoPacket
1773458917249695,31350,291,0,VideoPacket
1773458917249769,31351,291,0,VideoPacket
1773458917249845,31352,291,0,VideoPacket
1773458917249917,31353,291,0,VideoPacket
1773458917249988,31354,291,0,VideoPacket
1773458917250062,31355,291,0,VideoPacket
1773458917250131,31356,291,0,VideoPacket
1773458917250202,31357,291,0,VideoPacket
1773458917250272,31358,291,0,VideoPacket
1773458917250344,31359,291,0,VideoPacket
1773458917250414,31360,291,0,VideoPacket
1773458917250489,31361,291,0,VideoPacket
1773458917302026,31362,291,0,VideoPacket
1773458917302129,31363,291,0,VideoPacket
1773458917302207,31364,291,0,VideoPacket
1773458917302278,31365,291,0,VideoPacket
1773458917302347,31366,291,0,VideoPacket
1773458917302421,31367,291,0,VideoPacket
1773458917302492,31368,291,0,VideoPacket
1773458917302565,31369,291,0,VideoPacket
1773458917302646,31370,291,0,VideoPacket
1773458917302718,31371,291,0,VideoPacket
1773458917302789,31372,291,0,VideoPacket
1773458917302861,31373,291,0,VideoPacket
1773458917302931,31374,291,0,VideoPacket
1773458917303001,31375,291,0,VideoPacket
1773458917303071,31376,291,0,VideoPacket
1773458917303143,31377,291,0,VideoPacket
1773458917358790,31378,291,0,VideoPacket
1773458917358896,31379,291,0,VideoPacket
1773458917358971,31380,291,0,VideoPacket
1773458917359043,31381,291,0,VideoPacket
1773458917359116,31382,291,0,VideoPacket
1773458917359196,31383,291,0,VideoPacket
1773458917359266,31384,291,0,VideoPacket
1773458917359338,31385,291,0,VideoPacket
1773458917359410,31386,291,0,VideoPacket
1773458917359497,31387,291,0,VideoPacket
1773458917359577,31388,291,0,VideoPacket
1773458917366099,31389,291,0,VideoPacket
1773458917366179,31390,291,0,VideoPacket
1773458917366250,31391,291,0,VideoPacket
1773458917366320,31392,291,0,VideoPacket
1773458917366389,31393,291,0,VideoPacket
1773458917366457,31394,291,0,VideoPacket
1773458917366526,31395,291,0,VideoPacket
1773458917366605,31396,291,0,VideoPacket
1773458917439223,16987,293,0,Retransmission:31243
1773458917439332,31397,291,0,VideoPacket
1773458917439413,31398,291,0,VideoPacket
1773458917439485,31399,291,0,VideoPacket
1773458917439550,31400,291,0,VideoPacket
1773458917439636,31401,291,0,VideoPacket
1773458917439707,31402,291,0,VideoPacket
1773458917439769,31403,291,0,VideoPacket
1773458917439838,31404,291,0,VideoPacket
1773458917439902,31405,291,0,VideoPacket
1773458917439972,31406,291,0,VideoPacket
1773458917440062,31407,291,0,VideoPacket
1773458917440136,31408,291,0,VideoPacket
1773458917440211,31409,291,0,VideoPacket
1773458917440282,31410,291,0,VideoPacket
1773458917440348,31411,291,0,VideoPacket
1773458917462360,31412,291,0,VideoPacket
1773458917462457,31413,291,0,VideoPacket
1773458917462521,31414,291,0,VideoPacket
1773458917462584,31415,291,0,VideoPacket
1773458917462661,31416,291,0,VideoPacket
1773458917462729,31417,291,0,VideoPacket
1773458917462794,31418,291,0,VideoPacket
1773458917462856,31419,547,0,VideoPacket
1773458917462920,31420,547,0,VideoPacket
1773458917462984,31421,547,0,VideoPacket
1773458917463051,31422,547,0,VideoPacket
1773458917463113,31423,547,0,VideoPacket
1773458917507616,31424,547,0,VideoPacket
1773458917507711,31425,547,0,VideoPacket
1773458917507781,31426,291,0,VideoPacket
1773458917507850,31427,291,0,VideoPacket
1773458917507917,31428,291,0,VideoPacket
1773458917507985,31429,291,0,VideoPacket
1773458917508073,31430,291,0,VideoPacket
1773458917508146,31431,291,0,VideoPacket
1773458917508214,31432,291,0,VideoPacket
1773458917508283,31433,291,0,VideoPacket
1773458917508352,31434,291,0,VideoPacket
1773458917508421,31435,291,0,VideoPacket
1773458917508488,31436,291,0,VideoPacket
1773458917508557,31437,291,0,VideoPacket
1773458917508637,31438,291,0,VideoPacket
1773458917552017,31439,291,0,VideoPacket
1773458917552134,31440,291,0,VideoPacket
1773458917552208,31441,291,0,VideoPacket
1773458917552271,31442,291,0,VideoPacket
1773458917552336,31443,291,0,VideoPacket
1773458917552399,31444,291,0,VideoPacket
1773458917552467,31445,291,0,VideoPacket
1773458917552532,31446,291,0,VideoPacket
1773458917552609,31447,291,0,VideoPacket
1773458917552673,31448,291,0,VideoPacket
1773458917552740,31449,291,0,VideoPacket
1773458917552808,31450,291,0,VideoPacket
1773458917552871,31451,291,0,VideoPacket
1773458917552939,31452,291,0,VideoPacket
1773458917553000,31453,291,0,VideoPacket
1773458917553066,31454,291,0,VideoPacket
1773458917584598,16988,293,0,Retransmission:31256
1773458917584678,31455,291,0,VideoPacket
1773458917584748,31456,291,0,VideoPacket
1773458917584809,31457,291,0,VideoPacket
1773458917584867,31458,291,0,VideoPacket
1773458917584929,31459,291,0,VideoPacket
1773458917584991,31460,291,0,VideoPacket
1773458917585055,31461,291,0,VideoPacket
1773458917585117,31462,291,0,VideoPacket
1773458917585179,31463,291,0,VideoPacket
1773458917585241,31464,291,0,VideoPacket
1773458917585303,31465,291,0,VideoPacket
1773458917585364,31466,291,0,VideoPacket
1773458917585421,31467,291,0,VideoPacket
1773458917585478,31468,291,0,VideoPacket
1773458917585544,31469,291,0,VideoPacket
1773458917616255,16989,293,0,Retransmission:30897
1773458917616340,16990,293,0,Retransmission:30910
1773458917616405,31470,291,0,VideoPacket
1773458917616482,31471,291,0,VideoPacket
1773458917616549,31472,291,0,VideoPacket
1773458917616623,31473,291,0,VideoPacket
1773458917616688,31474,291,0,VideoPacket
1773458917616751,31475,291,0,VideoPacket
1773458917616815,31476,291,0,VideoPacket
1773458917616878,31477,291,0,VideoPacket
1773458917616942,31478,291,0,VideoPacket
1773458917617006,31479,1059,0,VideoPacket
1773458917617073,31480,1059,0,VideoPacket
1773458917660942,16991,293,0,Retransmission:31208
1773458917661053,16992,293,0,Retransmission:31215
1773458917661132,31481,1059,0,VideoPacket
1773458917661200,31482,1059,0,VideoPacket
1773458917661267,31483,291,0,VideoPacket
1773458917661330,31484,291,0,VideoPacket
1773458917661394,31485,291,0,VideoPacket
1773458917661462,31486,291,0,VideoPacket
1773458917661526,31487,291,0,VideoPacket
1773458917661606,31488,291,0,VideoPacket
1773458917661677,31489,291,0,VideoPacket
1773458917661747,31490,291,0,VideoPacket
1773458917713075,31491,291,0,VideoPacket
1773458917713188,31492,291,0,VideoPacket
1773458917713264,31493,291,0,VideoPacket
1773458917713336,31494,291,0,VideoPacket
1773458917713413,31495,291,0,VideoPacket
1773458917713479,31496,1059,0,VideoPacket
1773458917713542,31497,1059,0,VideoPacket
1773458917713613,31498,1059,0,VideoPacket
1773458917713677,31499,1059,0,VideoPacket
1773458917861964,31500,547,0,VideoPacket
1773458917862074,31501,547,0,VideoPacket
1773458917862151,31502,547,0,VideoPacket
1773458917862225,31503,547,0,VideoPacket
1773458917862299,31504,547,0,VideoPacket
1773458917862371,31505,547,0,VideoPacket
1773458917862443,31506,547,0,VideoPacket
1773458917862517,31507,547,0,VideoPacket
1773458917862603,31508,1315,0,VideoPacket
1773458917862679,31509,1315,0,VideoPacket
1773458917862754,31510,547,0,VideoPacket
1773458917862827,31511,547,0,VideoPacket
1773458917862900,31512,547,0,VideoPacket
1773458917862972,31513,547,0,VideoPacket
1773458917863045,31514,547,0,VideoPacket
1773458917863121,31515,1315,0,VideoPacket
1773458917863196,31516,1315,0,VideoPacket
1773458917863270,31517,803,0,VideoPacket
1773458917863345,31518,803,0,VideoPacket
1773458917863421,31519,803,0,VideoPacket
1773458917863495,31520,803,0,VideoPacket
1773458917863567,31521,803,0,VideoPacket
1773458918264472,31522,803,0,VideoPacket
1773458918264621,31523,803,0,VideoPacket
1773458918264698,31524,803,0,VideoPacket
1773458918264771,31525,803,0,VideoPacket
1773458918264846,31526,803,0,VideoPacket
1773458918264919,31527,803,0,VideoPacket
1773458918264992,31528,803,0,VideoPacket
1773458918265065,31529,803,0,VideoPacket
1773458918265141,31530,291,0,VideoPacket
1773458918265213,31531,291,0,VideoPacket
1773458918265284,31532,291,0,VideoPacket
1773458918265356,31533,291,0,VideoPacket
1773458918265428,31534,291,0,VideoPacket
1773458918265499,31535,291,0,VideoPacket
1773458918265571,31536,291,0,VideoPacket
1773458918265645,31537,291,0,VideoPacket
1773458918265706,31538,291,0,VideoPacket
1773458918265771,31539,291,0,VideoPacket
1773458918265843,31540,291,0,VideoPacket
1773458918265915,31541,291,0,VideoPacket
1773458918265987,31542,291,0,VideoPacket
1773458918266059,31543,291,0,VideoPacket
1773458918266135,31544,291,0,VideoPacket
1773458918266207,31545,291,0,VideoPacket
1773458918266279,31546,291,0,VideoPacket
1773458918266351,31547,803,0,VideoPacket
1773458918266423,31548,803,0,VideoPacket
1773458918266496,31549,803,0,VideoPacket
1773458918266569,31550,803,0,VideoPacket
1773458918409657,31551,803,0,VideoPacket
1773458918409773,31552,803,0,VideoPacket
1773458918409849,31553,803,0,VideoPacket
1773458918409919,31554,803,0,VideoPacket
1773458918409991,31555,803,0,VideoPacket
1773458918410060,31556,803,0,VideoPacket
1773458918410132,31557,803,0,VideoPacket
1773458918601373,31558,803,0,VideoPacket
1773458918601502,31559,291,0,VideoPacket
1773458918601580,31560,291,0,VideoPacket
1773458918601667,31561,291,0,VideoPacket
1773458918601740,31562,291,0,VideoPacket
1773458918601813,31563,291,0,VideoPacket
1773458918601885,31564,291,0,VideoPacket
1773458918601957,31565,291,0,VideoPacket
1773458918602029,31566,291,0,VideoPacket
1773458918602101,31567,291,0,VideoPacket
1773458918602171,31568,291,0,VideoPacket
1773458918602247,31569,291,0,VideoPacket
1773458918602316,31570,291,0,VideoPacket
1773458918602391,31571,291,0,VideoPacket
1773458918602463,31572,291,0,VideoPacket
1773458918602536,31573,291,0,VideoPacket
1773458918602619,31574,291,0,VideoPacket
1773458918602693,31575,291,0,VideoPacket
1773458918602767,31576,291,0,VideoPacket
1773458918602841,31577,291,0,VideoPacket
1773458918646610,31578,291,0,VideoPacket
1773458918646745,31579,291,0,VideoPacket
1773458918646824,31580,291,0,VideoPacket
1773458918646898,31581,291,0,VideoPacket
1773458918646971,31582,291,0,VideoPacket
1773458918647045,31583,291,0,VideoPacket
1773458918647118,31584,291,0,VideoPacket
1773458918647189,31585,291,0,VideoPacket
1773458918647260,31586,291,0,VideoPacket
1773458918647332,31587,291,0,VideoPacket
1773458918647405,31588,291,0,VideoPacket
1773458918647477,31589,291,0,VideoPacket
1773458918647549,31590,291,0,VideoPacket
1773458918647635,31591,291,0,VideoPacket
1773458918647710,31592,291,0,VideoPacket
1773458918647782,31593,291,0,VideoPacket
1773458918709143,31594,291,0,VideoPacket
1773458918709249,31595,291,0,VideoPacket
1773458918709313,31596,291,0,VideoPacket
1773458918709372,31597,291,0,VideoPacket
1773458918709436,31598,291,0,VideoPacket
1773458918709506,31599,803,0,VideoPacket
1773458918709570,31600,803,0,VideoPacket
1773458918709649,31601,803,0,VideoPacket
1773458918772310,31602,803,0,VideoPacket
1773458918772424,31603,803,0,VideoPacket
1773458918772496,31604,803,0,VideoPacket
1773458918772564,31605,803,0,VideoPacket
1773458918772641,31606,803,0,VideoPacket
1773458918791577,31607,1059,0,VideoPacket
1773458918791669,31608,1059,0,VideoPacket
1773458918791737,31609,1059,0,VideoPacket
1773458918791801,31610,1059,0,VideoPacket
1773458918858852,16993,293,0,Retransmission:31313
1773458918859000,31611,1059,0,VideoPacket
1773458918859075,31612,1059,0,VideoPacket
1773458918859138,31613,803,0,VideoPacket
1773458918859205,31614,803,0,VideoPacket
1773458918859269,31615,803,0,VideoPacket
1773458918859338,31616,1315,0,VideoPacket
1773458918891435,16994,293,0,Retransmission:31314
1773458918891520,31617,1315,0,VideoPacket
1773458918891615,31618,1315,0,VideoPacket
1773458918891687,31619,291,0,VideoPacket
1773458918891758,31620,291,0,VideoPacket
1773458918891829,31621,291,0,VideoPacket
1773458918891898,31622,291,0,VideoPacket
1773458918891967,31623,291,0,VideoPacket
1773458918892037,31624,291,0,VideoPacket
1773458918892127,31625,291,0,VideoPacket
1773458918938181,31626,291,0,VideoPacket
1773458918938273,31627,291,0,VideoPacket
1773458918938341,31628,291,0,VideoPacket
1773458918938404,31629,291,0,VideoPacket
1773458918938466,31630,291,0,VideoPacket
1773458918938532,31631,291,0,VideoPacket
1773458918938612,31632,291,0,VideoPacket
1773458918938682,31633,291,0,VideoPacket
1773458918938756,31634,291,0,VideoPacket
1773458918938823,31635,291,0,VideoPacket
1773458918938884,31636,803,0,VideoPacket
1773458918938949,31637,803,0,VideoPacket
1773458918939006,31638,803,0,VideoPacket
1773458919005946,31639,803,0,VideoPacket
1773458919006051,31640,803,0,VideoPacket
1773458919006124,31641,803,0,VideoPacket
1773458919006198,31642,1315,0,VideoPacket
1773458919006273,31643,1315,0,VideoPacket
1773458919006342,31644,291,0,VideoPacket
1773458919060409,31645,291,0,VideoPacket
1773458919060527,31646,291,0,VideoPacket
1773458919060617,31647,291,0,VideoPacket
1773458919060692,31648,291,0,VideoPacket
1773458919060768,31649,291,0,VideoPacket
1773458919060840,31650,291,0,VideoPacket
1773458919060913,31651,291,0,VideoPacket
1773458919060987,31652,291,0,VideoPacket
1773458919061062,31653,291,0,VideoPacket
1773458919061135,31654,291,0,VideoPacket
1773458919061207,31655,291,0,VideoPacket
1773458919061280,31656,291,0,VideoPacket
1773458919061352,31657,291,0,VideoPacket
1773458919062134,31658,291,0,VideoPacket
1773458919062223,31659,291,0,VideoPacket
1773458919062298,31660,291,0,VideoPacket
1773458919062370,31661,291,0,VideoPacket
1773458919062445,31662,291,0,VideoPacket
1773458919062518,31663,291,0,VideoPacket
1773458919062603,31664,291,0,VideoPacket
1773458919062680,31665,291,0,VideoPacket
1773458919062752,31666,291,0,VideoPacket
1773458919062825,31667,291,0,VideoPacket
1773458919062897,31668,291,0,VideoPacket
1773458919062976,31669,291,0,VideoPacket
1773458919063049,31670,291,0,VideoPacket
1773458919063122,31671,291,0,VideoPacket
1773458919063195,31672,291,0,VideoPacket
1773458919063268,31673,291,0,VideoPacket
1773458919412004,31674,291,0,VideoPacket
1773458919412126,31675,291,0,VideoPacket
1773458919412214,31676,291,0,VideoPacket
1773458919412285,31677,291,0,VideoPacket
1773458919412361,31678,291,0,VideoPacket
1773458919412434,31679,291,0,VideoPacket
1773458919412507,31680,291,0,VideoPacket
1773458919412580,31681,291,0,VideoPacket
1773458919412665,31682,291,0,VideoPacket
1773458919412737,31683,291,0,VideoPacket
1773458919412810,31684,291,0,VideoPacket
1773458919412882,31685,291,0,VideoPacket
1773458919412956,31686,291,0,VideoPacket
1773458919413028,31687,291,0,VideoPacket
1773458919413101,31688,291,0,VideoPacket
1773458919413174,31689,291,0,VideoPacket
1773458919413246,31690,291,0,VideoPacket
1773458919430558,31691,291,0,VideoPacket
1773458919430652,31692,291,0,VideoPacket
1773458919430728,31693,291,0,VideoPacket
1773458919430800,31694,291,0,VideoPacket
1773458919430873,31695,291,0,VideoPacket
1773458919430947,31696,291,0,VideoPacket
1773458919431019,31697,291,0,VideoPacket
1773458919431092,31698,291,0,VideoPacket
1773458919431165,31699,291,0,VideoPacket
1773458919431237,31700,291,0,VideoPacket
1773458919431309,31701,291,0,VideoPacket
1773458919431380,31702,291,0,VideoPacket
1773458919431453,31703,291,0,VideoPacket
1773458919431526,31704,291,0,VideoPacket
1773458919431610,31705,291,0,VideoPacket
1773458919431685,31706,291,0,VideoPacket
1773458919479288,31707,291,0,VideoPacket
1773458919479386,31708,547,0,VideoPacket
1773458919479458,31709,547,0,VideoPacket
1773458919479530,31710,547,0,VideoPacket
1773458919479613,31711,547,0,VideoPacket
1773458919479685,31712,547,0,VideoPacket
1773458919479761,31713,547,0,VideoPacket
1773458919479831,31714,547,0,VideoPacket
1773458919479894,31715,547,0,VideoPacket
1773458919479956,31716,803,0,VideoPacket
1773458919539222,31717,803,0,VideoPacket
1773458919539327,31718,803,0,VideoPacket
1773458919539405,31719,803,0,VideoPacket
1773458919539475,31720,803,0,VideoPacket
1773458919539547,31721,803,0,VideoPacket
1773458919539627,31722,803,0,VideoPacket
1773458919539693,31723,803,0,VideoPacket
1773458919568887,31724,803,0,VideoPacket
1773458919568990,31725,803,0,VideoPacket
1773458919569068,31726,803,0,VideoPacket
1773458919569138,31727,803,0,VideoPacket
1773458919569210,31728,291,0,VideoPacket
1773458919569281,31729,291,0,VideoPacket
1773458919569352,31730,291,0,VideoPacket
1773458919569428,31731,291,0,VideoPacket
1773458919569503,31732,291,0,VideoPacket
1773458919569577,31733,291,0,VideoPacket
1773458919604747,31734,291,0,VideoPacket
1773458919604857,31735,291,0,VideoPacket
1773458919604930,31736,291,0,VideoPacket
1773458919604998,31737,291,0,VideoPacket
1773458919605063,31738,291,0,VideoPacket
1773458919605126,31739,291,0,VideoPacket
1773458919605196,31740,291,0,VideoPacket
1773458919605260,31741,291,0,VideoPacket
1773458919605332,31742,291,0,VideoPacket
1773458919605399,31743,291,0,VideoPacket
1773458919605470,31744,547,0,VideoPacket
1773458919605534,31745,547,0,VideoPacket
1773458919605616,31746,547,0,VideoPacket
1773458919605688,31747,547,0,VideoPacket
1773458919646554,31748,547,0,VideoPacket
1773458919646660,31749,547,0,VideoPacket
1773458919646729,31750,547,0,VideoPacket
1773458919646793,31751,547,0,VideoPacket
1773458919646868,31752,803,0,VideoPacket
1773458919646939,31753,803,0,VideoPacket
1773458919647012,31754,803,0,VideoPacket
1773458919647088,31755,803,0,VideoPacket
1773458919693058,16995,293,0,Retransmission:31348
1773458919693152,16996,293,0,Retransmission:31374
1773458919693216,16997,293,0,Retransmission:31243
1773458919693290,31756,803,0,VideoPacket
1773458919693373,31757,291,0,VideoPacket
1773458919693443,31758,291,0,VideoPacket
1773458919693513,31759,291,0,VideoPacket
1773458919693584,31760,291,0,VideoPacket
1773458919693666,31761,291,0,VideoPacket
1773458919693736,31762,291,0,VideoPacket
1773458919693809,31763,291,0,VideoPacket
1773458919693880,31764,291,0,VideoPacket
1773458919693954,31765,291,0,VideoPacket
1773458919694025,31766,291,0,VideoPacket
1773458919694097,31767,291,0,VideoPacket
1773458919771237,16998,293,0,Retransmission:30897
1773458919771332,16999,293,0,Retransmission:30910
1773458919771396,17000,293,0,Retransmission:31208
1773458919771453,17001,293,0,Retransmission:31215
1773458919771522,17002,293,0,Retransmission:31256
1773458919771583,17003,293,0,Retransmission:31329
1773458919771659,17004,293,0,Retransmission:31387
1773458919771722,31768,291,0,VideoPacket
1773458919771798,31769,291,0,VideoPacket
1773458919771864,31770,291,0,VideoPacket
1773458919771931,31771,291,0,VideoPacket
1773458919772017,31772,291,0,VideoPacket
1773458919772111,31773,291,0,VideoPacket
1773458919772180,31774,291,0,VideoPacket
1773458919772245,31775,291,0,VideoPacket
1773458919772314,31776,291,0,VideoPacket
1773458919772380,31777,291,0,VideoPacket
1773458919772448,31778,291,0,VideoPacket
1773458919772514,31779,291,0,VideoPacket
1773458919772581,31780,291,0,VideoPacket
1773458919772660,31781,291,0,VideoPacket
1773458919772727,31782,291,0,VideoPacket
1773458919772797,31783,291,0,VideoPacket
1773458919772867,31784,291,0,VideoPacket
1773458919772933,31785,291,0,VideoPacket
1773458919773004,31786,291,0,VideoPacket
1773458919773071,31787,291,0,VideoPacket
1773458919773143,31788,291,0,VideoPacket
1773458919773209,31789,291,0,VideoPacket
1773458919773276,31790,291,0,VideoPacket
1773458919773343,31791,291,0,VideoPacket
1773458919773418,31792,291,0,VideoPacket
1773458919835260,31793,291,0,VideoPacket
1773458919835368,31794,291,0,VideoPacket
1773458919835441,31795,291,0,VideoPacket
1773458919835508,31796,291,0,VideoPacket
1773458919835575,31797,291,0,VideoPacket
1773458919835656,31798,291,0,VideoPacket
1773458919835724,31799,291,0,VideoPacket
1773458919835791,31800,291,0,VideoPacket
1773458919835861,31801,291,0,VideoPacket
1773458919835927,31802,291,0,VideoPacket
1773458919835996,31803,291,0,VideoPacket
1773458919836083,31804,291,0,VideoPacket
1773458919836160,31805,291,0,VideoPacket
1773458919836228,31806,291,0,VideoPacket
1773458919836294,31807,291,0,VideoPacket
1773458919836361,31808,291,0,VideoPacket
1773458919860559,17005,293,0,Retransmission:31440
1773458919860666,17006,293,0,Retransmission:31453
1773458919860737,31809,291,0,VideoPacket
1773458919860816,31810,291,0,VideoPacket
1773458919860889,31811,291,0,VideoPacket
1773458919860960,31812,291,0,VideoPacket
1773458919861030,31813,291,0,VideoPacket
1773458919861100,31814,291,0,VideoPacket
1773458919861171,31815,291,0,VideoPacket
1773458919861241,31816,291,0,VideoPacket
1773458919861314,31817,291,0,VideoPacket
1773458919861383,31818,291,0,VideoPacket
1773458919861453,31819,291,0,VideoPacket
1773458919861523,31820,291,0,VideoPacket
1773458919861598,31821,291,0,VideoPacket
1773458919861673,31822,291,0,VideoPacket
1773458919894282,31823,291,0,VideoPacket
1773458919894372,31824,291,0,VideoPacket
1773458919894441,31825,291,0,VideoPacket
1773458919894509,31826,291,0,VideoPacket
1773458919894576,31827,291,0,VideoPacket
1773458919894659,31828,291,0,VideoPacket
1773458919894724,31829,291,0,VideoPacket
1773458919894796,31830,291,0,VideoPacket
1773458919894884,31831,291,0,VideoPacket
1773458919894952,31832,291,0,VideoPacket
1773458919895020,31833,291,0,VideoPacket
1773458919895086,31834,291,0,VideoPacket
1773458919895153,31835,291,0,VideoPacket
1773458919895220,31836,291,0,VideoPacket
1773458919895286,31837,291,0,VideoPacket
1773458919895352,31838,291,0,VideoPacket
1773458919933665,17007,293,0,Retransmission:31474
1773458919933750,17008,1061,0,Retransmission:31480
1773458919933812,17009,293,0,Retransmission:31483
1773458919933872,17010,549,0,Retransmission:31501
1773458919933930,17011,549,0,Retransmission:31507
1773458919933990,17012,1317,0,Retransmission:31509
1773458919934047,17013,549,0,Retransmission:31514
1773458919934110,17014,805,0,Retransmission:31525
1773458919977457,17015,805,0,Retransmission:31552
1773458919977547,17016,805,0,Retransmission:31556
1773458919977623,17017,293,0,Retransmission:31586
1773458919977689,17018,1061,0,Retransmission:31608
1773458919977748,17019,293,0,Retransmission:31624
1773458919977812,17020,293,0,Retransmission:31646
1773458919977868,17021,293,0,Retransmission:31543
1773458919977930,17022,293,0,Retransmission:31698
1773458919977986,17023,549,0,Retransmission:31714
1773458919978047,17024,549,0,Retransmission:31715
1773458920021532,17025,805,0,Retransmission:31716
1773458920021686,17026,293,0,Retransmission:31728
1773458920021754,17027,293,0,Retransmission:31734
1773458920021814,17028,293,0,Retransmission:31314
1773458920021880,31839,291,0,VideoPacket
1773458920021962,31840,1059,0,VideoPacket
1773458920022031,31841,1059,0,VideoPacket
1773458920022097,31842,1059,0,VideoPacket
1773458920062446,31843,1059,0,VideoPacket
1773458920062616,31844,1059,0,VideoPacket
1773458920062693,31845,1059,0,VideoPacket
1773458920062761,31846,291,0,VideoPacket
1773458920062828,31847,291,0,VideoPacket
1773458920062894,31848,291,0,VideoPacket
1773458920062962,31849,291,0,VideoPacket
1773458920063027,31850,291,0,VideoPacket
1773458920063097,31851,291,0,VideoPacket
1773458920102624,31852,291,0,VideoPacket
1773458920102752,31853,291,0,VideoPacket
1773458920102846,31854,291,0,VideoPacket
1773458920102979,31855,291,0,VideoPacket
1773458920103059,31856,291,0,VideoPacket
1773458920103191,31857,291,0,VideoPacket
1773458920103274,31858,291,0,VideoPacket
1773458920103404,31859,291,0,VideoPacket
1773458920103471,31860,291,0,VideoPacket
1773458920103538,31861,291,0,VideoPacket
1773458920103618,31862,1059,0,VideoPacket
1773458920103686,31863,1059,0,VideoPacket
1773458920144910,31864,1059,0,VideoPacket
1773458920145059,31865,291,0,VideoPacket
1773458920145137,31866,291,0,VideoPacket
1773458920145207,31867,291,0,VideoPacket
1773458920145277,31868,291,0,VideoPacket
1773458920145343,31869,291,0,VideoPacket
1773458920145410,31870,291,0,VideoPacket
1773458920145476,31871,291,0,VideoPacket
1773458920145544,31872,291,0,VideoPacket
1773458920145624,31873,291,0,VideoPacket
1773458920145693,31874,291,0,VideoPacket
1773458920145759,31875,291,0,VideoPacket
1773458920145826,31876,291,0,VideoPacket
1773458920145891,31877,291,0,VideoPacket
1773458920185514,31878,291,0,VideoPacket
1773458920185657,31879,291,0,VideoPacket
1773458920185730,31880,291,0,VideoPacket
1773458920185796,31881,291,0,VideoPacket
1773458920185863,31882,291,0,VideoPacket
1773458920185930,31883,291,0,VideoPacket
1773458920185995,31884,291,0,VideoPacket
1773458920186064,31885,291,0,VideoPacket
1773458920186133,31886,291,0,VideoPacket
1773458920186199,31887,291,0,VideoPacket
1773458920186266,31888,291,0,VideoPacket
1773458920186331,31889,291,0,VideoPacket
1773458920186394,31890,291,0,VideoPacket
1773458920186459,31891,291,0,VideoPacket
1773458920186527,31892,291,0,VideoPacket
1773458920186601,31893,291,0,VideoPacket
1773458920226304,31894,291,0,VideoPacket
1773458920226456,31895,291,0,VideoPacket
1773458920226528,31896,291,0,VideoPacket
1773458920226611,31897,291,0,VideoPacket
1773458920226684,31898,291,0,VideoPacket
1773458920226755,31899,291,0,VideoPacket
1773458920226829,31900,291,0,VideoPacket
1773458920226894,31901,291,0,VideoPacket
1773458920226958,31902,291,0,VideoPacket
1773458920227023,31903,291,0,VideoPacket
1773458920227084,31904,291,0,VideoPacket
1773458920227153,31905,291,0,VideoPacket
1773458920227230,31906,291,0,VideoPacket
1773458920227294,31907,291,0,VideoPacket
1773458920227358,31908,291,0,VideoPacket
1773458920227422,31909,291,0,VideoPacket
1773458920267556,31910,291,0,VideoPacket
1773458920267797,31911,291,0,VideoPacket
1773458920267933,31912,291,0,VideoPacket
1773458920268082,31913,291,0,VideoPacket
1773458920268218,31914,291,0,VideoPacket
1773458920268290,31915,291,0,VideoPacket
1773458920268359,31916,291,0,VideoPacket
1773458920268432,31917,291,0,VideoPacket
1773458920268502,31918,291,0,VideoPacket
1773458920268573,31919,291,0,VideoPacket
1773458920268656,31920,291,0,VideoPacket
1773458920268726,31921,291,0,VideoPacket
1773458920268797,31922,291,0,VideoPacket
1773458920268868,31923,291,0,VideoPacket
1773458920268939,31924,291,0,VideoPacket
1773458920269009,31925,291,0,VideoPacket
1773458920309339,31926,291,0,VideoPacket
1773458920309439,31927,291,0,VideoPacket
1773458920309513,31928,291,0,VideoPacket
1773458920309583,31929,291,0,VideoPacket
1773458920309665,31930,291,0,VideoPacket
1773458920309735,31931,291,0,VideoPacket
1773458920309805,31932,291,0,VideoPacket
1773458920309872,31933,291,0,VideoPacket
1773458920309950,31934,291,0,VideoPacket
1773458920310021,31935,291,0,VideoPacket
1773458920310094,31936,291,0,VideoPacket
1773458920310165,31937,291,0,VideoPacket
1773458920310234,31938,291,0,VideoPacket
1773458920310309,31939,291,0,VideoPacket
1773458920310380,31940,291,0,VideoPacket
1773458920310450,31941,291,0,VideoPacket
1773458920349297,31942,291,0,VideoPacket
1773458920349416,31943,291,0,VideoPacket
1773458920349487,31944,291,0,VideoPacket
1773458920349558,31945,291,0,VideoPacket
1773458920349643,31946,291,0,VideoPacket
1773458920349715,31947,291,0,VideoPacket
1773458920349787,31948,291,0,VideoPacket
1773458920349858,31949,547,0,VideoPacket
1773458920349932,31950,547,0,VideoPacket
1773458920350002,31951,547,0,VideoPacket
1773458920350073,31952,547,0,VideoPacket
1773458920350144,31953,547,0,VideoPacket
1773458920389416,17029,1061,0,Retransmission:31842
1773458920389512,31954,547,0,VideoPacket
1773458920389598,31955,547,0,VideoPacket
1773458920389670,31956,547,0,VideoPacket
1773458920389740,31957,547,0,VideoPacket
1773458920389810,31958,547,0,VideoPacket
1773458920389882,31959,547,0,VideoPacket
1773458920389954,31960,291,0,VideoPacket
1773458920390024,31961,291,0,VideoPacket
1773458920430653,31962,291,0,VideoPacket
1773458920430758,31963,291,0,VideoPacket
1773458920430836,31964,291,0,VideoPacket
1773458920430907,31965,291,0,VideoPacket
1773458920430977,31966,291,0,VideoPacket
1773458920431047,31967,291,0,VideoPacket
1773458920431118,31968,291,0,VideoPacket
1773458920431188,31969,291,0,VideoPacket
1773458920431258,31970,291,0,VideoPacket
1773458920431322,31971,291,0,VideoPacket
1773458920431384,31972,291,0,VideoPacket
1773458920431446,31973,291,0,VideoPacket
1773458920431516,31974,291,0,VideoPacket
1773458920431597,31975,291,0,VideoPacket
1773458920431671,31976,291,0,VideoPacket
1773458920431742,31977,291,0,VideoPacket
1773458920468561,31978,291,0,VideoPacket
1773458920468687,31979,291,0,VideoPacket
1773458920468759,31980,291,0,VideoPacket
1773458920468832,31981,291,0,VideoPacket
1773458920468901,31982,291,0,VideoPacket
1773458920468973,31983,291,0,VideoPacket
1773458920469045,31984,291,0,VideoPacket
1773458920469116,31985,291,0,VideoPacket
1773458920469188,31986,291,0,VideoPacket
1773458920469257,31987,291,0,VideoPacket
1773458920469328,31988,291,0,VideoPacket
1773458920469398,31989,291,0,VideoPacket
1773458920469470,31990,291,0,VideoPacket
1773458920469538,31991,291,0,VideoPacket
1773458920469621,31992,291,0,VideoPacket
1773458920469691,31993,291,0,VideoPacket
1773458920507928,17030,293,0,Retransmission:31870
1773458920508026,31994,291,0,VideoPacket
1773458920508128,31995,291,0,VideoPacket
1773458920508204,31996,291,0,VideoPacket
1773458920508275,31997,291,0,VideoPacket
1773458920508344,31998,291,0,VideoPacket
1773458920508415,31999,291,0,VideoPacket
1773458920508485,32000,291,0,VideoPacket
1773458920508557,32001,291,0,VideoPacket
1773458920508636,32002,291,0,VideoPacket
1773458920508707,32003,291,0,VideoPacket
1773458920508776,32004,291,0,VideoPacket
1773458920508847,32005,291,0,VideoPacket
1773458920508915,32006,291,0,VideoPacket
1773458920508986,32007,291,0,VideoPacket
1773458920509057,32008,291,0,VideoPacket
1773458920549542,32009,291,0,VideoPacket
1773458920549698,32010,291,0,VideoPacket
1773458920549773,32011,291,0,VideoPacket
1773458920549843,32012,291,0,VideoPacket
1773458920549915,32013,291,0,VideoPacket
1773458920549984,32014,291,0,VideoPacket
1773458920550057,32015,291,0,VideoPacket
1773458920550128,32016,291,0,VideoPacket
1773458920550200,32017,291,0,VideoPacket
1773458920550268,32018,291,0,VideoPacket
1773458920550338,32019,291,0,VideoPacket
1773458920550407,32020,291,0,VideoPacket
1773458920550478,32021,291,0,VideoPacket
1773458920550546,32022,291,0,VideoPacket
1773458920550626,32023,291,0,VideoPacket
1773458920550700,32024,291,0,VideoPacket
1773458920587848,32025,291,0,VideoPacket
1773458920587947,32026,291,0,VideoPacket
1773458920588013,32027,291,0,VideoPacket
1773458920588102,32028,291,0,VideoPacket
1773458920588174,32029,547,0,VideoPacket
1773458920588247,32030,547,0,VideoPacket
1773458920588316,32031,547,0,VideoPacket
1773458920588394,32032,547,0,VideoPacket
1773458920588465,32033,803,0,VideoPacket
1773458920588535,32034,803,0,VideoPacket
1773458920588618,32035,803,0,VideoPacket
1773458920635099,17031,293,0,Retransmission:31894
1773458920635234,17032,293,0,Retransmission:31899
1773458920635301,17033,293,0,Retransmission:31902
1773458920635364,17034,293,0,Retransmission:31921
1773458920635427,17035,293,0,Retransmission:31925
1773458920635493,32036,803,0,VideoPacket
1773458920635576,32037,803,0,VideoPacket
1773458920635660,32038,803,0,VideoPacket
1773458920635731,32039,803,0,VideoPacket
1773458920635801,32040,803,0,VideoPacket
1773458920678825,32041,803,0,VideoPacket
1773458920678948,32042,803,0,VideoPacket
1773458920679047,32043,803,0,VideoPacket
1773458920679123,32044,803,0,VideoPacket
1773458920679193,32045,803,0,VideoPacket
1773458920679263,32046,803,0,VideoPacket
1773458920679335,32047,803,0,VideoPacket
1773458920722265,17036,293,0,Retransmission:31936
1773458920722361,17037,293,0,Retransmission:31944
1773458920722427,17038,293,0,Retransmission:31946
1773458920722489,32048,291,0,VideoPacket
1773458920722570,32049,291,0,VideoPacket
1773458920722652,32050,291,0,VideoPacket
1773458920722723,32051,291,0,VideoPacket
1773458920722796,32052,291,0,VideoPacket
1773458920722859,32053,291,0,VideoPacket
1773458920722920,32054,803,0,VideoPacket
1773458920722983,32055,803,0,VideoPacket
1773458920723054,32056,291,0,VideoPacket
1773458920723125,32057,291,0,VideoPacket
1773458920762742,32058,291,0,VideoPacket
1773458920762904,32059,291,0,VideoPacket
1773458920763010,32060,291,0,VideoPacket
1773458920763112,32061,291,0,VideoPacket
1773458920763215,32062,291,0,VideoPacket
1773458920763319,32063,291,0,VideoPacket
1773458920763423,32064,291,0,VideoPacket
1773458920763527,32065,291,0,VideoPacket
1773458920763640,32066,291,0,VideoPacket
1773458920763744,32067,291,0,VideoPacket
1773458920763847,32068,291,0,VideoPacket
1773458920763950,32069,291,0,VideoPacket
1773458920764068,32070,803,0,VideoPacket
1773458920764175,32071,803,0,VideoPacket
1773458920810769,17039,293,0,Retransmission:31966
1773458920810865,32072,803,0,VideoPacket
1773458920810949,32073,803,0,VideoPacket
1773458920811024,32074,547,0,VideoPacket
1773458920811092,32075,547,0,VideoPacket
1773458920811159,32076,547,0,VideoPacket
1773458920811227,32077,547,0,VideoPacket
1773458920811293,32078,547,0,VideoPacket
1773458920811360,32079,547,0,VideoPacket
1773458920846182,32080,547,0,VideoPacket
1773458920846318,32081,547,0,VideoPacket
1773458920846385,32082,547,0,VideoPacket
1773458920846448,32083,547,0,VideoPacket
1773458920846512,32084,547,0,VideoPacket
1773458920846576,32085,547,0,VideoPacket
1773458920846654,32086,547,0,VideoPacket
1773458920846716,32087,547,0,VideoPacket
1773458920846780,32088,547,0,VideoPacket
1773458920846841,32089,547,0,VideoPacket
1773458920890138,32090,547,0,VideoPacket
1773458920890295,32091,547,0,VideoPacket
1773458920890375,32092,547,0,VideoPacket
1773458920890443,32093,547,0,VideoPacket
1773458920890509,32094,547,0,VideoPacket
1773458920890575,32095,547,0,VideoPacket
1773458920890657,32096,547,0,VideoPacket
1773458920890724,32097,547,0,VideoPacket
1773458920890790,32098,547,0,VideoPacket
1773458920890857,32099,547,0,VideoPacket
1773458920933385,32100,547,0,VideoPacket
1773458920933517,32101,547,0,VideoPacket
1773458920933611,32102,291,0,VideoPacket
1773458920933683,32103,291,0,VideoPacket
1773458920933759,32104,291,0,VideoPacket
1773458920933829,32105,291,0,VideoPacket
1773458920933898,32106,291,0,VideoPacket
1773458920933966,32107,291,0,VideoPacket
1773458920934033,32108,291,0,VideoPacket
1773458920934100,32109,291,0,VideoPacket
1773458920934166,32110,291,0,VideoPacket
1773458920934233,32111,291,0,VideoPacket
1773458920934301,32112,291,0,VideoPacket
1773458920934368,32113,291,0,VideoPacket
1773458920934435,32114,291,0,VideoPacket
1773458920975798,32115,291,0,VideoPacket
1773458920975956,32116,291,0,VideoPacket
1773458920976034,32117,291,0,VideoPacket
1773458920976117,32118,291,0,VideoPacket
1773458920976185,32119,291,0,VideoPacket
1773458920976318,32120,291,0,VideoPacket
1773458920976459,32121,291,0,VideoPacket
1773458920976625,32122,291,0,VideoPacket
1773458920976725,32123,291,0,VideoPacket
1773458920976793,32124,291,0,VideoPacket
1773458920976862,32125,291,0,VideoPacket
1773458920976920,32126,291,0,VideoPacket
1773458920976986,32127,291,0,VideoPacket
1773458920977050,32128,291,0,VideoPacket
1773458920977112,32129,291,0,VideoPacket
1773458920977182,32130,291,0,VideoPacket
1773458920993024,32131,291,0,VideoPacket
1773458921016568,17040,293,0,Retransmission:31986
1773458921016663,17041,293,0,Retransmission:32000
1773458921016721,17042,293,0,Retransmission:31538
1773458921016780,32132,291,0,VideoPacket
1773458921016845,32133,291,0,VideoPacket
1773458921016908,32134,291,0,VideoPacket
1773458921016970,32135,291,0,VideoPacket
1773458921017031,32136,291,0,VideoPacket
1773458921017092,32137,291,0,VideoPacket
1773458921017153,32138,291,0,VideoPacket
1773458921017215,32139,291,0,VideoPacket
1773458921017277,32140,291,0,VideoPacket
1773458921017338,32141,291,0,VideoPacket
1773458921017397,32142,291,0,VideoPacket
1773458921017459,32143,291,0,VideoPacket
1773458921017520,32144,291,0,VideoPacket
1773458921017580,32145,291,0,VideoPacket
1773458921057131,17043,293,0,Retransmission:32008
1773458921057237,17044,293,0,Retransmission:32021
1773458921057299,32146,291,0,VideoPacket
1773458921057370,32147,291,0,VideoPacket
1773458921057433,32148,291,0,VideoPacket
1773458921057494,32149,291,0,VideoPacket
1773458921057554,32150,291,0,VideoPacket
1773458921057629,32151,291,0,VideoPacket
1773458921057690,32152,291,0,VideoPacket
1773458921057750,32153,291,0,VideoPacket
1773458921057812,32154,291,0,VideoPacket
1773458921057880,32155,291,0,VideoPacket
1773458921057942,32156,291,0,VideoPacket
1773458921058003,32157,291,0,VideoPacket
1773458921058070,32158,291,0,VideoPacket
1773458921058132,32159,291,0,VideoPacket
1773458921058195,32160,291,0,VideoPacket
1773458921098640,32161,291,0,VideoPacket
1773458921098743,32162,291,0,VideoPacket
1773458921098811,32163,291,0,VideoPacket
1773458921098873,32164,291,0,VideoPacket
1773458921098935,32165,291,0,VideoPacket
1773458921098997,32166,291,0,VideoPacket
1773458921099060,32167,291,0,VideoPacket
1773458921099122,32168,291,0,VideoPacket
1773458921099183,32169,291,0,VideoPacket
1773458921099245,32170,291,0,VideoPacket
1773458921099310,32171,291,0,VideoPacket
1773458921099372,32172,291,0,VideoPacket
1773458921099437,32173,291,0,VideoPacket
1773458921099499,32174,547,0,VideoPacket
1773458921099562,32175,547,0,VideoPacket
1773458921099636,32176,547,0,VideoPacket
1773458921141941,17045,805,0,Retransmission:32043
1773458921142061,17046,805,0,Retransmission:32044
1773458921142122,32177,547,0,VideoPacket
1773458921142195,32178,547,0,VideoPacket
1773458921142261,32179,291,0,VideoPacket
1773458921142324,32180,291,0,VideoPacket
1773458921142386,32181,291,0,VideoPacket
1773458921142449,32182,291,0,VideoPacket
1773458921142511,32183,291,0,VideoPacket
1773458921142575,32184,291,0,VideoPacket
1773458921142653,32185,291,0,VideoPacket
1773458921142716,32186,291,0,VideoPacket
1773458921142778,32187,291,0,VideoPacket
1773458921183806,17047,293,0,Retransmission:32068
1773458921183899,17048,805,0,Retransmission:32072
1773458921183955,32188,291,0,VideoPacket
1773458921184028,32189,291,0,VideoPacket
1773458921184107,32190,291,0,VideoPacket
1773458921184172,32191,291,0,VideoPacket
1773458921184235,32192,291,0,VideoPacket
1773458921184296,32193,291,0,VideoPacket
1773458921184357,32194,291,0,VideoPacket
1773458921184420,32195,291,0,VideoPacket
1773458921184484,32196,291,0,VideoPacket
1773458921184545,32197,291,0,VideoPacket
1773458921184619,32198,291,0,VideoPacket
1773458921184681,32199,291,0,VideoPacket
1773458921184745,32200,291,0,VideoPacket
1773458921184812,32201,291,0,VideoPacket
1773458921240829,32202,291,0,VideoPacket
1773458921240952,32203,291,0,VideoPacket
1773458921241034,32204,291,0,VideoPacket
1773458921241097,32205,291,0,VideoPacket
1773458921241158,32206,291,0,VideoPacket
1773458921241220,32207,291,0,VideoPacket
1773458921241281,32208,291,0,VideoPacket
1773458921241343,32209,291,0,VideoPacket
1773458921241420,32210,291,0,VideoPacket
1773458921241481,32211,291,0,VideoPacket
1773458921241542,32212,291,0,VideoPacket
1773458921241613,32213,291,0,VideoPacket
1773458921241675,32214,291,0,VideoPacket
1773458921241736,32215,291,0,VideoPacket
1773458921241798,32216,291,0,VideoPacket
1773458921241860,32217,291,0,VideoPacket
1773458921241922,32218,291,0,VideoPacket
1773458921264723,32219,291,0,VideoPacket
1773458921264833,32220,547,0,VideoPacket
1773458921264900,32221,547,0,VideoPacket
1773458921264963,32222,547,0,VideoPacket
1773458921265026,32223,1059,0,VideoPacket
1773458921265088,32224,1059,0,VideoPacket
1773458921265151,32225,1059,0,VideoPacket
1773458921265212,32226,1059,0,VideoPacket
1773458921309262,32227,1059,0,VideoPacket
1773458921309370,32228,547,0,VideoPacket
1773458921309437,32229,547,0,VideoPacket
1773458921309500,32230,547,0,VideoPacket
1773458921309565,32231,547,0,VideoPacket
1773458921309639,32232,547,0,VideoPacket
1773458921309708,32233,291,0,VideoPacket
1773458921309771,32234,291,0,VideoPacket
1773458921309835,32235,291,0,VideoPacket
1773458921309897,32236,291,0,VideoPacket
1773458921309961,32237,291,0,VideoPacket
1773458921349689,32238,291,0,VideoPacket
1773458921349821,32239,291,0,VideoPacket
1773458921349904,32240,291,0,VideoPacket
1773458921349972,32241,291,0,VideoPacket
1773458921350035,32242,291,0,VideoPacket
1773458921350097,32243,291,0,VideoPacket
1773458921350161,32244,291,0,VideoPacket
1773458921350223,32245,291,0,VideoPacket
1773458921350287,32246,291,0,VideoPacket
1773458921350350,32247,291,0,VideoPacket
1773458921350412,32248,291,0,VideoPacket
1773458921350474,32249,291,0,VideoPacket
1773458921350536,32250,291,0,VideoPacket
1773458921350614,32251,291,0,VideoPacket
1773458921350677,32252,291,0,VideoPacket
1773458921350738,32253,291,0,VideoPacket
1773458921350802,32254,291,0,VideoPacket
1773458921389610,32255,291,0,VideoPacket
1773458921389783,32256,291,0,VideoPacket
1773458921389859,32257,291,0,VideoPacket
1773458921389923,32258,291,0,VideoPacket
1773458921389991,32259,291,0,VideoPacket
1773458921390053,32260,291,0,VideoPacket
1773458921390115,32261,291,0,VideoPacket
1773458921390179,32262,291,0,VideoPacket
1773458921390241,32263,291,0,VideoPacket
1773458921390304,32264,291,0,VideoPacket
1773458921390369,32265,291,0,VideoPacket
1773458921390432,32266,291,0,VideoPacket
1773458921390493,32267,291,0,VideoPacket
1773458921390555,32268,291,0,VideoPacket
1773458921390629,32269,291,0,VideoPacket
1773458921390692,32270,291,0,VideoPacket
1773458921390758,32271,291,0,VideoPacket
1773458921429393,32272,291,0,VideoPacket
1773458921429528,32273,291,0,VideoPacket
1773458921429620,32274,291,0,VideoPacket
1773458921429686,32275,291,0,VideoPacket
1773458921429749,32276,291,0,VideoPacket
1773458921429812,32277,291,0,VideoPacket
1773458921429873,32278,291,0,VideoPacket
1773458921429936,32279,291,0,VideoPacket
1773458921429998,32280,291,0,VideoPacket
1773458921430060,32281,291,0,VideoPacket
1773458921430126,32282,291,0,VideoPacket
1773458921430189,32283,291,0,VideoPacket
1773458921430251,32284,291,0,VideoPacket
1773458921430313,32285,291,0,VideoPacket
1773458921430376,32286,291,0,VideoPacket
1773458921430439,32287,291,0,VideoPacket
1773458921430501,32288,291,0,VideoPacket
1773458921470542,32289,291,0,VideoPacket
1773458921470675,32290,291,0,VideoPacket
1773458921470746,32291,291,0,VideoPacket
1773458921470810,32292,291,0,VideoPacket
1773458921470872,32293,291,0,VideoPacket
1773458921470935,32294,291,0,VideoPacket
1773458921470997,32295,291,0,VideoPacket
1773458921471060,32296,291,0,VideoPacket
1773458921471127,32297,291,0,VideoPacket
1773458921471189,32298,291,0,VideoPacket
1773458921471252,32299,291,0,VideoPacket
1773458921471316,32300,291,0,VideoPacket
1773458921471380,32301,291,0,VideoPacket
1773458921471441,32302,291,0,VideoPacket
1773458921471504,32303,291,0,VideoPacket
1773458921471568,32304,291,0,VideoPacket
1773458921471644,32305,291,0,VideoPacket
1773458921509549,32306,291,0,VideoPacket
1773458921509697,32307,291,0,VideoPacket
1773458921509777,32308,291,0,VideoPacket
1773458921509859,32309,291,0,VideoPacket
1773458921509923,32310,291,0,VideoPacket
1773458921509988,32311,291,0,VideoPacket
1773458921510053,32312,291,0,VideoPacket
1773458921510115,32313,291,0,VideoPacket
1773458921510178,32314,291,0,VideoPacket
1773458921510241,32315,291,0,VideoPacket
1773458921510303,32316,291,0,VideoPacket
1773458921510367,32317,291,0,VideoPacket
1773458921510430,32318,291,0,VideoPacket
1773458921510493,32319,291,0,VideoPacket
1773458921510556,32320,291,0,VideoPacket
1773458921510629,32321,291,0,VideoPacket
1773458921510692,32322,291,0,VideoPacket
1773458921550785,17049,549,0,Retransmission:32083
1773458921550931,17050,549,0,Retransmission:32085
1773458921550991,17051,549,0,Retransmission:32099
1773458921551052,32323,291,0,VideoPacket
1773458921551128,32324,291,0,VideoPacket
1773458921551191,32325,291,0,VideoPacket
1773458921551252,32326,291,0,VideoPacket
1773458921551319,32327,291,0,VideoPacket
1773458921551381,32328,291,0,VideoPacket
1773458921551444,32329,291,0,VideoPacket
1773458921551507,32330,291,0,VideoPacket
1773458921551569,32331,291,0,VideoPacket
1773458921551646,32332,291,1,VideoPacket
1773458921551709,32333,291,1,VideoPacket
1773458921551771,32334,291,1,VideoPacket
1773458921590805,32335,291,1,VideoPacket
1773458921590963,32336,291,1,VideoPacket
1773458921591059,32337,291,1,VideoPacket
1773458921591152,32338,291,1,VideoPacket
1773458921591257,32339,291,1,VideoPacket
1773458921591334,32340,291,1,VideoPacket
1773458921591402,32341,291,1,VideoPacket
1773458921591464,32342,291,1,VideoPacket
1773458921591526,32343,291,1,VideoPacket
1773458921591597,32344,291,1,VideoPacket
1773458921591661,32345,291,1,VideoPacket
1773458921591723,32346,291,1,VideoPacket
1773458921591785,32347,291,1,VideoPacket
1773458921591850,32348,291,1,VideoPacket
1773458921591914,32349,291,1,VideoPacket
1773458921591978,32350,291,1,VideoPacket
1773458921592062,32351,291,1,VideoPacket
1773458921631450,32352,291,1,VideoPacket
1773458921631616,32353,291,1,VideoPacket
1773458921631691,32354,291,1,VideoPacket
1773458921631755,32355,291,1,VideoPacket
1773458921631820,32356,291,1,VideoPacket
1773458921631890,32357,291,1,VideoPacket
1773458921631953,32358,291,1,VideoPacket
1773458921632015,32359,291,1,VideoPacket
1773458921632098,32360,291,1,VideoPacket
1773458921632165,32361,291,1,VideoPacket
1773458921632229,32362,291,1,VideoPacket
1773458921632291,32363,291,1,VideoPacket
1773458921632354,32364,291,1,VideoPacket
1773458921632418,32365,291,1,VideoPacket
1773458921632481,32366,291,1,VideoPacket
1773458921632543,32367,291,1,VideoPacket
1773458921632619,32368,291,1,VideoPacket
1773458921671029,32369,291,1,VideoPacket
1773458921671153,32370,291,1,VideoPacket
1773458921671221,32371,291,1,VideoPacket
1773458921671284,32372,291,1,VideoPacket
1773458921671347,32373,291,1,VideoPacket
1773458921671409,32374,291,1,VideoPacket
1773458921671471,32375,291,1,VideoPacket
1773458921671533,32376,291,1,VideoPacket
1773458921671610,32377,291,0,VideoPacket
1773458921671675,32378,291,0,VideoPacket
1773458921671739,32379,291,0,VideoPacket
1773458921671803,32380,291,0,VideoPacket
1773458921671865,32381,291,0,VideoPacket
1773458921671927,32382,291,0,VideoPacket
1773458921671989,32383,291,0,VideoPacket
1773458921672068,32384,291,0,VideoPacket
1773458921672133,32385,291,0,VideoPacket
1773458921712102,32386,291,0,VideoPacket
1773458921712259,32387,291,0,VideoPacket
1773458921712336,32388,291,0,VideoPacket
1773458921712399,32389,291,0,VideoPacket
1773458921712461,32390,291,0,VideoPacket
1773458921712524,32391,291,0,VideoPacket
1773458921712598,32392,291,0,VideoPacket
1773458921712666,32393,291,0,VideoPacket
1773458921712734,32394,291,0,VideoPacket
1773458921712797,32395,291,0,VideoPacket
1773458921712861,32396,291,0,VideoPacket
1773458921712920,32397,291,0,VideoPacket
1773458921712983,32398,291,0,VideoPacket
1773458921713045,32399,291,0,VideoPacket
1773458921713107,32400,291,0,VideoPacket
1773458921713171,32401,291,0,VideoPacket
1773458921713233,32402,291,0,VideoPacket
1773458921751794,32403,291,0,VideoPacket
1773458921751925,32404,291,0,VideoPacket
1773458921752001,32405,291,0,VideoPacket
1773458921752093,32406,291,0,VideoPacket
1773458921752158,32407,291,0,VideoPacket
1773458921752221,32408,291,0,VideoPacket
1773458921752287,32409,291,0,VideoPacket
1773458921752349,32410,291,0,VideoPacket
1773458921752413,32411,291,0,VideoPacket
1773458921752478,32412,291,0,VideoPacket
1773458921752543,32413,291,0,VideoPacket
1773458921752616,32414,291,0,VideoPacket
1773458921752680,32415,291,0,VideoPacket
1773458921752742,32416,291,0,VideoPacket
1773458921752805,32417,291,0,VideoPacket
1773458921752868,32418,291,0,VideoPacket
1773458921752931,32419,291,0,VideoPacket
1773458921790152,32420,291,0,VideoPacket
1773458921790260,32421,291,0,VideoPacket
1773458921790328,32422,291,0,VideoPacket
1773458921790395,32423,291,0,VideoPacket
1773458921790462,32424,291,0,VideoPacket
1773458921790529,32425,291,0,VideoPacket
1773458921790603,32426,291,0,VideoPacket
1773458921790670,32427,291,0,VideoPacket
1773458921790741,32428,547,0,VideoPacket
1773458921790807,32429,547,0,VideoPacket
1773458921790874,32430,547,0,VideoPacket
1773458921790940,32431,547,0,VideoPacket
1773458921791009,32432,547,0,VideoPacket
1773458921791078,32433,291,0,VideoPacket
1773458921833077,32434,291,0,VideoPacket
1773458921833177,32435,291,0,VideoPacket
1773458921833248,32436,291,0,VideoPacket
1773458921833317,32437,291,0,VideoPacket
1773458921833385,32438,291,0,VideoPacket
1773458921833451,32439,291,0,VideoPacket
1773458921833518,32440,291,0,VideoPacket
1773458921833598,32441,291,0,VideoPacket
1773458921833668,32442,291,0,VideoPacket
1773458921833735,32443,291,0,VideoPacket
1773458921833801,32444,291,0,VideoPacket
1773458921833868,32445,291,0,VideoPacket
1773458921833934,32446,291,0,VideoPacket
1773458921833999,32447,291,0,VideoPacket
1773458921834065,32448,291,0,VideoPacket
1773458921834131,32449,291,0,VideoPacket
1773458921834199,32450,291,0,VideoPacket
1773458921873236,32451,291,0,VideoPacket
1773458921873398,32452,291,0,VideoPacket
1773458921873476,32453,291,0,VideoPacket
1773458921873543,32454,291,0,VideoPacket
1773458921873627,32455,291,0,VideoPacket
1773458921873698,32456,291,0,VideoPacket
1773458921873765,32457,291,0,VideoPacket
1773458921873831,32458,291,0,VideoPacket
1773458921873899,32459,547,0,VideoPacket
1773458921873967,32460,547,0,VideoPacket
1773458921874033,32461,547,0,VideoPacket
1773458921874099,32462,547,0,VideoPacket
1773458921874166,32463,547,0,VideoPacket
1773458921874236,32464,291,0,VideoPacket
1773458921914546,32465,291,0,VideoPacket
1773458921914680,32466,291,0,VideoPacket
1773458921914754,32467,291,0,VideoPacket
1773458921914824,32468,291,0,VideoPacket
1773458921914894,32469,291,0,VideoPacket
1773458921914961,32470,291,0,VideoPacket
1773458921915030,32471,291,0,VideoPacket
1773458921915099,32472,291,0,VideoPacket
1773458921915167,32473,291,0,VideoPacket
1773458921915235,32474,291,0,VideoPacket
1773458921915303,32475,291,0,VideoPacket
1773458921915373,32476,291,0,VideoPacket
1773458921915440,32477,291,0,VideoPacket
1773458921915506,32478,291,0,VideoPacket
1773458921915575,32479,291,0,VideoPacket
1773458921915656,32480,291,0,VideoPacket
1773458921915723,32481,291,0,VideoPacket
1773458921930329,32482,291,0,VideoPacket
1773458921955012,17052,293,0,Retransmission:32243
1773458921955140,17053,293,0,Retransmission:32251
1773458921955204,17054,293,0,Retransmission:32252
1773458921955261,17055,293,0,Retransmission:32254
1773458921955323,17056,293,0,Retransmission:32258
1773458921955380,17057,293,0,Retransmission:31848
1773458921955447,32483,291,0,VideoPacket
1773458921955525,32484,291,0,VideoPacket
1773458921955605,32485,291,0,VideoPacket
1773458921955674,32486,291,0,VideoPacket
1773458921955741,32487,291,0,VideoPacket
1773458921955807,32488,291,0,VideoPacket
1773458921955877,32489,547,0,VideoPacket
1773458921955948,32490,547,0,VideoPacket
1773458921956022,32491,547,0,VideoPacket
1773458921956113,32492,547,0,VideoPacket
1773458921997665,32493,547,0,VideoPacket
1773458921997791,32494,291,0,VideoPacket
1773458921997871,32495,291,0,VideoPacket
1773458921997939,32496,291,0,VideoPacket
1773458921998007,32497,291,0,VideoPacket
1773458921998088,32498,291,0,VideoPacket
1773458921998159,32499,291,0,VideoPacket
1773458921998226,32500,291,0,VideoPacket
1773458921998295,32501,291,0,VideoPacket
1773458921998361,32502,291,0,VideoPacket
1773458921998428,32503,291,0,VideoPacket
1773458921998493,32504,291,0,VideoPacket
1773458921998562,32505,291,0,VideoPacket
1773458921998639,32506,291,0,VideoPacket
1773458921998711,32507,291,0,VideoPacket
1773458921998777,32508,291,0,VideoPacket
1773458921998850,32509,291,0,VideoPacket
1773458921998916,32510,291,0,VideoPacket
1773458922038639,17058,293,0,Retransmission:32289
1773458922038729,17059,293,0,Retransmission:32299
1773458922038795,32511,291,0,VideoPacket
1773458922038873,32512,291,0,VideoPacket
1773458922038940,32513,291,0,VideoPacket
1773458922039002,32514,291,0,VideoPacket
1773458922039067,32515,291,0,VideoPacket
1773458922039133,32516,291,0,VideoPacket
1773458922039201,32517,291,0,VideoPacket
1773458922039268,32518,291,0,VideoPacket
1773458922039336,32519,291,0,VideoPacket
1773458922039402,32520,291,0,VideoPacket
1773458922039471,32521,291,0,VideoPacket
1773458922039536,32522,291,0,VideoPacket
1773458922039613,32523,291,0,VideoPacket
1773458922039680,32524,291,0,VideoPacket
1773458922039746,32525,291,0,VideoPacket
1773458922039813,32526,291,0,VideoPacket
1773458922080063,32527,291,0,VideoPacket
1773458922080173,32528,291,0,VideoPacket
1773458922080334,32529,291,0,VideoPacket
1773458922080450,32530,291,0,VideoPacket
1773458922080528,32531,291,0,VideoPacket
1773458922080679,32532,291,0,VideoPacket
1773458922080750,32533,291,0,VideoPacket
1773458922080814,32534,291,0,VideoPacket
1773458922080970,32535,291,0,VideoPacket
1773458922081038,32536,291,0,VideoPacket
1773458922081103,32537,291,0,VideoPacket
1773458922081169,32538,291,0,VideoPacket
1773458922081232,32539,291,0,VideoPacket
1773458922081299,32540,291,0,VideoPacket
1773458922081365,32541,291,0,VideoPacket
1773458922081432,32542,291,0,VideoPacket
1773458922081498,32543,291,0,VideoPacket
1773458922081566,32544,291,0,VideoPacket
1773458922138077,32545,291,0,VideoPacket
1773458922138185,32546,291,0,VideoPacket
1773458922138267,32547,291,0,VideoPacket
1773458922138416,32548,291,0,VideoPacket
1773458922138491,32549,291,0,VideoPacket
1773458922138568,32550,291,0,VideoPacket
1773458922138652,32551,291,0,VideoPacket
1773458922138734,32552,291,0,VideoPacket
1773458922138801,32553,291,0,VideoPacket
1773458922138868,32554,291,0,VideoPacket
1773458922138933,32555,291,0,VideoPacket
1773458922139000,32556,291,0,VideoPacket
1773458922139064,32557,291,0,VideoPacket
1773458922139131,32558,291,0,VideoPacket
1773458922139198,32559,291,0,VideoPacket
1773458922139260,32560,291,0,VideoPacket
1773458922139326,32561,291,0,VideoPacket
1773458922139389,32562,291,0,VideoPacket
1773458922160978,32563,291,0,VideoPacket
1773458922161144,32564,291,0,VideoPacket
1773458922161220,32565,291,0,VideoPacket
1773458922161287,32566,291,0,VideoPacket
1773458922161355,32567,291,0,VideoPacket
1773458922161421,32568,291,0,VideoPacket
1773458922161487,32569,291,0,VideoPacket
1773458922161552,32570,291,0,VideoPacket
1773458922161630,32571,291,0,VideoPacket
1773458922161694,32572,291,0,VideoPacket
1773458922161756,32573,291,0,VideoPacket
1773458922161817,32574,291,0,VideoPacket
1773458922161877,32575,291,0,VideoPacket
1773458922161943,32576,291,0,VideoPacket
1773458922162004,32577,291,0,VideoPacket
1773458922162066,32578,291,0,VideoPacket
1773458922162128,32579,291,0,VideoPacket
1773458922162193,32580,547,0,VideoPacket
1773458922231846,32581,547,0,VideoPacket
1773458922231958,32582,547,0,VideoPacket
1773458922232036,32583,547,0,VideoPacket
1773458922232133,32584,547,0,VideoPacket
1773458922232204,32585,1059,0,VideoPacket
1773458922232272,32586,1059,0,VideoPacket
1773458922232339,32587,547,0,VideoPacket
1773458922232407,32588,547,0,VideoPacket
1773458922232474,32589,547,0,VideoPacket
1773458922243143,32590,803,0,VideoPacket
1773458922243265,32591,803,0,VideoPacket
1773458922243330,32592,547,0,VideoPacket
1773458922243393,32593,547,0,VideoPacket
1773458922243460,32594,547,0,VideoPacket
1773458922243530,32595,547,0,VideoPacket
1773458922243628,32596,291,0,VideoPacket
1773458922243701,32597,291,0,VideoPacket
1773458922243768,32598,291,0,VideoPacket
1773458922243834,32599,291,0,VideoPacket
1773458922243902,32600,291,0,VideoPacket
1773458922243969,32601,291,0,VideoPacket
1773458922282271,17060,293,0,Retransmission:32315
1773458922282430,17061,293,0,Retransmission:32316
1773458922282496,17062,293,0,Retransmission:32336
1773458922282555,17063,293,0,Retransmission:32349
1773458922282632,17064,293,0,Retransmission:32371
1773458922282699,32602,291,0,VideoPacket
1773458922282784,32603,291,0,VideoPacket
1773458922282852,32604,291,0,VideoPacket
1773458922282922,32605,291,0,VideoPacket
1773458922282993,32606,291,0,VideoPacket
1773458922283063,32607,291,0,VideoPacket
1773458922283132,32608,291,0,VideoPacket
1773458922283198,32609,291,0,VideoPacket
1773458922283266,32610,291,0,VideoPacket
1773458922283333,32611,291,0,VideoPacket
1773458922283399,32612,803,0,VideoPacket
1773458922283466,32613,803,0,VideoPacket
1773458922328957,17065,293,0,Retransmission:32387
1773458922329104,32614,803,0,VideoPacket
1773458922329184,32615,291,0,VideoPacket
1773458922329256,32616,291,0,VideoPacket
1773458922329333,32617,291,0,VideoPacket
1773458922329408,32618,291,0,VideoPacket
1773458922329475,32619,291,0,VideoPacket
1773458922329543,32620,291,0,VideoPacket
1773458922329619,32621,291,0,VideoPacket
1773458922329688,32622,291,0,VideoPacket
1773458922329755,32623,291,0,VideoPacket
1773458922329822,32624,291,0,VideoPacket
1773458922329891,32625,1059,0,VideoPacket
1773458922329958,32626,1059,0,VideoPacket
1773458922374223,17066,293,0,Retransmission:32390
1773458922374317,17067,293,0,Retransmission:32391
1773458922374380,17068,293,0,Retransmission:32393
1773458922374439,17069,293,0,Retransmission:32397
1773458922374506,32627,1059,0,VideoPacket
1773458922374595,32628,291,0,VideoPacket
1773458922374666,32629,291,0,VideoPacket
1773458922374736,32630,291,0,VideoPacket
1773458922374803,32631,291,0,VideoPacket
1773458922374873,32632,291,0,VideoPacket
1773458922374941,32633,291,0,VideoPacket
1773458922375010,32634,291,0,VideoPacket
1773458922375074,32635,291,0,VideoPacket
1773458922375136,32636,291,0,VideoPacket
1773458922375198,32637,291,0,VideoPacket
1773458922375268,32638,291,0,VideoPacket
1773458922401978,17070,293,0,Retransmission:32401
1773458922414569,17071,293,0,Retransmission:32402
1773458922414665,17072,293,0,Retransmission:32407
1773458922414729,17073,293,0,Retransmission:32427
1773458922414791,32639,291,0,VideoPacket
1773458922414870,32640,291,0,VideoPacket
1773458922414936,32641,291,0,VideoPacket
1773458922415004,32642,291,0,VideoPacket
1773458922415070,32643,291,0,VideoPacket
1773458922415136,32644,291,0,VideoPacket
1773458922415202,32645,1059,0,VideoPacket
1773458922415271,32646,1059,0,VideoPacket
1773458922415338,32647,291,0,VideoPacket
1773458922415404,32648,291,0,VideoPacket
1773458922415469,32649,291,0,VideoPacket
1773458922455118,32650,291,0,VideoPacket
1773458922455269,32651,291,0,VideoPacket
1773458922455343,32652,291,0,VideoPacket
1773458922455405,32653,291,0,VideoPacket
1773458922455471,32654,291,0,VideoPacket
1773458922455532,32655,291,0,VideoPacket
1773458922455621,32656,291,0,VideoPacket
1773458922455687,32657,291,0,VideoPacket
1773458922455753,32658,291,0,VideoPacket
1773458922455815,32659,291,0,VideoPacket
1773458922455879,32660,291,0,VideoPacket
1773458922455940,32661,291,0,VideoPacket
1773458922456005,32662,547,0,VideoPacket
1773458922456082,32663,547,0,VideoPacket
1773458922456149,32664,547,0,VideoPacket
1773458922456211,32665,547,0,VideoPacket
1773458922496101,17074,293,0,Retransmission:32448
1773458922496191,17075,549,0,Retransmission:32461
1773458922496253,32666,547,0,VideoPacket
1773458922496328,32667,547,0,VideoPacket
1773458922496392,32668,547,0,VideoPacket
1773458922496454,32669,547,0,VideoPacket
1773458922543707,32670,291,0,VideoPacket
1773458922543833,32671,291,0,VideoPacket
1773458922543895,32672,291,0,VideoPacket
1773458922543952,32673,291,0,VideoPacket
1773458922544013,32674,291,0,VideoPacket
1773458922544094,32675,291,0,VideoPacket
1773458922544173,32676,291,0,VideoPacket
1773458922544236,32677,291,0,VideoPacket
1773458922544297,32678,291,0,VideoPacket
1773458922544359,32679,291,0,VideoPacket
1773458922619382,17076,293,0,Retransmission:32508
1773458922626102,32680,291,0,VideoPacket
1773458922626211,32681,291,0,VideoPacket
1773458922626279,32682,291,0,VideoPacket
1773458922626344,32683,291,0,VideoPacket
1773458922626407,32684,291,0,VideoPacket
1773458922626471,32685,291,0,VideoPacket
1773458922626533,32686,291,0,VideoPacket
1773458922626609,32687,291,0,VideoPacket
1773458922626674,32688,291,0,VideoPacket
1773458922661097,17077,293,0,Retransmission:32525
1773458922705745,17078,293,0,Retransmission:32542
1773458922709773,32689,547,0,VideoPacket
1773458922709867,32690,547,0,VideoPacket
1773458922709932,32691,547,0,VideoPacket
1773458922709997,32692,547,0,VideoPacket
1773458922710060,32693,547,0,VideoPacket
1773458922737509,17079,293,0,Retransmission:32563
1773458922756169,17080,293,0,Retransmission:32573
1773458922787353,17081,549,0,Retransmission:32588
1773458922793829,32694,1059,0,VideoPacket
1773458922793941,32695,1059,0,VideoPacket
1773458922796856,17082,549,0,Retransmission:32593
1773458922812226,17083,293,0,Retransmission:32596
1773458922877737,32696,291,0,VideoPacket
1773458922877852,32697,291,0,VideoPacket
1773458922877932,32698,291,0,VideoPacket
1773458922877995,32699,291,0,VideoPacket
1773458922878058,32700,291,0,VideoPacket
1773458922878122,32701,291,0,VideoPacket
1773458922878185,32702,291,0,VideoPacket
1773458922878249,32703,291,0,VideoPacket
1773458922878313,32704,291,0,VideoPacket
1773458922878377,32705,291,0,VideoPacket
1773458922878441,32706,291,0,VideoPacket
1773458922878504,32707,291,0,VideoPacket
1773458922878568,32708,291,0,VideoPacket
1773458922878658,32709,291,0,VideoPacket
1773458922941618,17084,293,0,Retransmission:32656
1773458922987494,32710,547,1,VideoPacket
1773458922987629,32711,547,1,VideoPacket
1773458922987711,32712,547,1,VideoPacket
1773458922987782,32713,547,1,VideoPacket
1773458922987855,32714,547,1,VideoPacket
1773458922987931,32715,547,1,VideoPacket
1773458922988026,32716,547,1,VideoPacket
1773458922988130,32717,547,1,VideoPacket
1773458923065560,17085,293,0,Retransmission:32679
1773458923065674,17086,293,0,Retransmission:32682
1773458923065735,17087,293,0,Retransmission:32684
1773458923065792,17088,293,0,Retransmission:32687
1773458923065850,32718,547,1,VideoPacket
1773458923065931,32719,547,1,VideoPacket
1773458923065996,32720,547,1,VideoPacket
1773458923114913,32721,547,1,VideoPacket
1773458923115035,32722,547,1,VideoPacket
1773458923115113,32723,547,1,VideoPacket
1773458923115182,32724,547,1,VideoPacket
1773458923115256,32725,547,1,VideoPacket
1773458923182958,32726,547,1,VideoPacket
1773458923183078,32727,547,1,VideoPacket
1773458923183153,32728,547,1,VideoPacket
1773458923183216,32729,547,1,VideoPacket
1773458923183280,32730,547,1,VideoPacket
1773458923183343,32731,547,1,VideoPacket
1773458923183408,32732,547,1,VideoPacket
1773458923183473,32733,547,1,VideoPacket
1773458923183549,32734,547,1,VideoPacket
1773458923183623,32735,547,1,VideoPacket
1773458923219120,17089,293,0,Retransmission:32427
1773458923219219,32736,547,1,VideoPacket
1773458923219290,32737,291,0,VideoPacket
1773458923219355,32738,291,0,VideoPacket
1773458923219419,32739,291,0,VideoPacket
1773458923219484,32740,291,0,VideoPacket
1773458923219548,32741,291,0,VideoPacket
1773458923219625,32742,291,0,VideoPacket
1773458923261130,32743,291,0,VideoPacket
1773458923261268,32744,291,0,VideoPacket
1773458923261347,32745,291,0,VideoPacket
1773458923261414,32746,291,0,VideoPacket
1773458923261483,32747,291,0,VideoPacket
1773458923261550,32748,291,0,VideoPacket
1773458923261632,32749,291,0,VideoPacket
1773458923261701,32750,291,0,VideoPacket
1773458923261768,32751,291,0,VideoPacket
1773458923352554,32752,291,0,VideoPacket
1773458923352674,32753,291,0,VideoPacket
1773458923352753,32754,291,0,VideoPacket
1773458923352816,32755,291,0,VideoPacket
1773458923352880,32756,291,0,VideoPacket
1773458923352943,32757,291,0,VideoPacket
1773458923353007,32758,291,0,VideoPacket
1773458923353076,32759,291,0,VideoPacket
1773458923353141,32760,291,0,VideoPacket
1773458923353209,32761,291,0,VideoPacket
1773458923353272,32762,291,0,VideoPacket
1773458923353334,32763,291,0,VideoPacket
1773458923353397,32764,291,0,VideoPacket
1773458923353458,32765,291,0,VideoPacket
1773458923353520,32766,291,0,VideoPacket
1773458923353582,32767,291,0,VideoPacket
1773458923353659,32768,291,0,VideoPacket
1773458923353721,32769,291,0,VideoPacket
1773458923385607,32770,291,0,VideoPacket
1773458923385722,32771,291,0,VideoPacket
1773458923385793,32772,291,0,VideoPacket
1773458923385859,32773,291,0,VideoPacket
1773458923385927,32774,291,0,VideoPacket
1773458923385992,32775,291,0,VideoPacket
1773458923386061,32776,291,0,VideoPacket
1773458923386132,32777,291,0,VideoPacket
1773458923386203,32778,291,0,VideoPacket
1773458923463793,32779,291,0,VideoPacket
1773458923463910,32780,291,0,VideoPacket
1773458923463984,32781,291,0,VideoPacket
1773458923464061,32782,291,0,VideoPacket
1773458923464128,32783,291,0,VideoPacket
1773458923464190,32784,291,0,VideoPacket
1773458923464253,32785,291,0,VideoPacket
1773458923464317,32786,291,0,VideoPacket
1773458923464380,32787,291,0,VideoPacket
1773458923484840,32788,291,0,VideoPacket
1773458923484934,32789,291,0,VideoPacket
1773458923484990,32790,291,0,VideoPacket
1773458923485042,32791,291,0,VideoPacket
1773458923485098,32792,291,0,VideoPacket
1773458923485177,32793,291,0,VideoPacket
1773458923485242,32794,291,0,VideoPacket
1773458923485305,32795,291,0,VideoPacket
1773458923485369,32796,291,0,VideoPacket
1773458923510829,32797,291,0,VideoPacket
1773458923510952,32798,291,0,VideoPacket
1773458923511020,32799,291,0,VideoPacket
1773458923511087,32800,803,0,VideoPacket
1773458923511150,32801,803,0,VideoPacket
1773458923511212,32802,803,0,VideoPacket
1773458923560136,32803,291,0,VideoPacket
1773458923560255,32804,291,0,VideoPacket
1773458923560314,32805,291,0,VideoPacket
1773458923560385,32806,291,0,VideoPacket
1773458923560452,32807,291,0,VideoPacket
1773458923560515,32808,291,0,VideoPacket
1773458923560580,32809,291,0,VideoPacket
1773458923560659,32810,291,0,VideoPacket
1773458923560722,32811,291,0,VideoPacket
1773458923634386,32812,291,0,VideoPacket
1773458923634493,32813,291,0,VideoPacket
1773458923634565,32814,291,0,VideoPacket
1773458923634641,32815,291,0,VideoPacket
1773458923634710,32816,291,0,VideoPacket
1773458923634773,32817,291,0,VideoPacket
1773458923634836,32818,291,0,VideoPacket
1773458923634899,32819,291,0,VideoPacket
1773458923634960,32820,291,0,VideoPacket
1773458923643356,32821,291,0,VideoPacket
1773458923643445,32822,291,0,VideoPacket
1773458923643508,32823,291,0,VideoPacket
1773458923643569,32824,291,0,VideoPacket
1773458923643643,32825,291,0,VideoPacket
1773458923643706,32826,291,0,VideoPacket
1773458923643767,32827,291,0,VideoPacket
1773458923643829,32828,291,0,VideoPacket
1773458923643893,32829,291,0,VideoPacket
1773458923684914,32830,291,0,VideoPacket
1773458923685015,32831,291,0,VideoPacket
1773458923685080,32832,291,0,VideoPacket
1773458923685144,32833,291,0,VideoPacket
1773458923685207,32834,291,0,VideoPacket
1773458923685269,32835,291,0,VideoPacket
1773458923685331,32836,291,0,VideoPacket
1773458923685392,32837,291,0,VideoPacket
1773458923685455,32838,291,0,VideoPacket
1773458923727042,32839,291,0,VideoPacket
1773458923727162,32840,291,0,VideoPacket
1773458923727244,32841,291,0,VideoPacket
1773458923727314,32842,291,0,VideoPacket
1773458923727381,32843,291,0,VideoPacket
1773458923727446,32844,291,0,VideoPacket
1773458923727512,32845,291,0,VideoPacket
1773458923727579,32846,291,0,VideoPacket
1773458923727658,32847,291,0,VideoPacket
1773458923775206,17090,293,0,Retransmission:32772
1773458923775304,17091,293,0,Retransmission:32775
1773458923775369,17092,293,0,Retransmission:32778
1773458923775426,17093,293,0,Retransmission:32793
1773458923775489,32848,291,0,VideoPacket
1773458923775556,32849,291,0,VideoPacket
1773458923775633,32850,291,0,VideoPacket
1773458923775701,32851,291,0,VideoPacket
1773458923775767,32852,291,0,VideoPacket
1773458923814732,32853,291,0,VideoPacket
1773458923814842,32854,291,0,VideoPacket
1773458923814911,32855,291,0,VideoPacket
1773458923814974,32856,291,0,VideoPacket
1773458923815056,32857,291,0,VideoPacket
1773458923815123,32858,291,0,VideoPacket
1773458923815191,32859,291,0,VideoPacket
1773458923815259,32860,291,0,VideoPacket
1773458923815327,32861,291,0,VideoPacket
1773458923863444,17094,293,0,Retransmission:32815
1773458923863536,32862,291,0,VideoPacket
1773458923863628,32863,291,0,VideoPacket
1773458923863700,32864,291,0,VideoPacket
1773458923863773,32865,291,0,VideoPacket
1773458923863843,32866,291,0,VideoPacket
1773458923863915,32867,291,0,VideoPacket
1773458923863985,32868,291,0,VideoPacket
1773458923864084,32869,291,0,VideoPacket
1773458923894391,32870,291,0,VideoPacket
1773458923894485,32871,291,0,VideoPacket
1773458923894558,32872,291,0,VideoPacket
1773458923894633,32873,291,0,VideoPacket
1773458923894700,32874,291,0,VideoPacket
1773458923894769,32875,291,0,VideoPacket
1773458923894835,32876,291,0,VideoPacket
1773458923894898,32877,291,0,VideoPacket
1773458923894966,32878,291,0,VideoPacket
1773458923946223,32879,291,0,VideoPacket
1773458923946366,32880,291,0,VideoPacket
1773458923946435,32881,291,0,VideoPacket
1773458923946505,32882,291,0,VideoPacket
1773458923946578,32883,291,0,VideoPacket
1773458923946662,32884,291,0,VideoPacket
1773458923946735,32885,547,0,VideoPacket
1773458923946807,32886,547,0,VideoPacket
1773458924011225,32887,547,0,VideoPacket
1773458924011334,32888,547,0,VideoPacket
1773458924011394,32889,547,0,VideoPacket
1773458924011449,32890,547,0,VideoPacket
1773458924011514,32891,547,0,VideoPacket
1773458924018249,17095,293,0,Retransmission:32837
1773458924018333,17096,293,0,Retransmission:32862
1773458924018391,32892,547,0,VideoPacket
1773458924018461,32893,547,0,VideoPacket
1773458924018542,32894,547,0,VideoPacket
1773458924018621,32895,547,0,VideoPacket
1773458924083016,32896,547,0,VideoPacket
1773458924083145,32897,547,0,VideoPacket
1773458924083280,32898,547,0,VideoPacket
1773458924083347,32899,547,0,VideoPacket
1773458924083438,32900,547,0,VideoPacket
1773458924100143,32901,547,0,VideoPacket
1773458924100232,32902,547,0,VideoPacket
1773458924100323,32903,547,0,VideoPacket
1773458924100445,32904,547,0,VideoPacket
1773458924100499,32905,547,0,VideoPacket
1773458924141713,32906,547,0,VideoPacket
1773458924141849,32907,547,0,VideoPacket
1773458924141946,32908,547,0,VideoPacket
1773458924378160,32909,547,0,VideoPacket
1773458924378283,32910,547,0,VideoPacket
1773458924378358,32911,547,0,VideoPacket
1773458924378425,32912,547,0,VideoPacket
1773458924462557,32913,291,0,VideoPacket
1773458924462683,32914,291,0,VideoPacket
1773458924462757,32915,291,0,VideoPacket
1773458924462822,32916,291,0,VideoPacket
1773458924462892,32917,291,0,VideoPacket
1773458924462958,32918,291,0,VideoPacket
1773458924463027,32919,291,0,VideoPacket
1773458924463092,32920,291,0,VideoPacket
1773458924463162,32921,291,0,VideoPacket
1773458924505783,32922,291,0,VideoPacket
1773458924505900,32923,291,0,VideoPacket
1773458924505978,32924,291,0,VideoPacket
1773458924506048,32925,291,0,VideoPacket
1773458924506116,32926,291,0,VideoPacket
1773458924506182,32927,291,0,VideoPacket
1773458924506250,32928,291,0,VideoPacket
1773458924506321,32929,291,0,VideoPacket
1773458924506389,32930,291,0,VideoPacket
1773458924550504,32931,291,0,VideoPacket
1773458924550626,32932,291,0,VideoPacket
1773458924550696,32933,291,0,VideoPacket
1773458924550759,32934,291,0,VideoPacket
1773458924550822,32935,291,0,VideoPacket
1773458924550885,32936,291,0,VideoPacket
1773458924550951,32937,291,0,VideoPacket
1773458924551014,32938,291,0,VideoPacket
1773458924551079,32939,291,0,VideoPacket
1773458924587158,32940,291,0,VideoPacket
1773458924587269,32941,291,0,VideoPacket
1773458924587346,32942,291,0,VideoPacket
1773458924587410,32943,291,0,VideoPacket
1773458924587474,32944,291,0,VideoPacket
1773458924587536,32945,291,0,VideoPacket
1773458924587609,32946,291,0,VideoPacket
1773458924587673,32947,291,0,VideoPacket
1773458924587736,32948,291,0,VideoPacket
1773458924631073,32949,291,0,VideoPacket
1773458924631189,32950,291,0,VideoPacket
1773458924631283,32951,291,0,VideoPacket
1773458924631362,32952,291,0,VideoPacket
1773458924631429,32953,291,0,VideoPacket
1773458924631499,32954,291,0,VideoPacket
1773458924631568,32955,291,0,VideoPacket
1773458924631648,32956,291,0,VideoPacket
1773458924631714,32957,291,0,VideoPacket
1773458924680595,32958,291,0,VideoPacket
1773458924680706,32959,291,0,VideoPacket
1773458924680778,32960,291,0,VideoPacket
1773458924680844,32961,291,0,VideoPacket
1773458924680911,32962,291,0,VideoPacket
1773458924680978,32963,291,0,VideoPacket
1773458924700204,17097,549,0,Retransmission:32903
1773458924700372,17098,549,0,Retransmission:32908
1773458924700468,17099,293,0,Retransmission:32916
1773458924733795,32964,291,0,VideoPacket
1773458924733904,32965,291,0,VideoPacket
1773458924733980,32966,291,0,VideoPacket
1773458924734051,32967,291,0,VideoPacket
1773458924734123,32968,291,0,VideoPacket
1773458924819512,32969,291,0,VideoPacket
1773458924819654,32970,291,0,VideoPacket
1773458924819738,32971,291,0,VideoPacket
1773458924819808,32972,291,0,VideoPacket
1773458924819876,32973,291,0,VideoPacket
1773458924827719,32974,547,0,VideoPacket
1773458924827817,32975,547,0,VideoPacket
1773458924827891,32976,547,0,VideoPacket
1773458924843997,17100,549,0,Retransmission:32903
1773458924844126,32977,291,0,VideoPacket
1773458924844208,32978,291,0,VideoPacket
1773458924844278,32979,291,0,VideoPacket
1773458924888466,32980,291,0,VideoPacket
1773458924888573,32981,291,0,VideoPacket
1773458924888657,32982,291,0,VideoPacket
1773458924888723,32983,291,0,VideoPacket
1773458924888788,32984,291,0,VideoPacket
1773458924888853,32985,291,0,VideoPacket
1773458924888918,32986,291,0,VideoPacket
1773458924888984,32987,291,0,VideoPacket
1773458924889050,32988,291,0,VideoPacket
1773458924930853,32989,291,0,VideoPacket
1773458924930966,32990,291,0,VideoPacket
1773458924931042,32991,291,0,VideoPacket
1773458924931114,32992,291,0,VideoPacket
1773458924931192,32993,291,0,VideoPacket
1773458924931264,32994,291,0,VideoPacket
1773458924931337,32995,291,0,VideoPacket
1773458924931406,32996,291,0,VideoPacket
1773458924931478,32997,291,0,VideoPacket
1773458924961634,32998,291,0,VideoPacket
1773458924961758,32999,291,0,VideoPacket
1773458924961828,33000,291,0,VideoPacket
1773458924961894,33001,291,0,VideoPacket
1773458924961960,33002,291,0,VideoPacket
1773458924962029,33003,291,0,VideoPacket
1773458924962094,33004,291,0,VideoPacket
1773458925009321,33005,291,0,VideoPacket
1773458925009434,33006,291,0,VideoPacket
1773458925009520,33007,291,0,VideoPacket
1773458925009611,33008,291,0,VideoPacket
1773458925009692,33009,291,0,VideoPacket
1773458925009759,33010,291,0,VideoPacket
1773458925009828,33011,291,0,VideoPacket
1773458925009895,33012,291,0,VideoPacket
1773458925009962,33013,291,0,VideoPacket
1773458925075021,33014,291,0,VideoPacket
1773458925075128,33015,291,0,VideoPacket
1773458925075197,33016,291,0,VideoPacket
1773458925075265,33017,291,0,VideoPacket
1773458925075332,33018,291,0,VideoPacket
1773458925075397,33019,291,0,VideoPacket
1773458925075487,33020,291,0,VideoPacket
1773458925075556,33021,291,0,VideoPacket
1773458925076580,17101,293,0,Retransmission:32991
1773458925076675,17102,293,0,Retransmission:32996
1773458925086922,33022,803,0,VideoPacket
1773458925154090,33023,803,0,VideoPacket
1773458925154238,33024,803,0,VideoPacket
1773458925154504,33025,291,0,VideoPacket
1773458925154628,33026,291,0,VideoPacket
1773458925154736,33027,291,0,VideoPacket
1773458925154842,33028,291,0,VideoPacket
1773458925154965,33029,291,0,VideoPacket
1773458925192303,33030,291,0,VideoPacket
1773458925192417,33031,291,0,VideoPacket
1773458925192488,33032,291,0,VideoPacket
1773458925192566,33033,291,0,VideoPacket
1773458925192648,33034,291,0,VideoPacket
1773458925212112,33035,291,0,VideoPacket
1773458925212199,33036,291,0,VideoPacket
1773458925212272,33037,291,0,VideoPacket
1773458925212341,33038,291,0,VideoPacket
1773458925212413,33039,291,0,VideoPacket
1773458925212481,33040,291,0,VideoPacket
1773458925212553,33041,291,0,VideoPacket
1773458925258312,33042,291,0,VideoPacket
1773458925258443,33043,291,0,VideoPacket
1773458925258520,33044,291,0,VideoPacket
1773458925295580,33045,291,0,VideoPacket
1773458925295712,33046,291,0,VideoPacket
1773458925295789,33047,291,0,VideoPacket
1773458925336792,33048,547,0,VideoPacket
1773458925336913,33049,547,0,VideoPacket
1773458925378453,33050,291,0,VideoPacket
1773458925378605,33051,291,0,VideoPacket
1773458925378684,33052,291,0,VideoPacket
1773458925420209,33053,291,0,VideoPacket
1773458925420338,33054,291,0,VideoPacket
1773458925420415,33055,291,0,VideoPacket
1773458925462042,33056,291,0,VideoPacket
1773458925462169,33057,291,0,VideoPacket
1773458925462246,33058,291,0,VideoPacket
1773458925504241,33059,291,0,VideoPacket
1773458925504344,33060,291,0,VideoPacket
1773458925504420,33061,291,0,VideoPacket
1773458925568154,33062,291,0,VideoPacket
1773458925568258,33063,291,0,VideoPacket
1773458925568333,33064,291,0,VideoPacket
1773458925568406,33065,291,0,VideoPacket
1773458925588066,33066,291,0,VideoPacket
1773458925588165,33067,291,0,VideoPacket
1773458925588236,33068,291,0,VideoPacket
1773458925628839,33069,291,0,VideoPacket
1773458925628933,33070,291,0,VideoPacket
1773458925629004,33071,291,0,VideoPacket
1773458925629073,33072,291,0,VideoPacket
1773458925670882,33073,291,0,VideoPacket
1773458925670987,33074,291,0,VideoPacket
1773458925671062,33075,291,0,VideoPacket
1773458925671137,33076,291,0,VideoPacket
1773458925671212,33077,291,0,VideoPacket
1773458925728811,33078,291,0,VideoPacket
1773458925728919,33079,291,0,VideoPacket
1773458925729015,33080,291,0,VideoPacket
1773458925729090,33081,291,0,VideoPacket
1773458925785218,33082,291,0,VideoPacket
1773458925785343,33083,291,0,VideoPacket
1773458925785428,33084,291,0,VideoPacket
1773458925785502,33085,291,0,VideoPacket
1773458925785575,33086,291,0,VideoPacket
1773458925839138,33087,291,0,VideoPacket
1773458925839248,33088,291,0,VideoPacket
1773458925839325,33089,291,0,VideoPacket
1773458925839400,33090,291,0,VideoPacket
1773458925839475,33091,291,0,VideoPacket
1773458925893117,33092,291,0,VideoPacket
1773458925893225,33093,291,0,VideoPacket
1773458925893300,33094,291,0,VideoPacket
1773458925893374,33095,291,0,VideoPacket
1773458925893447,33096,291,0,VideoPacket
1773458925948160,33097,547,0,VideoPacket
1773458925948266,33098,547,0,VideoPacket
1773458925948343,33099,547,0,VideoPacket
1773458925955063,33100,291,0,VideoPacket
1773458925955150,33101,291,0,VideoPacket
1773458925955221,33102,291,0,VideoPacket
1773458925955291,33103,291,0,VideoPacket
1773458925955360,33104,291,0,VideoPacket
1773458925962286,33105,547,0,VideoPacket
1773458925962401,33106,547,0,VideoPacket
1773458925969454,17103,293,0,Retransmission:33088
1773458926024159,33107,547,1,VideoPacket
1773458926024256,33108,547,1,VideoPacket
1773458926024328,33109,547,1,VideoPacket
1773458926024400,33110,547,1,VideoPacket
1773458926024470,33111,547,1,VideoPacket
1773458926024538,33112,547,1,VideoPacket
1773458926072102,33113,547,1,VideoPacket
1773458926072230,33114,547,1,VideoPacket
1773458926072310,33115,547,1,VideoPacket
1773458926072387,33116,547,1,VideoPacket
1773458926072463,33117,547,1,VideoPacket
1773458926072537,33118,547,1,VideoPacket
1773458926117545,17104,549,0,Retransmission:33097
1773458926117717,33119,547,1,VideoPacket
1773458926117810,33120,547,1,VideoPacket
1773458926117885,33121,547,1,VideoPacket
1773458926117960,33122,547,1,VideoPacket
1773458926118035,33123,547,1,VideoPacket
1773458926196077,33124,547,1,VideoPacket
1773458926196202,33125,291,0,VideoPacket
1773458926196273,33126,291,0,VideoPacket
1773458926196330,33127,291,0,VideoPacket
1773458926196393,33128,291,0,VideoPacket
1773458926196482,33129,291,0,VideoPacket
1773458926196554,33130,291,0,VideoPacket
1773458926196638,33131,291,0,VideoPacket
1773458926196710,33132,291,0,VideoPacket
1773458926265462,33133,291,0,VideoPacket
1773458926265571,33134,291,0,VideoPacket
1773458926265652,33135,291,0,VideoPacket
1773458926265725,33136,291,0,VideoPacket
1773458926265800,33137,291,0,VideoPacket
1773458926265869,33138,291,0,VideoPacket
1773458926265939,33139,291,0,VideoPacket
1773458926266017,33140,291,0,VideoPacket
1773458926266087,33141,291,0,VideoPacket
1773458926266157,33142,291,0,VideoPacket
1773458926266226,33143,291,0,VideoPacket
1773458926266298,33144,291,0,VideoPacket
1773458926266367,33145,291,0,VideoPacket
1773458926266436,33146,291,0,VideoPacket
1773458926266505,33147,291,0,VideoPacket
1773458926266575,33148,291,0,VideoPacket
1773458926266661,33149,291,0,VideoPacket
1773458926266730,33150,291,0,VideoPacket
1773458926266802,33151,291,0,VideoPacket
1773458926266871,33152,291,0,VideoPacket
1773458926313233,33153,291,0,VideoPacket
1773458926313345,33154,291,0,VideoPacket
1773458926313422,33155,291,0,VideoPacket
1773458926313495,33156,291,0,VideoPacket
1773458926313570,33157,291,0,VideoPacket
1773458926313656,33158,291,0,VideoPacket
1773458926313731,33159,291,0,VideoPacket
1773458926313803,33160,291,0,VideoPacket
1773458926313882,33161,291,0,VideoPacket
1773458926313952,33162,291,0,VideoPacket
1773458926346918,33163,291,0,VideoPacket
1773458926347018,33164,291,0,VideoPacket
1773458926347090,33165,291,0,VideoPacket
1773458926347159,33166,291,0,VideoPacket
1773458926347228,33167,291,0,VideoPacket
1773458926347297,33168,291,0,VideoPacket
1773458926347368,33169,291,0,VideoPacket
1773458926347436,33170,803,0,VideoPacket
1773458926385450,33171,803,0,VideoPacket
1773458926385622,33172,803,0,VideoPacket
1773458926385700,33173,803,0,VideoPacket
1773458926385772,33174,291,0,VideoPacket
1773458926385841,33175,291,0,VideoPacket
1773458926423121,33176,291,0,VideoPacket
1773458926423241,33177,291,0,VideoPacket
1773458926423317,33178,291,0,VideoPacket
1773458926423398,33179,291,0,VideoPacket
1773458926423473,33180,291,0,VideoPacket
1773458926423549,33181,291,0,VideoPacket
1773458926423635,33182,291,0,VideoPacket
1773458926423710,33183,291,0,VideoPacket
1773458926423783,33184,291,0,VideoPacket
1773458926423856,33185,291,0,VideoPacket
1773458926488579,17105,293,0,Retransmission:33130
1773458926488684,33186,291,0,VideoPacket
1773458926488755,33187,291,0,VideoPacket
1773458926488821,33188,291,0,VideoPacket
1773458926488925,33189,291,0,VideoPacket
1773458926489003,33190,291,0,VideoPacket
1773458926489072,33191,291,0,VideoPacket
1773458926489141,33192,291,0,VideoPacket
1773458926489212,33193,291,0,VideoPacket
1773458926574079,17106,293,0,Retransmission:33150
1773458926574873,33194,547,0,VideoPacket
1773458926574964,33195,547,0,VideoPacket
1773458926575039,33196,547,0,VideoPacket
1773458926595736,33197,291,0,VideoPacket
1773458926595823,33198,291,0,VideoPacket
1773458926595892,33199,291,0,VideoPacket
1773458926595961,33200,291,0,VideoPacket
1773458926596035,33201,291,0,VideoPacket
1773458926610163,33202,291,0,VideoPacket
1773458926610251,33203,291,0,VideoPacket
1773458926610327,33204,291,0,VideoPacket
1773458926610398,33205,291,0,VideoPacket
1773458926610470,33206,291,0,VideoPacket
1773458926610542,33207,291,0,VideoPacket
1773458926610625,33208,291,0,VideoPacket
1773458926664766,17107,293,0,Retransmission:33177
1773458926664868,33209,547,0,VideoPacket
1773458926664955,33210,547,0,VideoPacket
1773458926665029,33211,547,0,VideoPacket
1773458926665103,33212,547,0,VideoPacket
1773458926672004,33213,547,0,VideoPacket
1773458926672130,33214,547,0,VideoPacket
1773458926672204,33215,547,0,VideoPacket
1773458926717596,33216,291,0,VideoPacket
1773458926717715,33217,291,0,VideoPacket
1773458926717812,33218,291,0,VideoPacket
1773458926717905,33219,291,0,VideoPacket
1773458926718000,33220,291,0,VideoPacket
1773458926718095,33221,291,0,VideoPacket
1773458926718197,33222,291,0,VideoPacket
1773458926724553,17108,293,0,Retransmission:33200
1773458926755091,33223,291,0,VideoPacket
1773458926755207,33224,291,0,VideoPacket
1773458926755301,33225,291,0,VideoPacket
1773458926755377,33226,291,0,VideoPacket
1773458926755451,33227,291,0,VideoPacket
1773458926755524,33228,291,0,VideoPacket
1773458926755612,33229,291,0,VideoPacket
1773458926825670,33230,547,0,VideoPacket
1773458926825770,33231,547,0,VideoPacket
1773458926825852,33232,547,0,VideoPacket
1773458926838131,17109,549,0,Retransmission:33213
1773458926839435,33233,547,0,VideoPacket
1773458926839542,33234,547,0,VideoPacket
1773458926839631,33235,547,0,VideoPacket
1773458926851317,17110,293,0,Retransmission:33217
1773458926880130,33236,291,0,VideoPacket
1773458926880229,33237,291,0,VideoPacket
1773458926880299,33238,291,0,VideoPacket
1773458926880374,33239,291,0,VideoPacket
1773458926880446,33240,291,0,VideoPacket
1773458926880519,33241,291,0,VideoPacket
1773458926880602,33242,291,0,VideoPacket
1773458926936638,33243,547,0,VideoPacket
1773458926936801,33244,547,0,VideoPacket
1773458926936875,33245,547,0,VideoPacket
1773458926936942,33246,547,0,VideoPacket
1773458926937009,33247,547,0,VideoPacket
1773458926937072,33248,547,0,VideoPacket
1773458926989603,33249,547,0,VideoPacket
1773458926989701,33250,547,0,VideoPacket
1773458926989775,33251,547,0,VideoPacket
1773458926989848,33252,547,0,VideoPacket
1773458926989921,33253,547,0,VideoPacket
1773458926989995,33254,547,0,VideoPacket
1773458927034864,33255,547,0,VideoPacket
1773458927034973,33256,547,0,VideoPacket
1773458927035050,33257,547,0,VideoPacket
1773458927035123,33258,547,0,VideoPacket
1773458927035199,33259,547,0,VideoPacket
1773458927035270,33260,547,0,VideoPacket
1773458927075054,33261,547,0,VideoPacket
1773458927075165,33262,547,0,VideoPacket
1773458927075245,33263,547,0,VideoPacket
1773458927075315,33264,547,0,VideoPacket
1773458927075388,33265,547,0,VideoPacket
1773458927075457,33266,547,0,VideoPacket
1773458927118790,33267,547,0,VideoPacket
1773458927118946,33268,547,0,VideoPacket
1773458927119038,33269,547,0,VideoPacket
1773458927119112,33270,547,0,VideoPacket
1773458927119180,33271,547,0,VideoPacket
1773458927119251,33272,547,0,VideoPacket
1773458927164173,33273,547,0,VideoPacket
1773458927164323,33274,547,0,VideoPacket
1773458927164398,33275,547,0,VideoPacket
1773458927164472,33276,547,0,VideoPacket
1773458927164541,33277,547,0,VideoPacket
1773458927164624,33278,547,0,VideoPacket
1773458927209749,33279,547,0,VideoPacket
1773458927209864,33280,547,0,VideoPacket
1773458927217633,33281,291,0,VideoPacket
1773458927217714,33282,291,0,VideoPacket
1773458927217793,33283,291,0,VideoPacket
1773458927217868,33284,291,0,VideoPacket
1773458927217941,33285,291,0,VideoPacket
1773458927218012,33286,291,0,VideoPacket
1773458927218088,33287,291,0,VideoPacket
1773458927218160,33288,291,0,VideoPacket
1773458927259202,33289,291,0,VideoPacket
1773458927259311,33290,291,0,VideoPacket
1773458927259387,33291,291,0,VideoPacket
1773458927259461,33292,291,0,VideoPacket
1773458927259538,33293,291,0,VideoPacket
1773458927259630,33294,291,0,VideoPacket
1773458927259705,33295,291,0,VideoPacket
1773458927259778,33296,291,0,VideoPacket
1773458927259852,33297,291,0,VideoPacket
1773458927259924,33298,291,0,VideoPacket
1773458927302513,17111,549,0,Retransmission:33248
1773458927302628,17112,549,0,Retransmission:33251
1773458927302703,33299,291,0,VideoPacket
1773458927302784,33300,291,0,VideoPacket
1773458927302856,33301,291,0,VideoPacket
1773458927302924,33302,291,0,VideoPacket
1773458927302993,33303,291,0,VideoPacket
1773458927303058,33304,291,0,VideoPacket
1773458927343129,33305,291,0,VideoPacket
1773458927367643,17113,293,0,Retransmission:33283
1773458927367795,17114,549,0,Retransmission:33261
1773458927382186,33306,547,0,VideoPacket
1773458927382288,33307,547,0,VideoPacket
1773458927382366,33308,547,0,VideoPacket
1773458927382435,33309,547,0,VideoPacket
1773458927382503,33310,547,0,VideoPacket
1773458927382576,33311,547,0,VideoPacket
1773458927427874,33312,547,0,VideoPacket
1773458927427984,33313,547,0,VideoPacket
1773458927428071,33314,547,0,VideoPacket
1773458927428142,33315,547,0,VideoPacket
1773458927428214,33316,547,0,VideoPacket
1773458927428283,33317,547,0,VideoPacket
1773458927473248,17115,293,0,Retransmission:33242
1773458927473358,33318,547,0,VideoPacket
1773458927473437,33319,547,0,VideoPacket
1773458927473510,33320,547,0,VideoPacket
1773458927473582,33321,547,0,VideoPacket
1773458927494379,17116,293,0,Retransmission:33283
1773458927549060,33322,291,0,VideoPacket
1773458927549157,33323,291,0,VideoPacket
1773458927549224,33324,291,0,VideoPacket
1773458927549300,33325,291,0,VideoPacket
1773458927549365,33326,291,0,VideoPacket
1773458927549428,33327,291,0,VideoPacket
1773458927549491,33328,291,0,VideoPacket
1773458927549558,33329,291,0,VideoPacket
1773458927549641,33330,291,0,VideoPacket
1773458927549714,33331,291,0,VideoPacket
1773458927592370,17117,549,0,Retransmission:33307
1773458927592460,33332,291,0,VideoPacket
1773458927592541,33333,291,0,VideoPacket
1773458927592622,33334,291,0,VideoPacket
1773458927592697,33335,291,0,VideoPacket
1773458927592769,33336,291,0,VideoPacket
1773458927592843,33337,291,0,VideoPacket
1773458927592915,33338,291,0,VideoPacket
1773458927592988,33339,291,0,VideoPacket
1773458927634847,33340,291,0,VideoPacket
1773458927634986,33341,291,0,VideoPacket
1773458927635062,33342,291,0,VideoPacket
1773458927635132,33343,291,0,VideoPacket
1773458927635203,33344,291,0,VideoPacket
1773458927635269,33345,291,0,VideoPacket
1773458927635338,33346,291,0,VideoPacket
1773458927635407,33347,291,0,VideoPacket
1773458927635480,33348,291,0,VideoPacket
1773458927635547,33349,291,0,VideoPacket
1773458927676640,33350,291,0,VideoPacket
1773458927676772,33351,291,0,VideoPacket
1773458927676849,33352,291,0,VideoPacket
1773458927676918,33353,291,0,VideoPacket
1773458927676987,33354,291,0,VideoPacket
1773458927677055,33355,291,0,VideoPacket
1773458927677123,33356,291,0,VideoPacket
1773458927677193,33357,291,0,VideoPacket
1773458927677262,33358,291,0,VideoPacket
1773458927677338,33359,291,0,VideoPacket
1773458927719677,33360,291,0,VideoPacket
1773458927719795,33361,291,0,VideoPacket
1773458927719869,33362,291,0,VideoPacket
1773458927719939,33363,291,0,VideoPacket
1773458927720009,33364,291,0,VideoPacket
1773458927720093,33365,291,0,VideoPacket
1773458927720165,33366,291,0,VideoPacket
1773458927720235,33367,291,0,VideoPacket
1773458927720305,33368,291,0,VideoPacket
1773458927720374,33369,291,0,VideoPacket
1773458927762153,17118,549,0,Retransmission:33319
1773458927762264,33370,291,0,VideoPacket
1773458927762343,33371,291,0,VideoPacket
1773458927762412,33372,291,0,VideoPacket
1773458927762481,33373,291,0,VideoPacket
1773458927762549,33374,291,0,VideoPacket
1773458927762631,33375,291,0,VideoPacket
1773458927762699,33376,291,0,VideoPacket
1773458927762769,33377,291,0,VideoPacket
1773458927815249,33378,291,0,VideoPacket
1773458927815346,33379,291,0,VideoPacket
1773458927815419,33380,291,0,VideoPacket
1773458927815489,33381,291,0,VideoPacket
1773458927815557,33382,291,0,VideoPacket
1773458927815638,33383,291,0,VideoPacket
1773458927815711,33384,291,0,VideoPacket
1773458927815780,33385,291,0,VideoPacket
1773458927815848,33386,291,0,VideoPacket
1773458927815916,33387,291,0,VideoPacket
1773458927846387,33388,291,0,VideoPacket
1773458927846509,33389,291,0,VideoPacket
1773458927846581,33390,803,0,VideoPacket
1773458927846671,33391,803,0,VideoPacket
1773458927846741,33392,803,0,VideoPacket
1773458927895169,17119,293,0,Retransmission:33340
1773458927895254,17120,293,0,Retransmission:33343
1773458927895318,17121,293,0,Retransmission:33351
1773458927895383,33393,803,0,VideoPacket
1773458927895458,33394,803,0,VideoPacket
1773458927895526,33395,803,0,VideoPacket
1773458927930842,17122,549,0,Retransmission:33319
1773458927930938,33396,803,0,VideoPacket
1773458927931027,33397,803,0,VideoPacket
1773458927931098,33398,803,0,VideoPacket
1773458927931173,33399,803,0,VideoPacket
1773458927985853,33400,291,0,VideoPacket
1773458927985957,33401,291,0,VideoPacket
1773458927986032,33402,291,0,VideoPacket
1773458927986101,33403,291,0,VideoPacket
1773458927986171,33404,291,0,VideoPacket
1773458927986248,33405,291,0,VideoPacket
1773458927986319,33406,291,0,VideoPacket
1773458927986389,33407,291,0,VideoPacket
1773458927986456,33408,291,0,VideoPacket
1773458927986527,33409,291,0,VideoPacket
1773458928027597,17123,293,0,Retransmission:33384
1773458928027688,17124,293,0,Retransmission:33386
1773458928027758,33410,291,0,VideoPacket
1773458928027839,33411,291,0,VideoPacket
1773458928027914,33412,291,0,VideoPacket
1773458928027986,33413,291,0,VideoPacket
1773458928028082,33414,291,0,VideoPacket
1773458928028172,33415,291,0,VideoPacket
1773458928028246,33416,291,0,VideoPacket
1773458928028322,33417,291,0,VideoPacket
1773458928065418,33418,291,0,VideoPacket
1773458928065525,33419,291,0,VideoPacket
1773458928065612,33420,291,0,VideoPacket
1773458928065693,33421,291,0,VideoPacket
1773458928065763,33422,291,0,VideoPacket
1773458928065827,33423,291,0,VideoPacket
1773458928065896,33424,291,0,VideoPacket
1773458928065962,33425,291,0,VideoPacket
1773458928066028,33426,291,0,VideoPacket
1773458928066106,33427,291,0,VideoPacket
1773458928133970,33428,291,0,VideoPacket
1773458928134076,33429,291,0,VideoPacket
1773458928134153,33430,291,0,VideoPacket
1773458928134229,33431,291,0,VideoPacket
1773458928134308,33432,291,0,VideoPacket
1773458928134381,33433,291,0,VideoPacket
1773458928134456,33434,291,0,VideoPacket
1773458928134530,33435,291,0,VideoPacket
1773458928134614,33436,291,0,VideoPacket
1773458928134689,33437,291,0,VideoPacket
1773458928151991,33438,291,0,VideoPacket
1773458928152083,33439,1059,0,VideoPacket
1773458928152160,33440,1059,0,VideoPacket
1773458928152234,33441,1059,0,VideoPacket
1773458928195910,33442,291,0,VideoPacket
1773458928196062,33443,291,0,VideoPacket
1773458928196147,33444,291,0,VideoPacket
1773458928196222,33445,291,0,VideoPacket
1773458928196297,33446,291,0,VideoPacket
1773458928196372,33447,291,0,VideoPacket
1773458928196445,33448,291,0,VideoPacket
1773458928196518,33449,291,0,VideoPacket
1773458928196607,33450,291,0,VideoPacket
1773458928196682,33451,291,0,VideoPacket
1773458928243339,33452,291,0,VideoPacket
1773458928243447,33453,291,0,VideoPacket
1773458928243522,33454,291,0,VideoPacket
1773458928243605,33455,1059,0,VideoPacket
1773458928243679,33456,1059,0,VideoPacket
1773458928243750,33457,1059,0,VideoPacket
1773458928291103,17125,293,0,Retransmission:33423
1773458928291199,17126,293,0,Retransmission:33428
1773458928291270,33458,1059,0,VideoPacket
1773458928291352,33459,1059,0,VideoPacket
1773458928291427,33460,1059,0,VideoPacket
1773458928340495,33461,291,0,VideoPacket
1773458928340607,33462,291,0,VideoPacket
1773458928340680,33463,291,0,VideoPacket
1773458928340744,33464,291,0,VideoPacket
1773458928340807,33465,291,0,VideoPacket
1773458928340871,33466,291,0,VideoPacket
1773458928340934,33467,291,0,VideoPacket
1773458928340995,33468,291,0,VideoPacket
1773458928341063,33469,291,0,VideoPacket
1773458928341136,33470,291,0,VideoPacket
1773458928391796,17127,293,0,Retransmission:33442
1773458928391894,33471,291,0,VideoPacket
1773458928391974,33472,291,0,VideoPacket
1773458928392057,33473,291,0,VideoPacket
1773458928392132,33474,291,0,VideoPacket
1773458928392204,33475,291,0,VideoPacket
1773458928392277,33476,291,0,VideoPacket
1773458928392351,33477,291,0,VideoPacket
1773458928392424,33478,291,0,VideoPacket
1773458928392497,33479,291,0,VideoPacket
1773458928441005,17128,293,0,Retransmission:33451
1773458928441106,33480,291,0,VideoPacket
1773458928441206,33481,291,0,VideoPacket
1773458928441290,33482,291,0,VideoPacket
1773458928441376,33483,291,0,VideoPacket
1773458928441462,33484,291,0,VideoPacket
1773458928441551,33485,1059,0,VideoPacket
1773458928441643,33486,1059,0,VideoPacket
1773458928479898,33487,1059,0,VideoPacket
1773458928480777,33488,291,0,VideoPacket
1773458928480867,33489,291,0,VideoPacket
1773458928480951,33490,291,0,VideoPacket
1773458928481032,33491,291,0,VideoPacket
1773458928481141,33492,291,0,VideoPacket
1773458928481224,33493,291,0,VideoPacket
1773458928481310,33494,291,0,VideoPacket
1773458928481397,33495,291,0,VideoPacket
1773458928523354,33496,291,0,VideoPacket
1773458928523452,33497,291,0,VideoPacket
1773458928523535,33498,291,0,VideoPacket
1773458928523626,33499,291,0,VideoPacket
1773458928523717,33500,291,0,VideoPacket
1773458928550180,33501,547,0,VideoPacket
1773458928550334,33502,547,0,VideoPacket
1773458928550420,33503,547,0,VideoPacket
1773458928550505,33504,547,0,VideoPacket
1773458928550609,33505,547,0,VideoPacket
1773458928550695,33506,547,0,VideoPacket
1773458928594334,17129,293,0,Retransmission:33470
1773458928594428,17130,293,0,Retransmission:33473
1773458928594508,17131,293,0,Retransmission:33477
1773458928594615,33507,547,0,VideoPacket
1773458928672248,33508,291,0,VideoPacket
1773458928672351,33509,291,0,VideoPacket
1773458928672425,33510,291,0,VideoPacket
1773458928672497,33511,291,0,VideoPacket
1773458928672569,33512,291,0,VideoPacket
1773458928672654,33513,291,0,VideoPacket
1773458928672727,33514,291,0,VideoPacket
1773458928672799,33515,291,0,VideoPacket
1773458928672872,33516,291,0,VideoPacket
1773458928672944,33517,291,0,VideoPacket
1773458928724150,33518,291,0,VideoPacket
1773458928724278,33519,291,0,VideoPacket
1773458928724365,33520,291,0,VideoPacket
1773458928724503,17132,293,0,Retransmission:33493
1773458928775353,33521,1315,0,VideoPacket
1773458928775474,33522,1315,0,VideoPacket
1773458928884567,33523,1315,0,VideoPacket
1773458928884713,33524,1315,0,VideoPacket
1773458929017788,33525,291,1,VideoPacket
1773458929017941,33526,291,1,VideoPacket
1773458929018022,33527,291,1,VideoPacket
1773458929018108,33528,291,1,VideoPacket
1773458929018199,33529,291,1,VideoPacket
1773458929018283,33530,291,1,VideoPacket
1773458929018370,33531,291,1,VideoPacket
1773458929018456,33532,291,1,VideoPacket
1773458929018540,33533,291,1,VideoPacket
1773458929018635,33534,291,1,VideoPacket
1773458929084427,33535,291,1,VideoPacket
1773458929084535,33536,291,1,VideoPacket
1773458929084631,33537,291,1,VideoPacket
1773458929084728,33538,291,1,VideoPacket
1773458929084796,33539,291,1,VideoPacket
1773458929084859,33540,291,1,VideoPacket
1773458929084926,33541,291,1,VideoPacket
1773458929084993,33542,291,1,VideoPacket
1773458929085060,33543,291,1,VideoPacket
1773458929085125,33544,291,1,VideoPacket
1773458929100591,33545,291,1,VideoPacket
1773458929100728,33546,291,1,VideoPacket
1773458929100816,33547,291,1,VideoPacket
1773458929100901,33548,291,1,VideoPacket
1773458929100990,33549,291,1,VideoPacket
1773458929101079,33550,291,1,VideoPacket
1773458929101167,33551,291,1,VideoPacket
1773458929101249,33552,291,1,VideoPacket
1773458929101333,33553,291,1,VideoPacket
1773458929101415,33554,291,1,VideoPacket
1773458929149336,33555,291,1,VideoPacket
1773458929149433,33556,291,1,VideoPacket
1773458929149503,33557,291,1,VideoPacket
1773458929149575,33558,291,1,VideoPacket
1773458929149652,33559,291,1,VideoPacket
1773458929149723,33560,291,1,VideoPacket
1773458929149805,33561,291,1,VideoPacket
1773458929149877,33562,291,1,VideoPacket
1773458929149947,33563,291,1,VideoPacket
1773458929150017,33564,291,1,VideoPacket
1773458929197890,33565,291,1,VideoPacket
1773458929197984,33566,803,1,VideoPacket
1773458929198059,33567,803,1,VideoPacket
1773458929198128,33568,803,1,VideoPacket
1773458929198196,33569,803,1,VideoPacket
1773458929228886,33570,803,1,VideoPacket
1773458929228993,33571,803,1,VideoPacket
1773458929229068,33572,803,1,VideoPacket
1773458929229138,33573,803,1,VideoPacket
1773458929270598,33574,803,1,VideoPacket
1773458929270735,33575,803,1,VideoPacket
1773458929270817,33576,803,1,VideoPacket
1773458929270900,33577,803,1,VideoPacket
1773458929323012,33578,803,1,VideoPacket
1773458929323118,33579,291,1,VideoPacket
1773458929323193,33580,291,1,VideoPacket
1773458929323266,33581,291,1,VideoPacket
1773458929323339,33582,291,1,VideoPacket
1773458929323411,33583,291,1,VideoPacket
1773458929323484,33584,291,1,VideoPacket
1773458929323556,33585,291,1,VideoPacket
1773458929323644,33586,291,1,VideoPacket
1773458929353532,17133,293,0,Retransmission:33525
1773458929353641,17134,293,0,Retransmission:33554
1773458929353713,17135,293,0,Retransmission:33560
1773458929353783,33587,291,1,VideoPacket
1773458929353866,33588,291,1,VideoPacket
1773458929353940,33589,291,1,VideoPacket
1773458929354010,33590,291,1,VideoPacket
1773458929354085,33591,291,1,VideoPacket
1773458929354164,33592,291,1,VideoPacket
1773458929354233,33593,291,1,VideoPacket
1773458929395997,33594,291,1,VideoPacket
1773458929396114,33595,291,1,VideoPacket
1773458929396190,33596,291,1,VideoPacket
1773458929396256,33597,291,1,VideoPacket
1773458929396324,33598,291,1,VideoPacket
1773458929396391,33599,291,1,VideoPacket
1773458929396453,33600,291,1,VideoPacket
1773458929396538,33601,291,1,VideoPacket
1773458929396621,33602,291,1,VideoPacket
1773458929396691,33603,291,1,VideoPacket
1773458929438118,33604,291,1,VideoPacket
1773458929438221,33605,291,1,VideoPacket
1773458929438295,33606,291,1,VideoPacket
1773458929438360,33607,291,1,VideoPacket
1773458929438429,33608,291,1,VideoPacket
1773458929438494,33609,291,1,VideoPacket
1773458929438564,33610,291,1,VideoPacket
1773458929438650,33611,291,1,VideoPacket
1773458929438719,33612,291,1,VideoPacket
1773458929438787,33613,291,1,VideoPacket
1773458929476388,33614,291,1,VideoPacket
1773458929476519,33615,291,1,VideoPacket
1773458929476607,33616,291,1,VideoPacket
1773458929476680,33617,291,1,VideoPacket
1773458929476751,33618,291,1,VideoPacket
1773458929476827,33619,291,1,VideoPacket
1773458929476897,33620,291,1,VideoPacket
1773458929476960,33621,291,1,VideoPacket
1773458929477028,33622,291,1,VideoPacket
1773458929477099,33623,291,1,VideoPacket
1773458929518546,33624,291,1,VideoPacket
1773458929518682,33625,291,1,VideoPacket
1773458929518763,33626,291,1,VideoPacket
1773458929518832,33627,291,1,VideoPacket
1773458929518905,33628,547,0,VideoPacket
1773458929518978,33629,547,0,VideoPacket
1773458929519049,33630,547,0,VideoPacket
1773458929519122,33631,547,0,VideoPacket
1773458929563676,33632,547,0,VideoPacket
1773458929563810,33633,547,0,VideoPacket
1773458929563884,33634,547,0,VideoPacket
1773458929563956,33635,547,0,VideoPacket
1773458929564027,33636,547,0,VideoPacket
1773458929564114,33637,547,0,VideoPacket
1773458929606364,33638,547,0,VideoPacket
1773458929606481,33639,547,0,VideoPacket
1773458929606556,33640,547,0,VideoPacket
1773458929606637,33641,547,0,VideoPacket
1773458929606705,33642,291,0,VideoPacket
1773458929606776,33643,291,0,VideoPacket
1773458929606838,33644,291,0,VideoPacket
1773458929647129,33645,291,0,VideoPacket
1773458929647241,33646,291,0,VideoPacket
1773458929647339,33647,291,0,VideoPacket
1773458929647414,33648,291,0,VideoPacket
1773458929647482,33649,291,0,VideoPacket
1773458929647549,33650,291,0,VideoPacket
1773458929647630,33651,291,0,VideoPacket
1773458929647699,33652,291,0,VideoPacket
1773458929647766,33653,291,0,VideoPacket
1773458929647833,33654,291,0,VideoPacket
1773458929688106,33655,291,0,VideoPacket
1773458929688223,33656,291,0,VideoPacket
1773458929688325,33657,291,0,VideoPacket
1773458929688402,33658,291,0,VideoPacket
1773458929688469,33659,291,0,VideoPacket
1773458929688536,33660,291,0,VideoPacket
1773458929688615,33661,291,0,VideoPacket
1773458929688683,33662,291,0,VideoPacket
1773458929688753,33663,291,0,VideoPacket
1773458929688820,33664,291,0,VideoPacket
1773458929729166,33665,291,0,VideoPacket
1773458929729273,33666,291,0,VideoPacket
1773458929729346,33667,291,0,VideoPacket
1773458929729414,33668,291,0,VideoPacket
1773458929729480,33669,291,0,VideoPacket
1773458929729543,33670,291,0,VideoPacket
1773458929729623,33671,291,0,VideoPacket
1773458929729691,33672,291,0,VideoPacket
1773458929729762,33673,291,0,VideoPacket
1773458929729830,33674,291,0,VideoPacket
1773458929772634,33675,291,0,VideoPacket
1773458929772759,33676,291,0,VideoPacket
1773458929772880,33677,291,0,VideoPacket
1773458929773016,33678,291,0,VideoPacket
1773458929773157,33679,291,0,VideoPacket
1773458929773264,33680,291,0,VideoPacket
1773458929773387,33681,291,0,VideoPacket
1773458929773491,33682,291,0,VideoPacket
1773458929773563,33683,291,0,VideoPacket
1773458929773637,33684,291,0,VideoPacket
1773458929811914,33685,291,0,VideoPacket
1773458929812031,33686,291,0,VideoPacket
1773458929812123,33687,291,0,VideoPacket
1773458929812191,33688,291,0,VideoPacket
1773458929812258,33689,291,0,VideoPacket
1773458929812327,33690,291,0,VideoPacket
1773458929812399,33691,291,0,VideoPacket
1773458929812468,33692,291,0,VideoPacket
1773458929812537,33693,291,0,VideoPacket
1773458929812621,33694,291,0,VideoPacket
1773458929852239,17136,293,0,Retransmission:33614
1773458929852330,33695,291,0,VideoPacket
1773458929852407,33696,291,0,VideoPacket
1773458929852477,33697,291,0,VideoPacket
1773458929852550,33698,291,0,VideoPacket
1773458929852636,33699,291,0,VideoPacket
1773458929852721,33700,291,0,VideoPacket
1773458929852790,33701,291,0,VideoPacket
1773458929852861,33702,291,0,VideoPacket
1773458929852932,33703,291,0,VideoPacket
1773458929896304,33704,291,0,VideoPacket
1773458929896403,33705,291,0,VideoPacket
1773458929896475,33706,291,0,VideoPacket
1773458929896541,33707,291,0,VideoPacket
1773458929896620,33708,291,0,VideoPacket
1773458929896692,33709,291,0,VideoPacket
1773458929896760,33710,291,0,VideoPacket
1773458929896821,33711,291,0,VideoPacket
1773458929896890,33712,291,0,VideoPacket
1773458929896959,33713,291,0,VideoPacket
1773458929933322,17137,549,0,Retransmission:33633
1773458929933422,33714,291,0,VideoPacket
1773458929933500,33715,291,0,VideoPacket
1773458929933570,33716,291,0,VideoPacket
1773458929933660,33717,291,0,VideoPacket
1773458929933729,33718,291,0,VideoPacket
1773458929933798,33719,291,0,VideoPacket
1773458929933867,33720,291,0,VideoPacket
1773458929933936,33721,291,0,VideoPacket
1773458929934004,33722,291,0,VideoPacket
1773458929977913,33723,291,0,VideoPacket
1773458929978119,33724,291,0,VideoPacket
1773458929978192,33725,291,0,VideoPacket
1773458929978261,33726,291,0,VideoPacket
1773458929978333,33727,291,0,VideoPacket
1773458929978403,33728,291,0,VideoPacket
1773458929978469,33729,291,0,VideoPacket
1773458929978535,33730,291,0,VideoPacket
1773458929978610,33731,291,0,VideoPacket
1773458929978683,33732,291,0,VideoPacket
1773458930046396,33733,291,0,VideoPacket
1773458930046503,33734,291,0,VideoPacket
1773458930046579,33735,291,0,VideoPacket
1773458930046694,33736,291,0,VideoPacket
1773458930046763,33737,291,0,VideoPacket
1773458930046828,33738,291,0,VideoPacket
1773458930046889,33739,291,0,VideoPacket
1773458930046953,33740,291,0,VideoPacket
1773458930047021,33741,291,0,VideoPacket
1773458930047087,33742,291,0,VideoPacket
1773458930072559,33743,291,0,VideoPacket
1773458930072683,33744,291,0,VideoPacket
1773458930072754,33745,291,0,VideoPacket
1773458930072824,33746,291,0,VideoPacket
1773458930072897,33747,291,0,VideoPacket
1773458930072971,33748,291,0,VideoPacket
1773458930073041,33749,291,0,VideoPacket
1773458930073106,33750,291,0,VideoPacket
1773458930073176,33751,291,0,VideoPacket
1773458930073239,33752,291,0,VideoPacket
1773458930098815,33753,291,0,VideoPacket
1773458930098937,33754,291,0,VideoPacket
1773458930099008,33755,291,0,VideoPacket
1773458930099084,33756,291,0,VideoPacket
1773458930099154,33757,291,0,VideoPacket
1773458930099222,33758,291,0,VideoPacket
1773458930099290,33759,291,0,VideoPacket
1773458930099363,33760,291,0,VideoPacket
1773458930099430,33761,291,0,VideoPacket
1773458930099492,33762,291,0,VideoPacket
1773458930145129,33763,291,0,VideoPacket
1773458930145232,33764,291,0,VideoPacket
1773458930145305,33765,291,0,VideoPacket
1773458930145373,33766,291,0,VideoPacket
1773458930145443,33767,291,0,VideoPacket
1773458930145514,33768,291,0,VideoPacket
1773458930145595,33769,291,0,VideoPacket
1773458930145668,33770,291,0,VideoPacket
1773458930145738,33771,291,0,VideoPacket
1773458930145807,33772,291,0,VideoPacket
1773458930179109,33773,291,0,VideoPacket
1773458930179253,33774,291,0,VideoPacket
1773458930179325,33775,291,0,VideoPacket
1773458930179393,33776,291,0,VideoPacket
1773458930179465,33777,291,0,VideoPacket
1773458930179534,33778,291,0,VideoPacket
1773458930179617,33779,291,0,VideoPacket
1773458930179696,33780,291,0,VideoPacket
1773458930179772,33781,291,0,VideoPacket
1773458930179840,33782,291,0,VideoPacket
1773458930219950,33783,803,0,VideoPacket
1773458930220088,33784,803,0,VideoPacket
1773458930220164,33785,803,0,VideoPacket
1773458930220239,33786,803,0,VideoPacket
1773458930260829,33787,291,0,VideoPacket
1773458930260961,33788,291,0,VideoPacket
1773458930261036,33789,291,0,VideoPacket
1773458930261108,33790,291,0,VideoPacket
1773458930261184,33791,291,0,VideoPacket
1773458930261260,33792,291,0,VideoPacket
1773458930261332,33793,291,0,VideoPacket
1773458930261402,33794,291,0,VideoPacket
1773458930261475,33795,291,0,VideoPacket
1773458930261544,33796,291,0,VideoPacket
1773458930301765,33797,291,0,VideoPacket
1773458930301911,33798,291,0,VideoPacket
1773458930302001,33799,291,0,VideoPacket
1773458930302073,33800,291,0,VideoPacket
1773458930302148,33801,291,0,VideoPacket
1773458930302218,33802,291,0,VideoPacket
1773458930302288,33803,291,0,VideoPacket
1773458930302362,33804,291,0,VideoPacket
1773458930302428,33805,291,0,VideoPacket
1773458930302490,33806,291,0,VideoPacket
1773458930341152,33807,291,0,VideoPacket
1773458930341283,33808,291,0,VideoPacket
1773458930341362,33809,291,0,VideoPacket
1773458930341434,33810,291,0,VideoPacket
1773458930341512,33811,291,0,VideoPacket
1773458930341594,33812,291,0,VideoPacket
1773458930341671,33813,291,0,VideoPacket
1773458930341741,33814,291,0,VideoPacket
1773458930341814,33815,291,0,VideoPacket
1773458930341884,33816,291,0,VideoPacket
1773458930381351,33817,291,0,VideoPacket
1773458930381456,33818,291,0,VideoPacket
1773458930381533,33819,291,0,VideoPacket
1773458930381616,33820,291,0,VideoPacket
1773458930381686,33821,291,0,VideoPacket
1773458930381761,33822,291,0,VideoPacket
1773458930381830,33823,291,0,VideoPacket
1773458930381907,33824,291,0,VideoPacket
1773458930381977,33825,291,0,VideoPacket
1773458930382051,33826,291,0,VideoPacket
1773458930426868,17138,293,0,Retransmission:33674
1773458930426961,17139,293,0,Retransmission:33678
1773458930427033,17140,293,0,Retransmission:33682
1773458930427098,17141,549,0,Retransmission:33633
1773458930427165,33827,291,0,VideoPacket
1773458930427251,33828,291,0,VideoPacket
1773458930427324,33829,291,0,VideoPacket
1773458930427392,33830,291,0,VideoPacket
1773458930427464,33831,291,0,VideoPacket
1773458930427533,33832,291,0,VideoPacket
1773458930483147,33833,291,0,VideoPacket
1773458930483251,33834,291,0,VideoPacket
1773458930483325,33835,291,0,VideoPacket
1773458930483395,33836,291,0,VideoPacket
1773458930483472,33837,291,0,VideoPacket
1773458930483540,33838,291,0,VideoPacket
1773458930483620,33839,291,0,VideoPacket
1773458930483693,33840,291,0,VideoPacket
1773458930483758,33841,291,0,VideoPacket
1773458930483827,33842,291,0,VideoPacket
1773458930504379,33843,291,0,VideoPacket
1773458930504530,33844,291,0,VideoPacket
1773458930504613,33845,291,0,VideoPacket
1773458930504687,33846,291,0,VideoPacket
1773458930504758,33847,291,0,VideoPacket
1773458930504828,33848,291,0,VideoPacket
1773458930504897,33849,291,0,VideoPacket
1773458930504967,33850,291,0,VideoPacket
1773458930505041,33851,291,0,VideoPacket
1773458930505110,33852,291,0,VideoPacket
1773458930545281,17142,293,0,Retransmission:33725
1773458930545403,33853,291,0,VideoPacket
1773458930545491,33854,291,0,VideoPacket
1773458930545566,33855,291,0,VideoPacket
1773458930545648,33856,291,0,VideoPacket
1773458930545720,33857,291,0,VideoPacket
1773458930545790,33858,291,0,VideoPacket
1773458930545866,33859,291,0,VideoPacket
1773458930545927,33860,291,0,VideoPacket
1773458930545989,33861,291,0,VideoPacket
1773458930585208,33862,291,0,VideoPacket
1773458930585363,33863,291,0,VideoPacket
1773458930585430,33864,291,0,VideoPacket
1773458930585505,33865,291,0,VideoPacket
1773458930585577,33866,291,0,VideoPacket
1773458930585660,33867,291,0,VideoPacket
1773458930585728,33868,291,0,VideoPacket
1773458930585797,33869,291,0,VideoPacket
1773458930585869,33870,291,0,VideoPacket
1773458930585936,33871,291,0,VideoPacket
1773458930624870,17143,293,0,Retransmission:33741
1773458930625042,33872,291,0,VideoPacket
1773458930625133,33873,291,0,VideoPacket
1773458930625218,33874,291,0,VideoPacket
1773458930625289,33875,291,0,VideoPacket
1773458930625367,33876,291,0,VideoPacket
1773458930625439,33877,291,0,VideoPacket
1773458930625511,33878,291,0,VideoPacket
1773458930625597,33879,291,0,VideoPacket
1773458930625672,33880,291,0,VideoPacket
1773458930666079,17144,293,0,Retransmission:33769
1773458930666277,33881,291,0,VideoPacket
1773458930666363,33882,291,0,VideoPacket
1773458930666436,33883,291,0,VideoPacket
1773458930666517,33884,1059,0,VideoPacket
1773458930666599,33885,1059,0,VideoPacket
1773458930706363,33886,1059,0,VideoPacket
1773458930706594,33887,291,0,VideoPacket
1773458930706691,33888,291,0,VideoPacket
1773458930706785,33889,291,0,VideoPacket
1773458930706892,33890,291,0,VideoPacket
1773458930706984,33891,291,0,VideoPacket
1773458930707075,33892,291,0,VideoPacket
1773458930707166,33893,291,0,VideoPacket
1773458930781305,17145,293,0,Retransmission:33795
1773458930781393,33894,291,0,VideoPacket
1773458930781472,33895,291,0,VideoPacket
1773458930781538,33896,291,0,VideoPacket
1773458930781611,33897,291,0,VideoPacket
1773458930781675,33898,291,0,VideoPacket
1773458930781738,33899,291,0,VideoPacket
1773458930781802,33900,291,0,VideoPacket
1773458930781868,33901,291,0,VideoPacket
1773458930781930,33902,291,0,VideoPacket
1773458930805021,33903,291,0,VideoPacket
1773458930805129,33904,291,0,VideoPacket
1773458930805212,33905,291,0,VideoPacket
1773458930805298,33906,291,0,VideoPacket
1773458930805387,33907,291,0,VideoPacket
1773458930805476,33908,291,0,VideoPacket
1773458930805565,33909,291,0,VideoPacket
1773458930805666,33910,291,0,VideoPacket
1773458930805758,33911,547,0,VideoPacket
1773458930805845,33912,547,0,VideoPacket
1773458930832797,33913,547,0,VideoPacket
1773458930832939,33914,547,0,VideoPacket
1773458930833017,33915,547,0,VideoPacket
1773458930833087,33916,291,0,VideoPacket
1773458930833163,33917,291,0,VideoPacket
1773458930833233,33918,291,0,VideoPacket
1773458930833311,33919,291,0,VideoPacket
1773458930833380,33920,291,0,VideoPacket
1773458930896984,17146,293,0,Retransmission:33862
1773458930897069,33921,291,0,VideoPacket
1773458930897153,33922,291,0,VideoPacket
1773458930897226,33923,291,0,VideoPacket
1773458930897296,33924,291,0,VideoPacket
1773458930897365,33925,291,0,VideoPacket
1773458930897433,33926,291,0,VideoPacket
1773458930897504,33927,291,0,VideoPacket
1773458930897575,33928,1059,0,VideoPacket
1773458930918509,33929,1059,0,VideoPacket
1773458930918624,33930,1059,0,VideoPacket
1773458930918702,33931,291,0,VideoPacket
1773458930918776,33932,291,0,VideoPacket
1773458930918847,33933,291,0,VideoPacket
1773458930918918,33934,291,0,VideoPacket
1773458930961156,33935,291,0,VideoPacket
1773458930961268,33936,291,0,VideoPacket
1773458930961348,33937,291,0,VideoPacket
1773458930961424,33938,291,0,VideoPacket
1773458930961493,33939,291,0,VideoPacket
1773458930961567,33940,291,0,VideoPacket
1773458930961650,33941,291,0,VideoPacket
1773458930961720,33942,291,0,VideoPacket
1773458930961788,33943,291,0,VideoPacket
1773458930961856,33944,291,0,VideoPacket
1773458930961927,33945,291,0,VideoPacket
1773458931002776,17147,293,0,Retransmission:33897
1773458931002877,33946,291,0,VideoPacket
1773458931002962,33947,291,0,VideoPacket
1773458931003034,33948,291,0,VideoPacket
1773458931003103,33949,291,0,VideoPacket
1773458931003173,33950,291,0,VideoPacket
1773458931003246,33951,291,0,VideoPacket
1773458931003314,33952,291,0,VideoPacket
1773458931003384,33953,291,0,VideoPacket
1773458931003457,33954,291,0,VideoPacket
1773458931143658,33955,1059,0,VideoPacket
1773458931143796,33956,1059,0,VideoPacket
1773458931143896,33957,1059,0,VideoPacket
1773458931143998,33958,1059,0,VideoPacket
1773458931196453,17148,293,0,Retransmission:33741
1773458931339351,33959,1315,0,VideoPacket
1773458931339487,33960,1315,0,VideoPacket
1773458931339566,33961,1315,0,VideoPacket
1773458931506004,33962,291,0,VideoPacket
1773458931506129,33963,291,0,VideoPacket
1773458931506234,33964,291,0,VideoPacket
1773458931506310,33965,291,0,VideoPacket
1773458931506379,33966,291,0,VideoPacket
1773458931506449,33967,291,0,VideoPacket
1773458931506519,33968,291,0,VideoPacket
1773458931506602,33969,291,0,VideoPacket
1773458931506676,33970,291,0,VideoPacket
1773458931506744,33971,291,0,VideoPacket
1773458931506821,33972,291,0,VideoPacket
1773458931556532,33973,291,0,VideoPacket
1773458931556646,33974,291,0,VideoPacket
1773458931556723,33975,291,0,VideoPacket
1773458931556793,33976,291,0,VideoPacket
1773458931556863,33977,291,0,VideoPacket
1773458931556932,33978,291,0,VideoPacket
1773458931557008,33979,291,0,VideoPacket
1773458931557078,33980,291,0,VideoPacket
1773458931557147,33981,291,0,VideoPacket
1773458931557218,33982,291,0,VideoPacket
1773458931557286,33983,291,0,VideoPacket
1773458931595383,33984,291,0,VideoPacket
1773458931595497,33985,291,0,VideoPacket
1773458931595572,33986,1315,0,VideoPacket
1773458931595662,33987,1315,0,VideoPacket
1773458931643021,33988,291,0,VideoPacket
1773458931643124,33989,291,0,VideoPacket
1773458931643199,33990,291,0,VideoPacket
1773458931643271,33991,291,0,VideoPacket
1773458931643344,33992,291,0,VideoPacket
1773458931643416,33993,291,0,VideoPacket
1773458931643488,33994,291,0,VideoPacket
1773458931643560,33995,291,0,VideoPacket
1773458931643644,33996,291,0,VideoPacket
1773458931643715,33997,291,0,VideoPacket
1773458931643788,33998,291,0,VideoPacket
1773458931675207,33999,291,0,VideoPacket
1773458931675306,34000,291,0,VideoPacket
1773458931675381,34001,291,0,VideoPacket
1773458931675450,34002,291,0,VideoPacket
1773458931675532,34003,291,0,VideoPacket
1773458931675610,34004,291,0,VideoPacket
1773458931675679,34005,291,0,VideoPacket
1773458931675749,34006,291,0,VideoPacket
1773458931694261,17149,293,0,Retransmission:33971
1773458931728994,34007,291,0,VideoPacket
1773458931729108,34008,291,0,VideoPacket
1773458931729183,34009,291,0,VideoPacket
1773458931729253,34010,291,0,VideoPacket
1773458931729329,34011,291,0,VideoPacket
1773458931729399,34012,291,0,VideoPacket
1773458931729475,34013,291,0,VideoPacket
1773458931729545,34014,291,0,VideoPacket
1773458931762997,34015,803,0,VideoPacket
1773458931763098,34016,803,0,VideoPacket
1773458931763170,34017,803,0,VideoPacket
1773458931763233,34018,803,0,VideoPacket
1773458931795742,17150,293,0,Retransmission:33993
1773458931805526,34019,803,0,VideoPacket
1773458931805627,34020,803,0,VideoPacket
1773458931805696,34021,803,0,VideoPacket
1773458931843246,34022,291,0,VideoPacket
1773458931843350,34023,291,0,VideoPacket
1773458931843423,34024,291,0,VideoPacket
1773458931843493,34025,291,0,VideoPacket
1773458931843563,34026,291,0,VideoPacket
1773458931843644,34027,291,0,VideoPacket
1773458931843715,34028,291,0,VideoPacket
1773458931843785,34029,291,0,VideoPacket
1773458931863432,17151,293,0,Retransmission:34004
1773458931901268,34030,1315,0,VideoPacket
1773458931901371,34031,1315,0,VideoPacket
1773458931933128,34032,803,1,VideoPacket
1773458931933232,34033,803,1,VideoPacket
1773458931933307,34034,803,1,VideoPacket
1773458931933376,34035,803,1,VideoPacket
1773458931933450,34036,803,1,VideoPacket
1773458931979003,34037,803,1,VideoPacket
1773458931979110,34038,803,1,VideoPacket
1773458931979177,34039,803,1,VideoPacket
1773458931979242,34040,803,1,VideoPacket
1773458931979322,34041,803,1,VideoPacket
1773458932106759,17152,805,0,Retransmission:34021
1773458932106854,17153,293,0,Retransmission:34023
1773458932106917,17154,293,0,Retransmission:34026
1773458932106974,17155,293,0,Retransmission:34027
1773458932107038,34042,803,1,VideoPacket
1773458932107112,34043,803,1,VideoPacket
1773458932107182,34044,803,1,VideoPacket
1773458932107253,34045,803,1,VideoPacket
1773458932107326,34046,803,1,VideoPacket
1773458932107401,34047,803,0,VideoPacket
1773458932107471,34048,803,0,VideoPacket
1773458932107541,34049,803,0,VideoPacket
1773458932152325,34050,803,0,VideoPacket
1773458932152432,34051,291,0,VideoPacket
1773458932152508,34052,291,0,VideoPacket
1773458932152578,34053,291,0,VideoPacket
1773458932152647,34054,291,0,VideoPacket
1773458932152718,34055,291,0,VideoPacket
1773458932152786,34056,291,0,VideoPacket
1773458932152857,34057,291,0,VideoPacket
1773458932152924,34058,291,0,VideoPacket
1773458932152987,34059,291,0,VideoPacket
1773458932198611,17156,1317,0,Retransmission:34030
1773458932198705,34060,291,0,VideoPacket
1773458932198786,34061,291,0,VideoPacket
1773458932198857,34062,291,0,VideoPacket
1773458932198932,34063,291,0,VideoPacket
1773458932199002,34064,291,0,VideoPacket
1773458932199071,34065,291,0,VideoPacket
1773458932199149,34066,291,0,VideoPacket
1773458932224158,34067,291,0,VideoPacket
1773458932224263,34068,291,0,VideoPacket
1773458932224343,34069,291,0,VideoPacket
1773458932224430,34070,291,0,VideoPacket
1773458932224530,34071,291,0,VideoPacket
1773458932224624,34072,291,0,VideoPacket
1773458932224712,34073,291,0,VideoPacket
1773458932224803,34074,291,0,VideoPacket
1773458932224905,34075,291,0,VideoPacket
1773458932224993,34076,291,0,VideoPacket
1773458932225080,34077,291,0,VideoPacket
1773458932264028,34078,291,0,VideoPacket
1773458932264150,34079,291,0,VideoPacket
1773458932264241,34080,291,0,VideoPacket
1773458932264332,34081,291,0,VideoPacket
1773458932264419,34082,291,0,VideoPacket
1773458932264505,34083,291,0,VideoPacket
1773458932264600,34084,291,0,VideoPacket
1773458932264694,34085,291,0,VideoPacket
1773458932264780,34086,291,0,VideoPacket
1773458932264853,34087,291,0,VideoPacket
1773458932264925,34088,291,0,VideoPacket
1773458932283373,34089,291,0,VideoPacket
1773458932283464,34090,291,0,VideoPacket
1773458932283536,34091,291,0,VideoPacket
1773458932283616,34092,291,0,VideoPacket
1773458932283697,34093,291,0,VideoPacket
1773458932283766,34094,291,0,VideoPacket
1773458932283835,34095,291,0,VideoPacket
1773458932283906,34096,291,0,VideoPacket
1773458932283976,34097,291,0,VideoPacket
1773458932284067,34098,291,0,VideoPacket
1773458932284158,34099,291,0,VideoPacket
1773458932324946,34100,291,0,VideoPacket
1773458932325081,34101,291,0,VideoPacket
1773458932325159,34102,291,0,VideoPacket
1773458932325252,34103,291,0,VideoPacket
1773458932325343,34104,291,0,VideoPacket
1773458932325425,34105,291,0,VideoPacket
1773458932325512,34106,291,0,VideoPacket
1773458932325610,34107,291,0,VideoPacket
1773458932325709,34108,291,0,VideoPacket
1773458932325812,34109,291,0,VideoPacket
1773458932325895,34110,291,0,VideoPacket
1773458932390418,34111,291,0,VideoPacket
1773458932390549,34112,547,0,VideoPacket
1773458932390656,34113,547,0,VideoPacket
1773458932390761,34114,547,0,VideoPacket
1773458932390866,34115,547,0,VideoPacket
1773458932390969,34116,547,0,VideoPacket
1773458932391072,34117,547,0,VideoPacket
1773458932442599,34118,547,0,VideoPacket
1773458932442724,34119,547,0,VideoPacket
1773458932442825,34120,547,0,VideoPacket
1773458932442928,34121,547,0,VideoPacket
1773458932443032,34122,547,0,VideoPacket
1773458932443141,34123,547,0,VideoPacket
1773458932443243,34124,547,0,VideoPacket
1773458932452095,34125,547,0,VideoPacket
1773458932452216,34126,547,0,VideoPacket
1773458932452318,34127,547,0,VideoPacket
1773458932452419,34128,547,0,VideoPacket
1773458932452520,34129,547,0,VideoPacket
1773458932452634,34130,547,0,VideoPacket
1773458932452737,34131,291,0,VideoPacket
1773458932493508,17157,293,0,Retransmission:34073
1773458932493658,17158,293,0,Retransmission:34085
1773458932493764,34132,291,0,VideoPacket
1773458932493874,34133,291,0,VideoPacket
1773458932493978,34134,291,0,VideoPacket
1773458932494081,34135,291,0,VideoPacket
1773458932494184,34136,291,0,VideoPacket
1773458932494287,34137,291,0,VideoPacket
1773458932494389,34138,291,0,VideoPacket
1773458932494495,34139,291,0,VideoPacket
1773458932494615,34140,291,0,VideoPacket
1773458932533590,17159,293,0,Retransmission:34099
1773458932533703,17160,293,0,Retransmission:34100
1773458932533801,17161,293,0,Retransmission:34107
1773458932533894,34141,291,0,VideoPacket
1773458932534010,34142,291,0,VideoPacket
1773458932534111,34143,291,0,VideoPacket
1773458932534219,34144,291,0,VideoPacket
1773458932534377,34145,291,0,VideoPacket
1773458932534473,34146,291,0,VideoPacket
1773458932534559,34147,291,0,VideoPacket
1773458932534664,34148,291,0,VideoPacket
1773458932566561,34149,291,0,VideoPacket
1773458932620801,34150,291,0,VideoPacket
1773458932620946,34151,291,0,VideoPacket
1773458932621046,34152,291,0,VideoPacket
1773458932621173,34153,291,0,VideoPacket
1773458932621278,34154,291,0,VideoPacket
1773458932621382,34155,291,0,VideoPacket
1773458932621485,34156,291,0,VideoPacket
1773458932621603,34157,291,0,VideoPacket
1773458932621708,34158,291,0,VideoPacket
1773458932621811,34159,291,0,VideoPacket
1773458932621911,34160,291,0,VideoPacket
1773458932622012,34161,291,0,VideoPacket
1773458932622113,34162,1059,0,VideoPacket
1773458932622215,34163,1059,0,VideoPacket
1773458932622317,34164,1059,0,VideoPacket
1773458932622420,34165,291,0,VideoPacket
1773458932622520,34166,291,0,VideoPacket
1773458932809544,34167,291,0,VideoPacket
1773458932809690,34168,291,0,VideoPacket
1773458932809804,34169,291,0,VideoPacket
1773458932809902,34170,291,0,VideoPacket
1773458932810001,34171,291,0,VideoPacket
1773458932810103,34172,291,0,VideoPacket
1773458932810199,34173,803,0,VideoPacket
1773458932810295,34174,803,0,VideoPacket
1773458932810397,34175,803,0,VideoPacket
1773458932810613,34176,291,0,VideoPacket
1773458932810714,34177,291,0,VideoPacket
1773458932810809,34178,291,0,VideoPacket
1773458932810907,34179,291,0,VideoPacket
1773458932811005,34180,291,0,VideoPacket
1773458932811105,34181,291,0,VideoPacket
1773458932811205,34182,291,0,VideoPacket
1773458932811304,34183,291,0,VideoPacket
1773458932811403,34184,291,0,VideoPacket
1773458932866661,34185,291,0,VideoPacket
1773458932866767,34186,291,0,VideoPacket
1773458932866836,34187,291,0,VideoPacket
1773458932866903,34188,291,0,VideoPacket
1773458932866972,34189,291,0,VideoPacket
1773458932867056,34190,291,0,VideoPacket
1773458932867130,34191,291,0,VideoPacket
1773458932867207,34192,291,0,VideoPacket
1773458932927328,34193,291,0,VideoPacket
1773458932927441,34194,291,0,VideoPacket
1773458932927522,34195,291,0,VideoPacket
1773458932927604,34196,291,0,VideoPacket
1773458932927677,34197,291,0,VideoPacket
1773458932927751,34198,291,0,VideoPacket
1773458932927822,34199,291,0,VideoPacket
1773458932927893,34200,291,0,VideoPacket
1773458932993206,34201,803,0,VideoPacket
1773458932993366,34202,803,0,VideoPacket
1773458932993463,34203,803,0,VideoPacket
1773458933070336,34204,803,0,VideoPacket
1773458933070481,34205,803,0,VideoPacket
1773458933070578,34206,803,0,VideoPacket
1773458933070693,34207,803,0,VideoPacket
1773458933070793,34208,803,0,VideoPacket
1773458933609163,34209,803,0,VideoPacket
1773458933609388,34210,803,0,VideoPacket
1773458933609487,34211,803,0,VideoPacket
1773458933609605,34212,803,0,VideoPacket
1773458933609705,34213,803,0,VideoPacket
1773458933609808,34214,803,0,VideoPacket
1773458933609910,34215,803,0,VideoPacket
1773458933610012,34216,803,0,VideoPacket
1773458933610115,34217,803,0,VideoPacket
1773458933610218,34218,803,0,VideoPacket
1773458933610322,34219,803,0,VideoPacket
1773458933709593,17162,293,0,Retransmission:34157
1773458933794020,34220,291,0,VideoPacket
1773458933794123,34221,291,0,VideoPacket
1773458933794200,34222,291,0,VideoPacket
1773458933794270,34223,291,0,VideoPacket
1773458933794341,34224,291,0,VideoPacket
1773458933794410,34225,291,0,VideoPacket
1773458933794479,34226,291,0,VideoPacket
1773458933794549,34227,291,0,VideoPacket
1773458933794630,34228,291,0,VideoPacket
1773458933794700,34229,291,0,VideoPacket
1773458933794769,34230,291,0,VideoPacket
1773458933794838,34231,291,0,VideoPacket
1773458933794908,34232,291,0,VideoPacket
1773458933837709,34233,291,0,VideoPacket
1773458933837843,34234,291,0,VideoPacket
1773458933837938,34235,291,0,VideoPacket
1773458933838034,34236,291,0,VideoPacket
1773458933838131,34237,291,0,VideoPacket
1773458933838229,34238,291,0,VideoPacket
1773458933838331,34239,291,0,VideoPacket
1773458933838427,34240,291,0,VideoPacket
1773458933838523,34241,291,0,VideoPacket
1773458933838635,34242,291,0,VideoPacket
1773458933838735,34243,291,0,VideoPacket
1773458933838838,34244,291,0,VideoPacket
1773458933838939,34245,291,0,VideoPacket
1773458933908344,34246,291,0,VideoPacket
1773458933908465,34247,291,0,VideoPacket
1773458933908563,34248,291,0,VideoPacket
1773458933908679,34249,291,0,VideoPacket
1773458933908779,34250,291,0,VideoPacket
1773458933908877,34251,291,0,VideoPacket
1773458933908978,34252,291,0,VideoPacket
1773458933909076,34253,291,0,VideoPacket
1773458933909176,34254,291,0,VideoPacket
1773458933909276,34255,291,0,VideoPacket
1773458933909617,34256,291,0,VideoPacket
1773458933909716,34257,291,0,VideoPacket
1773458933909813,34258,291,0,VideoPacket
1773458933909916,34259,291,0,VideoPacket
1773458933910017,34260,291,0,VideoPacket
1773458933910117,34261,291,0,VideoPacket
1773458933910218,34262,291,0,VideoPacket
1773458933910319,34263,291,0,VideoPacket
1773458933910423,34264,291,0,VideoPacket
1773458933910525,34265,291,0,VideoPacket
1773458933910636,34266,291,0,VideoPacket
1773458933910756,34267,291,0,VideoPacket
1773458933958201,34268,291,0,VideoPacket
1773458933958334,34269,291,0,VideoPacket
1773458933958432,34270,291,0,VideoPacket
1773458933958538,34271,291,0,VideoPacket
1773458933958650,34272,291,0,VideoPacket
1773458933958751,34273,291,0,VideoPacket
1773458933958856,34274,291,0,VideoPacket
1773458933958939,34275,291,0,VideoPacket
1773458933959022,34276,291,0,VideoPacket
1773458933959102,34277,291,0,VideoPacket
1773458933959183,34278,291,0,VideoPacket
1773458933959264,34279,291,0,VideoPacket
1773458933959344,34280,291,0,VideoPacket
1773458933997718,34281,291,0,VideoPacket
1773458933997842,34282,291,0,VideoPacket
1773458933997940,34283,291,0,VideoPacket
1773458933998038,34284,291,0,VideoPacket
1773458933998137,34285,291,0,VideoPacket
1773458933998240,34286,291,0,VideoPacket
1773458933998341,34287,291,0,VideoPacket
1773458933998444,34288,291,0,VideoPacket
1773458933998542,34289,547,0,VideoPacket
1773458933998651,34290,547,0,VideoPacket
1773458933998752,34291,547,0,VideoPacket
1773458934058318,34292,547,0,VideoPacket
1773458934058426,34293,547,0,VideoPacket
1773458934058508,34294,547,0,VideoPacket
1773458934058601,34295,547,0,VideoPacket
1773458934058686,34296,547,0,VideoPacket
1773458934058766,34297,547,0,VideoPacket
1773458934058846,34298,547,0,VideoPacket
1773458934058927,34299,547,0,VideoPacket
1773458934106844,34300,803,0,VideoPacket
1773458934106949,34301,803,0,VideoPacket
1773458934107037,34302,803,0,VideoPacket
1773458934107129,34303,803,0,VideoPacket
1773458934107223,34304,803,0,VideoPacket
1773458934132273,34305,291,0,VideoPacket
1773458934132395,34306,291,0,VideoPacket
1773458934132495,34307,291,0,VideoPacket
1773458934132605,34308,291,0,VideoPacket
1773458934132706,34309,291,0,VideoPacket
1773458934132807,34310,291,0,VideoPacket
1773458934132903,34311,291,0,VideoPacket
1773458934133006,34312,291,0,VideoPacket
1773458934133107,34313,291,0,VideoPacket
1773458934133193,34314,291,0,VideoPacket
1773458934133274,34315,291,0,VideoPacket
1773458934133363,34316,291,0,VideoPacket
1773458934133446,34317,291,0,VideoPacket
1773458934175386,34318,803,0,VideoPacket
1773458934175487,34319,803,0,VideoPacket
1773458934175561,34320,803,0,VideoPacket
1773458934175647,34321,803,0,VideoPacket
1773458934175724,34322,803,0,VideoPacket
1773458934212898,34323,291,0,VideoPacket
1773458934213006,34324,291,0,VideoPacket
1773458934213104,34325,291,0,VideoPacket
1773458934213179,34326,291,0,VideoPacket
1773458934213252,34327,291,0,VideoPacket
1773458934213324,34328,291,0,VideoPacket
1773458934213396,34329,291,0,VideoPacket
1773458934213470,34330,291,0,VideoPacket
1773458934213544,34331,291,0,VideoPacket
1773458934213625,34332,291,0,VideoPacket
1773458934213699,34333,291,0,VideoPacket
1773458934213771,34334,291,0,VideoPacket
1773458934213848,34335,291,0,VideoPacket
1773458934256546,34336,291,0,VideoPacket
1773458934256658,34337,291,0,VideoPacket
1773458934256730,34338,291,0,VideoPacket
1773458934256791,34339,1059,0,VideoPacket
1773458934256856,34340,1059,0,VideoPacket
1773458934256924,34341,1059,0,VideoPacket
1773458934291822,17163,805,0,Retransmission:34206
1773458934291946,34342,291,0,VideoPacket
1773458934292087,34343,291,0,VideoPacket
1773458934292202,34344,291,0,VideoPacket
1773458934292307,34345,291,0,VideoPacket
1773458934292409,34346,291,0,VideoPacket
1773458934292510,34347,291,0,VideoPacket
1773458934292630,34348,291,0,VideoPacket
1773458934292732,34349,291,0,VideoPacket
1773458934292834,34350,291,0,VideoPacket
1773458934292936,34351,291,0,VideoPacket
1773458934386426,34352,291,0,VideoPacket
1773458934386512,34353,291,0,VideoPacket
1773458934386577,34354,291,0,VideoPacket
1773458934386655,34355,803,0,VideoPacket
1773458934386718,34356,803,0,VideoPacket
1773458934386779,34357,803,0,VideoPacket
1773458934386840,34358,803,0,VideoPacket
1773458934386909,34359,803,0,VideoPacket
1773458934386978,34360,291,0,VideoPacket
1773458934387048,34361,291,0,VideoPacket
1773458934387112,34362,291,0,VideoPacket
1773458934387179,34363,291,0,VideoPacket
1773458934387243,34364,291,0,VideoPacket
1773458934387308,34365,291,0,VideoPacket
1773458934387389,34366,291,0,VideoPacket
1773458934387453,34367,291,0,VideoPacket
1773458934387522,34368,291,0,VideoPacket
1773458934387588,34369,291,0,VideoPacket
1773458934463309,34370,291,0,VideoPacket
1773458934463426,34371,291,0,VideoPacket
1773458934463506,34372,291,0,VideoPacket
1773458934463599,34373,547,0,VideoPacket
1773458934463683,34374,547,0,VideoPacket
1773458934463771,34375,547,0,VideoPacket
1773458934463852,34376,547,0,VideoPacket
1773458934463942,34377,547,0,VideoPacket
1773458934464035,34378,291,0,VideoPacket
1773458934464131,34379,291,0,VideoPacket
1773458934464215,34380,291,0,VideoPacket
1773458934464308,34381,291,0,VideoPacket
1773458934464392,34382,291,0,VideoPacket
1773458934464480,34383,291,0,VideoPacket
1773458934464564,34384,291,0,VideoPacket
1773458934464663,34385,291,0,VideoPacket
1773458934464748,34386,291,0,VideoPacket
1773458934464832,34387,291,0,VideoPacket
1773458934464919,34388,291,0,VideoPacket
1773458934465002,34389,291,0,VideoPacket
1773458934465090,34390,291,0,VideoPacket
1773458934465175,34391,291,0,VideoPacket
1773458934614380,34392,291,0,VideoPacket
1773458934614495,34393,291,0,VideoPacket
1773458934614568,34394,291,0,VideoPacket
1773458934614651,34395,291,0,VideoPacket
1773458934614722,34396,291,0,VideoPacket
1773458934614793,34397,291,0,VideoPacket
1773458934614864,34398,291,0,VideoPacket
1773458934614935,34399,291,0,VideoPacket
1773458934615008,34400,291,0,VideoPacket
1773458934615082,34401,291,0,VideoPacket
1773458934615160,34402,291,0,VideoPacket
1773458934615235,34403,803,0,VideoPacket
1773458934615309,34404,803,0,VideoPacket
1773458934615383,34405,803,0,VideoPacket
1773458934615457,34406,291,0,VideoPacket
1773458934615532,34407,291,0,VideoPacket
1773458934615619,34408,291,0,VideoPacket
1773458934615694,34409,291,0,VideoPacket
1773458934615769,34410,291,0,VideoPacket
1773458934615842,34411,291,0,VideoPacket
1773458934615915,34412,291,0,VideoPacket
1773458934615986,34413,291,0,VideoPacket
1773458934616073,34414,291,0,VideoPacket
1773458934616149,34415,291,0,VideoPacket
1773458934616222,34416,291,0,VideoPacket
1773458934616292,34417,291,0,VideoPacket
1773458934616369,34418,803,0,VideoPacket
1773458934616442,34419,803,0,VideoPacket
1773458934616513,34420,803,0,VideoPacket
1773458934616600,34421,803,0,VideoPacket
1773458934617132,17164,293,0,Retransmission:34232
1773458934617273,34422,291,0,VideoPacket
1773458934617366,34423,291,0,VideoPacket
1773458934617439,34424,291,0,VideoPacket
1773458934617526,34425,291,0,VideoPacket
1773458934617611,34426,291,0,VideoPacket
1773458934617685,34427,291,0,VideoPacket
1773458934617757,34428,291,0,VideoPacket
1773458934617829,34429,291,0,VideoPacket
1773458934670890,34430,291,0,VideoPacket
1773458934670983,34431,291,0,VideoPacket
1773458934671056,34432,291,0,VideoPacket
1773458934671128,34433,291,0,VideoPacket
1773458934671200,34434,291,0,VideoPacket
1773458934671271,34435,1059,0,VideoPacket
1773458934671342,34436,1059,0,VideoPacket
1773458934671414,34437,1059,0,VideoPacket
1773458934677221,34438,291,0,VideoPacket
1773458934677305,34439,291,0,VideoPacket
1773458934677410,34440,291,0,VideoPacket
1773458934677485,34441,291,0,VideoPacket
1773458934701165,17165,0,0,Padding
1773458934701246,17166,293,0,Retransmission:34267
1773458934710428,17167,293,0,Retransmission:34270
1773458934710521,17168,293,0,Retransmission:34273
1773458934710603,17169,549,0,Retransmission:34289
1773458934710674,34442,291,0,VideoPacket
1773458934710752,34443,291,0,VideoPacket
1773458934723494,17170,293,0,Retransmission:34306
1773458934723573,17171,293,0,Retransmission:34315
1773458934723665,17172,0,0,Padding
1773458934723738,17173,293,0,Retransmission:34255
1773458934723805,34444,291,0,VideoPacket
1773458934732269,17174,293,0,Retransmission:34324
1773458934732355,17175,293,0,Retransmission:34337
1773458934732423,17176,293,0,Retransmission:34342
1773458934732488,17177,293,0,Retransmission:34350
1773458934732553,17178,293,0,Retransmission:34362
1773458934732623,34445,291,0,VideoPacket
1773458934732701,34446,291,0,VideoPacket
1773458934732776,34447,291,0,VideoPacket
1773458934732858,34448,291,0,VideoPacket
1773458934732970,17179,293,0,Retransmission:34380
1773458934733043,34449,291,0,VideoPacket
1773458934733112,34450,291,0,VideoPacket
1773458934735062,34451,291,0,VideoPacket
1773458934735176,34452,291,0,VideoPacket
1773458934735261,34453,291,0,VideoPacket
1773458934737467,34454,291,0,VideoPacket
1773458934737553,34455,291,0,VideoPacket
1773458934737634,34456,291,0,VideoPacket
1773458934822070,17180,293,0,Retransmission:34396
1773458934822164,17181,293,0,Retransmission:34397
1773458934822233,17182,805,0,Retransmission:34421
1773458934822305,34457,291,0,VideoPacket
1773458934822389,34458,291,0,VideoPacket
1773458934822461,34459,291,0,VideoPacket
1773458934822536,34460,291,0,VideoPacket
1773458934822622,34461,291,0,VideoPacket
1773458934822690,34462,291,0,VideoPacket
1773458934822763,34463,291,0,VideoPacket
1773458934822836,34464,291,0,VideoPacket
1773458934859727,34465,291,0,VideoPacket
1773458934859831,34466,291,0,VideoPacket
1773458934859906,34467,291,0,VideoPacket
1773458934859976,34468,291,0,VideoPacket
1773458934860062,34469,291,0,VideoPacket
1773458934860136,34470,291,0,VideoPacket
1773458934860205,34471,291,0,VideoPacket
1773458934860275,34472,291,0,VideoPacket
1773458934860349,34473,291,1,VideoPacket
1773458934860419,34474,291,1,VideoPacket
1773458934860488,34475,291,1,VideoPacket
1773458934860556,34476,291,1,VideoPacket
1773458934860635,34477,291,1,VideoPacket
1773458934901864,34478,291,1,VideoPacket
1773458934901952,34479,291,1,VideoPacket
1773458934902026,34480,291,1,VideoPacket
1773458934902095,34481,291,1,VideoPacket
1773458934902165,34482,291,1,VideoPacket
1773458934902234,34483,291,1,VideoPacket
1773458934902303,34484,291,1,VideoPacket
1773458934902372,34485,291,1,VideoPacket
1773458934902443,34486,291,1,VideoPacket
1773458934902512,34487,291,1,VideoPacket
1773458934902592,34488,291,1,VideoPacket
1773458934902662,34489,291,1,VideoPacket
1773458934902734,34490,291,1,VideoPacket
1773458934942371,34491,291,1,VideoPacket
1773458934942486,34492,291,1,VideoPacket
1773458934942560,34493,291,1,VideoPacket
1773458934942640,34494,291,1,VideoPacket
1773458934942711,34495,291,1,VideoPacket
1773458934942786,34496,291,1,VideoPacket
1773458934942855,34497,291,1,VideoPacket
1773458934942924,34498,291,1,VideoPacket
1773458934942995,34499,291,1,VideoPacket
1773458934943064,34500,291,1,VideoPacket
1773458934943133,34501,291,1,VideoPacket
1773458934943198,34502,291,1,VideoPacket
1773458934943260,34503,291,1,VideoPacket
1773458934996445,34504,291,1,VideoPacket
1773458934996544,34505,291,1,VideoPacket
1773458934996629,34506,291,1,VideoPacket
1773458934996704,34507,291,1,VideoPacket
1773458934996776,34508,291,1,VideoPacket
1773458934996848,34509,291,1,VideoPacket
1773458934996921,34510,291,1,VideoPacket
1773458934996993,34511,291,1,VideoPacket
1773458934997064,34512,291,1,VideoPacket
1773458934997138,34513,291,1,VideoPacket
1773458934997214,34514,291,0,VideoPacket
1773458934997287,34515,291,0,VideoPacket
1773458934997358,34516,291,0,VideoPacket
1773458935021905,17183,293,0,Retransmission:34463
1773458935022011,34517,291,0,VideoPacket
1773458935022094,34518,291,0,VideoPacket
1773458935022167,34519,291,0,VideoPacket
1773458935022237,34520,291,0,VideoPacket
1773458935022309,34521,291,0,VideoPacket
1773458935022378,34522,291,0,VideoPacket
1773458935022449,34523,291,0,VideoPacket
1773458935022521,34524,291,0,VideoPacket
1773458935022601,34525,291,0,VideoPacket
1773458935022675,34526,291,0,VideoPacket
1773458935022747,34527,291,0,VideoPacket
1773458935022818,34528,291,0,VideoPacket
1773458935022889,34529,291,0,VideoPacket
1773458935022957,34530,291,0,VideoPacket
1773458935023028,34531,291,0,VideoPacket
1773458935023101,34532,291,0,VideoPacket
1773458935023172,34533,291,0,VideoPacket
1773458935023243,34534,291,0,VideoPacket
1773458935023314,34535,291,0,VideoPacket
1773458935026717,34536,291,0,VideoPacket
1773458935026805,34537,291,0,VideoPacket
1773458935026881,34538,291,0,VideoPacket
1773458935026953,34539,291,0,VideoPacket
1773458935027024,34540,291,0,VideoPacket
1773458935027096,34541,291,0,VideoPacket
1773458935027181,34542,291,0,VideoPacket
1773458935027254,34543,291,0,VideoPacket
1773458935027330,34544,291,0,VideoPacket
1773458935027401,34545,291,0,VideoPacket
1773458935027476,34546,291,0,VideoPacket
1773458935027554,34547,291,0,VideoPacket
1773458935027640,34548,291,0,VideoPacket
1773458935027705,34549,291,0,VideoPacket
1773458935027766,34550,291,0,VideoPacket
1773458935027828,34551,291,0,VideoPacket
1773458935027900,34552,291,0,VideoPacket
1773458935027972,34553,291,0,VideoPacket
1773458935028058,34554,291,0,VideoPacket
1773458935028135,34555,291,0,VideoPacket
1773458935028208,34556,291,0,VideoPacket
1773458935028279,34557,291,0,VideoPacket
1773458935028353,34558,291,0,VideoPacket
1773458935028428,34559,291,0,VideoPacket
1773458935028501,34560,291,0,VideoPacket
1773458935028574,34561,291,0,VideoPacket
1773458935028661,34562,547,0,VideoPacket
1773458935028735,34563,547,0,VideoPacket
1773458935028806,34564,547,0,VideoPacket
1773458935028881,34565,547,0,VideoPacket
1773458935065166,34566,547,0,VideoPacket
1773458935065272,34567,547,0,VideoPacket
1773458935065348,34568,547,0,VideoPacket
1773458935065420,34569,547,0,VideoPacket
1773458935065490,34570,291,0,VideoPacket
1773458935065564,34571,291,0,VideoPacket
1773458935065659,34572,291,0,VideoPacket
1773458935065732,34573,291,0,VideoPacket
1773458935065805,34574,291,0,VideoPacket
1773458935065877,34575,291,0,VideoPacket
1773458935065949,34576,291,0,VideoPacket
1773458935066024,34577,291,0,VideoPacket
1773458935066098,34578,291,0,VideoPacket
1773458935066162,34579,291,0,VideoPacket
1773458935066229,34580,291,0,VideoPacket
1773458935066297,34581,291,0,VideoPacket
1773458935066374,34582,291,0,VideoPacket
1773458935066449,34583,291,0,VideoPacket
1773458935066521,34584,291,0,VideoPacket
1773458935066604,34585,291,0,VideoPacket
1773458935066679,34586,291,0,VideoPacket
1773458935066751,34587,291,0,VideoPacket
1773458935066824,34588,291,0,VideoPacket
1773458935066896,34589,291,0,VideoPacket
1773458935066969,34590,291,0,VideoPacket
1773458935067043,34591,291,0,VideoPacket
1773458935067118,34592,291,0,VideoPacket
1773458935067189,34593,291,0,VideoPacket
1773458935067263,34594,291,0,VideoPacket
1773458935067335,34595,291,0,VideoPacket
1773458935109487,34596,291,0,VideoPacket
1773458935109613,34597,291,0,VideoPacket
1773458935109692,34598,547,0,VideoPacket
1773458935109768,34599,547,0,VideoPacket
1773458935109839,34600,547,0,VideoPacket
1773458935109910,34601,547,0,VideoPacket
1773458935109983,34602,547,0,VideoPacket
1773458935110055,34603,803,1,VideoPacket
1773458935110126,34604,803,1,VideoPacket
1773458935110198,34605,803,1,VideoPacket
1773458935110267,34606,803,1,VideoPacket
1773458935110339,34607,803,1,VideoPacket
1773458935110411,34608,803,1,VideoPacket
1773458935110481,34609,803,1,VideoPacket
1773458935110552,34610,803,1,VideoPacket
1773458935110632,34611,803,1,VideoPacket
1773458935146616,34612,803,1,VideoPacket
1773458935146739,34613,547,0,VideoPacket
1773458935146816,34614,547,0,VideoPacket
1773458935146886,34615,547,0,VideoPacket
1773458935146959,34616,547,0,VideoPacket
1773458935147031,34617,547,0,VideoPacket
1773458935147103,34618,547,0,VideoPacket
1773458935147175,34619,547,0,VideoPacket
1773458935147245,34620,547,0,VideoPacket
1773458935147309,34621,547,0,VideoPacket
1773458935147371,34622,547,0,VideoPacket
1773458935147438,34623,547,0,VideoPacket
1773458935147512,34624,547,0,VideoPacket
1773458935147599,34625,547,0,VideoPacket
1773458935147675,34626,547,0,VideoPacket
1773458935147747,34627,547,0,VideoPacket
1773458935147819,34628,547,0,VideoPacket
1773458935147890,34629,547,0,VideoPacket
1773458935147962,34630,547,0,VideoPacket
1773458935187822,17184,293,0,Retransmission:34488
1773458935187923,17185,293,0,Retransmission:34513
1773458935187995,17186,293,0,Retransmission:34517
1773458935188076,34631,547,0,VideoPacket
1773458935188157,34632,547,0,VideoPacket
1773458935188224,34633,547,0,VideoPacket
1773458935188292,34634,547,0,VideoPacket
1773458935188369,34635,547,0,VideoPacket
1773458935188441,34636,547,0,VideoPacket
1773458935188515,34637,547,0,VideoPacket
1773458935188610,34638,547,0,VideoPacket
1773458935188689,34639,547,0,VideoPacket
1773458935188761,34640,547,0,VideoPacket
1773458935188839,34641,547,0,VideoPacket
1773458935188911,34642,547,0,VideoPacket
1773458935188984,34643,547,0,VideoPacket
1773458935189056,34644,291,0,VideoPacket
1773458935189127,34645,291,0,VideoPacket
1773458935189200,34646,291,0,VideoPacket
1773458935189271,34647,291,0,VideoPacket
1773458935189343,34648,291,0,VideoPacket
1773458935189414,34649,291,0,VideoPacket
1773458935189486,34650,291,0,VideoPacket
1773458935227726,17187,293,0,Retransmission:34533
1773458935227826,17188,293,0,Retransmission:34539
1773458935227881,17189,293,0,Retransmission:34556
1773458935227939,34651,291,0,VideoPacket
1773458935228011,34652,291,0,VideoPacket
1773458935228095,34653,291,0,VideoPacket
1773458935228169,34654,291,0,VideoPacket
1773458935228246,34655,291,0,VideoPacket
1773458935228320,34656,291,0,VideoPacket
1773458935228390,34657,291,0,VideoPacket
1773458935228459,34658,291,0,VideoPacket
1773458935228535,34659,291,0,VideoPacket
1773458935228617,34660,291,0,VideoPacket
1773458935228692,34661,291,0,VideoPacket
1773458935228761,34662,291,0,VideoPacket
1773458935228836,34663,291,0,VideoPacket
1773458935228906,34664,291,0,VideoPacket
1773458935228976,34665,291,0,VideoPacket
1773458935229044,34666,291,0,VideoPacket
1773458935229113,34667,291,0,VideoPacket
1773458935229182,34668,291,0,VideoPacket
1773458935229253,34669,291,0,VideoPacket
1773458935229318,34670,291,0,VideoPacket
1773458935229389,34671,291,0,VideoPacket
1773458935229458,34672,291,0,VideoPacket
1773458935229526,34673,291,0,VideoPacket
1773458935229609,34674,291,0,VideoPacket
1773458935229682,34675,291,0,VideoPacket
1773458935229762,34676,291,0,VideoPacket
1773458935229835,34677,291,0,VideoPacket
1773458935229905,34678,291,0,VideoPacket
1773458935229976,34679,291,0,VideoPacket
1773458935230046,34680,291,0,VideoPacket
1773458935271192,17190,293,0,Retransmission:34573
1773458935271310,34681,291,0,VideoPacket
1773458935271395,34682,291,0,VideoPacket
1773458935271472,34683,291,0,VideoPacket
1773458935271541,34684,291,0,VideoPacket
1773458935271625,34685,291,0,VideoPacket
1773458935271700,34686,291,0,VideoPacket
1773458935271770,34687,291,0,VideoPacket
1773458935271840,34688,291,0,VideoPacket
1773458935271913,34689,291,0,VideoPacket
1773458935271983,34690,291,0,VideoPacket
1773458935272064,34691,291,0,VideoPacket
1773458935272137,34692,291,0,VideoPacket
1773458935272206,34693,291,0,VideoPacket
1773458935272279,34694,291,0,VideoPacket
1773458935272349,34695,291,0,VideoPacket
1773458935272418,34696,291,0,VideoPacket
1773458935272491,34697,291,0,VideoPacket
1773458935272560,34698,291,0,VideoPacket
1773458935272641,34699,291,0,VideoPacket
1773458935272713,34700,291,0,VideoPacket
1773458935272783,34701,291,0,VideoPacket
1773458935272855,34702,291,0,VideoPacket
1773458935272928,34703,291,0,VideoPacket
1773458935272992,34704,291,0,VideoPacket
1773458935273054,34705,291,0,VideoPacket
1773458935273118,34706,291,0,VideoPacket
1773458935273186,34707,291,0,VideoPacket
1773458935273257,34708,291,0,VideoPacket
1773458935273326,34709,291,0,VideoPacket
1773458935273396,34710,291,0,VideoPacket
1773458935273467,34711,291,0,VideoPacket
1773458935273535,34712,291,0,VideoPacket
1773458935316063,34713,291,0,VideoPacket
1773458935316177,34714,291,0,VideoPacket
1773458935316252,34715,291,0,VideoPacket
1773458935316322,34716,291,0,VideoPacket
1773458935316393,34717,291,0,VideoPacket
1773458935316462,34718,291,0,VideoPacket
1773458935316532,34719,291,0,VideoPacket
1773458935316619,34720,291,0,VideoPacket
1773458935316688,34721,291,0,VideoPacket
1773458935316786,34722,291,0,VideoPacket
1773458935316857,34723,291,0,VideoPacket
1773458935316929,34724,291,0,VideoPacket
1773458935317004,34725,291,0,VideoPacket
1773458935317073,34726,291,0,VideoPacket
1773458935317143,34727,291,0,VideoPacket
1773458935317250,34728,291,0,VideoPacket
1773458935317343,34729,291,0,VideoPacket
1773458935317417,34730,291,0,VideoPacket
1773458935317491,34731,291,0,VideoPacket
1773458935317562,34732,291,0,VideoPacket
1773458935317658,34733,291,0,VideoPacket
1773458935317728,34734,291,0,VideoPacket
1773458935317799,34735,291,0,VideoPacket
1773458935317880,34736,291,0,VideoPacket
1773458935317951,34737,291,0,VideoPacket
1773458935318020,34738,291,0,VideoPacket
1773458935318089,34739,291,0,VideoPacket
1773458935318159,34740,291,0,VideoPacket
1773458935318229,34741,291,0,VideoPacket
1773458935318299,34742,291,0,VideoPacket
1773458935318369,34743,291,0,VideoPacket
1773458935318440,34744,291,0,VideoPacket
1773458935318509,34745,291,0,VideoPacket
1773458935349301,34746,291,0,VideoPacket
1773458935349415,34747,291,0,VideoPacket
1773458935349486,34748,291,0,VideoPacket
1773458935349556,34749,291,0,VideoPacket
1773458935349637,34750,291,0,VideoPacket
1773458935349707,34751,291,0,VideoPacket
1773458935349779,34752,291,0,VideoPacket
1773458935349847,34753,291,0,VideoPacket
1773458935349922,34754,291,0,VideoPacket
1773458935349994,34755,291,0,VideoPacket
1773458935350063,34756,291,0,VideoPacket
1773458935350134,34757,291,0,VideoPacket
1773458935350203,34758,291,0,VideoPacket
1773458935350269,34759,291,0,VideoPacket
1773458935350340,34760,291,0,VideoPacket
1773458935350408,34761,291,0,VideoPacket
1773458935350478,34762,291,0,VideoPacket
1773458935350551,34763,291,0,VideoPacket
1773458935350635,34764,291,0,VideoPacket
1773458935350704,34765,291,0,VideoPacket
1773458935350774,34766,291,0,VideoPacket
1773458935350847,34767,291,0,VideoPacket
1773458935350920,34768,291,0,VideoPacket
1773458935350989,34769,291,0,VideoPacket
1773458935351058,34770,291,0,VideoPacket
1773458935351127,34771,291,0,VideoPacket
1773458935351196,34772,291,0,VideoPacket
1773458935351265,34773,291,0,VideoPacket
1773458935351331,34774,291,0,VideoPacket
1773458935351399,34775,291,0,VideoPacket
1773458935351469,34776,291,0,VideoPacket
1773458935351538,34777,291,0,VideoPacket
1773458935351616,34778,291,0,VideoPacket
1773458935400900,34779,291,0,VideoPacket
1773458935401008,34780,291,0,VideoPacket
1773458935401084,34781,291,0,VideoPacket
1773458935401154,34782,547,0,VideoPacket
1773458935401224,34783,547,0,VideoPacket
1773458935401294,34784,547,0,VideoPacket
1773458935401361,34785,547,0,VideoPacket
1773458935401434,34786,547,0,VideoPacket
1773458935401507,34787,547,0,VideoPacket
1773458935401588,34788,547,0,VideoPacket
1773458935401664,34789,547,0,VideoPacket
1773458935401737,34790,547,0,VideoPacket
1773458935401809,34791,547,0,VideoPacket
1773458935401894,34792,547,0,VideoPacket
1773458935401973,34793,547,0,VideoPacket
1773458935402047,34794,547,0,VideoPacket
1773458935402887,34795,291,0,VideoPacket
1773458935402974,34796,291,0,VideoPacket
1773458935403044,34797,291,0,VideoPacket
1773458935403112,34798,291,0,VideoPacket
1773458935403181,34799,291,0,VideoPacket
1773458935403254,34800,291,0,VideoPacket
1773458935403322,34801,291,0,VideoPacket
1773458935403391,34802,291,0,VideoPacket
1773458935403455,34803,291,0,VideoPacket
1773458935403526,34804,291,0,VideoPacket
1773458935403604,34805,291,0,VideoPacket
1773458935403675,34806,291,0,VideoPacket
1773458935403744,34807,291,0,VideoPacket
1773458935403814,34808,291,0,VideoPacket
1773458935403882,34809,291,0,VideoPacket
1773458935403951,34810,291,0,VideoPacket
1773458935404018,34811,291,0,VideoPacket
1773458935404099,34812,291,0,VideoPacket
1773458935445126,34813,291,0,VideoPacket
1773458935445280,34814,291,0,VideoPacket
1773458935445352,34815,291,0,VideoPacket
1773458935445421,34816,291,0,VideoPacket
1773458935445491,34817,291,0,VideoPacket
1773458935445560,34818,291,0,VideoPacket
1773458935445643,34819,291,0,VideoPacket
1773458935445715,34820,291,0,VideoPacket
1773458935445786,34821,291,0,VideoPacket
1773458935445855,34822,291,0,VideoPacket
1773458935445924,34823,291,0,VideoPacket
1773458935445993,34824,291,0,VideoPacket
1773458935446059,34825,291,0,VideoPacket
1773458935446137,34826,291,0,VideoPacket
1773458935446207,34827,291,0,VideoPacket
1773458935446276,34828,291,0,VideoPacket
1773458935446346,34829,291,0,VideoPacket
1773458935446415,34830,291,0,VideoPacket
1773458935446485,34831,291,0,VideoPacket
1773458935446555,34832,291,0,VideoPacket
1773458935446648,34833,291,0,VideoPacket
1773458935446720,34834,291,0,VideoPacket
1773458935446791,34835,291,0,VideoPacket
1773458935446861,34836,291,0,VideoPacket
1773458935446932,34837,291,0,VideoPacket
1773458935447002,34838,291,0,VideoPacket
1773458935447073,34839,291,0,VideoPacket
1773458935447139,34840,291,0,VideoPacket
1773458935447208,34841,291,0,VideoPacket
1773458935447277,34842,291,0,VideoPacket
1773458935447347,34843,291,0,VideoPacket
1773458935447417,34844,291,0,VideoPacket
1773458935447489,34845,291,0,VideoPacket
1773458935486494,34846,291,0,VideoPacket
1773458935486632,34847,291,0,VideoPacket
1773458935486703,34848,803,0,VideoPacket
1773458935486774,34849,803,0,VideoPacket
1773458935486846,34850,803,0,VideoPacket
1773458935486919,34851,803,0,VideoPacket
1773458935486992,34852,803,0,VideoPacket
1773458935487061,34853,803,0,VideoPacket
1773458935487134,34854,803,0,VideoPacket
1773458935487203,34855,803,0,VideoPacket
1773458935487272,34856,803,0,VideoPacket
1773458935521410,34857,291,0,VideoPacket
1773458935521500,34858,291,0,VideoPacket
1773458935521569,34859,291,0,VideoPacket
1773458935521646,34860,291,0,VideoPacket
1773458935521715,34861,291,0,VideoPacket
1773458935521785,34862,291,0,VideoPacket
1773458935521854,34863,291,0,VideoPacket
1773458935521924,34864,291,0,VideoPacket
1773458935521994,34865,291,0,VideoPacket
1773458935522062,34866,291,0,VideoPacket
1773458935522131,34867,291,0,VideoPacket
1773458935522201,34868,291,0,VideoPacket
1773458935522277,34869,291,0,VideoPacket
1773458935522349,34870,291,0,VideoPacket
1773458935522417,34871,291,0,VideoPacket
1773458935522487,34872,291,0,VideoPacket
1773458935522557,34873,291,0,VideoPacket
1773458935522639,34874,291,0,VideoPacket
1773458935522707,34875,291,0,VideoPacket
1773458935522776,34876,291,0,VideoPacket
1773458935522845,34877,291,0,VideoPacket
1773458935522914,34878,291,0,VideoPacket
1773458935522983,34879,291,0,VideoPacket
1773458935523056,34880,291,0,VideoPacket
1773458935523121,34881,291,0,VideoPacket
1773458935523186,34882,291,0,VideoPacket
1773458935523252,34883,291,0,VideoPacket
1773458935523321,34884,291,0,VideoPacket
1773458935523390,34885,291,0,VideoPacket
1773458935563751,34886,803,0,VideoPacket
1773458935563878,34887,803,0,VideoPacket
1773458935563951,34888,803,0,VideoPacket
1773458935564031,34889,803,0,VideoPacket
1773458935564132,34890,803,0,VideoPacket
1773458935564201,34891,803,0,VideoPacket
1773458935564272,34892,803,0,VideoPacket
1773458935564347,34893,803,0,VideoPacket
1773458935564420,34894,803,0,VideoPacket
1773458935564487,34895,803,0,VideoPacket
1773458935564557,34896,803,0,VideoPacket
1773458935564636,34897,803,0,VideoPacket
1773458935564706,34898,803,0,VideoPacket
1773458935564779,34899,803,0,VideoPacket
1773458935608103,34900,803,0,VideoPacket
1773458935608259,34901,803,0,VideoPacket
1773458935608339,34902,803,0,VideoPacket
1773458935608404,34903,803,0,VideoPacket
1773458935608468,34904,803,0,VideoPacket
1773458935608530,34905,803,0,VideoPacket
1773458935608604,34906,803,0,VideoPacket
1773458935608669,34907,803,0,VideoPacket
1773458935608733,34908,803,0,VideoPacket
1773458935608798,34909,803,0,VideoPacket
1773458935608860,34910,803,0,VideoPacket
1773458935608924,34911,803,0,VideoPacket
1773458935608989,34912,803,0,VideoPacket
1773458935609059,34913,803,0,VideoPacket
1773458935695756,17191,549,0,Retransmission:34624
1773458935695849,17192,549,0,Retransmission:34634
1773458935695902,17193,549,0,Retransmission:34637
1773458935695964,34914,547,0,VideoPacket
1773458935696078,34915,547,0,VideoPacket
1773458935696156,34916,547,0,VideoPacket
1773458935696220,34917,547,0,VideoPacket
1773458935696283,34918,547,0,VideoPacket
1773458935696346,34919,547,0,VideoPacket
1773458935696408,34920,291,0,VideoPacket
1773458935696470,34921,291,0,VideoPacket
1773458935696533,34922,291,0,VideoPacket
1773458935696616,34923,291,0,VideoPacket
1773458935696680,34924,291,0,VideoPacket
1773458935696744,34925,291,0,VideoPacket
1773458935696808,34926,291,0,VideoPacket
1773458935696872,34927,291,0,VideoPacket
1773458935696935,34928,291,0,VideoPacket
1773458935697011,34929,291,0,VideoPacket
1773458935697075,34930,291,0,VideoPacket
1773458935697138,34931,291,0,VideoPacket
1773458935697201,34932,291,0,VideoPacket
1773458935697265,34933,291,0,VideoPacket
1773458935697328,34934,291,0,VideoPacket
1773458935697390,34935,291,0,VideoPacket
1773458935697453,34936,291,0,VideoPacket
1773458935697520,34937,291,0,VideoPacket
1773458935697597,34938,291,0,VideoPacket
1773458935697663,34939,291,0,VideoPacket
1773458935697727,34940,291,0,VideoPacket
1773458935697790,34941,291,0,VideoPacket
1773458935697852,34942,291,0,VideoPacket
1773458935697915,34943,291,0,VideoPacket
1773458935698182,34944,291,0,VideoPacket
1773458935698263,34945,291,0,VideoPacket
1773458935698326,34946,291,0,VideoPacket
1773458935698390,34947,291,0,VideoPacket
1773458935698454,34948,291,0,VideoPacket
1773458935698516,34949,291,0,VideoPacket
1773458935698598,34950,291,0,VideoPacket
1773458935698664,34951,291,0,VideoPacket
1773458935698728,34952,291,0,VideoPacket
1773458935698791,34953,291,0,VideoPacket
1773458935698854,34954,291,0,VideoPacket
1773458935698918,34955,291,0,VideoPacket
1773458935698981,34956,291,0,VideoPacket
1773458935699046,34957,291,0,VideoPacket
1773458935699108,34958,291,0,VideoPacket
1773458935699173,34959,291,0,VideoPacket
1773458935699234,34960,291,0,VideoPacket
1773458935699298,34961,291,0,VideoPacket
1773458935699363,34962,291,0,VideoPacket
1773458935699427,34963,291,0,VideoPacket
1773458935699493,34964,291,0,VideoPacket
1773458935699554,34965,291,0,VideoPacket
1773458935699627,34966,291,0,VideoPacket
1773458935699693,34967,291,0,VideoPacket
1773458935703389,17194,293,0,Retransmission:34656
1773458935703489,17195,293,0,Retransmission:34659
1773458935746771,34968,291,0,VideoPacket
1773458935746894,34969,291,0,VideoPacket
1773458935746964,34970,291,0,VideoPacket
1773458935747032,34971,291,0,VideoPacket
1773458935747112,34972,291,0,VideoPacket
1773458935747187,34973,291,0,VideoPacket
1773458935747255,34974,291,0,VideoPacket
1773458935747324,34975,291,0,VideoPacket
1773458935747393,34976,291,0,VideoPacket
1773458935747461,34977,291,0,VideoPacket
1773458935747528,34978,291,0,VideoPacket
1773458935747607,34979,291,0,VideoPacket
1773458935747676,34980,291,0,VideoPacket
1773458935747749,34981,291,0,VideoPacket
1773458935763306,34982,1059,0,VideoPacket
1773458935763420,34983,1059,0,VideoPacket
1773458935763482,34984,1059,0,VideoPacket
1773458935763567,34985,1059,0,VideoPacket
1773458935763660,34986,1059,0,VideoPacket
1773458935763773,34987,1059,0,VideoPacket
1773458935802942,34988,547,0,VideoPacket
1773458935803096,34989,547,0,VideoPacket
1773458935803170,34990,547,0,VideoPacket
1773458935803239,34991,547,0,VideoPacket
1773458935803311,34992,547,0,VideoPacket
1773458935823629,17196,293,0,Retransmission:34679
1773458935823734,17197,293,0,Retransmission:34684
1773458935887053,34993,291,0,VideoPacket
1773458935887184,34994,291,0,VideoPacket
1773458935887275,34995,291,0,VideoPacket
1773458935887350,34996,291,0,VideoPacket
1773458935887421,34997,291,0,VideoPacket
1773458935887489,34998,291,0,VideoPacket
1773458935887559,34999,291,0,VideoPacket
1773458935887641,35000,291,0,VideoPacket
1773458935887711,35001,291,0,VideoPacket
1773458935887779,35002,291,0,VideoPacket
1773458935887851,35003,291,0,VideoPacket
1773458935887921,35004,291,0,VideoPacket
1773458935887990,35005,291,0,VideoPacket
1773458935888071,35006,291,0,VideoPacket
1773458935888142,35007,291,0,VideoPacket
1773458935888206,35008,291,0,VideoPacket
1773458935925505,17198,293,0,Retransmission:34693
1773458935969848,35009,291,0,VideoPacket
1773458935969961,35010,291,0,VideoPacket
1773458935970031,35011,291,0,VideoPacket
1773458935970101,35012,291,0,VideoPacket
1773458935970169,35013,291,0,VideoPacket
1773458935970239,35014,291,0,VideoPacket
1773458935970309,35015,291,0,VideoPacket
1773458935970379,35016,291,0,VideoPacket
1773458935970447,35017,291,0,VideoPacket
1773458935970515,35018,291,0,VideoPacket
1773458935970595,35019,291,0,VideoPacket
1773458935970668,35020,291,0,VideoPacket
1773458935970738,35021,291,0,VideoPacket
1773458936037991,17199,293,0,Retransmission:34743
1773458936038169,17200,293,0,Retransmission:34750
1773458936055461,35022,291,0,VideoPacket
1773458936055633,35023,291,0,VideoPacket
1773458936055736,35024,291,0,VideoPacket
1773458936055844,35025,291,0,VideoPacket
1773458936055948,35026,291,0,VideoPacket
1773458936056067,35027,291,0,VideoPacket
1773458936056176,35028,291,0,VideoPacket
1773458936056280,35029,291,0,VideoPacket
1773458936056382,35030,291,0,VideoPacket
1773458936056483,35031,291,0,VideoPacket
1773458936056597,35032,291,0,VideoPacket
1773458936056699,35033,291,0,VideoPacket
1773458936056802,35034,291,0,VideoPacket
1773458936056903,35035,291,0,VideoPacket
1773458936057004,35036,291,0,VideoPacket
1773458936057106,35037,291,0,VideoPacket
1773458936057208,35038,291,0,VideoPacket
1773458936057316,35039,291,0,VideoPacket
1773458936057420,35040,291,0,VideoPacket
1773458936057521,35041,291,0,VideoPacket
1773458936057632,35042,291,0,VideoPacket
1773458936057736,35043,291,0,VideoPacket
1773458936057838,35044,291,0,VideoPacket
1773458936180661,35045,1315,0,VideoPacket
1773458936180825,35046,1315,0,VideoPacket
1773458936180920,35047,1315,0,VideoPacket
1773458936181037,35048,1315,0,VideoPacket
1773458936232345,35049,291,0,VideoPacket
1773458936232464,35050,291,0,VideoPacket
1773458936232532,35051,291,0,VideoPacket
1773458936289043,17201,549,0,Retransmission:34791
1773458936289237,17202,293,0,Retransmission:34804
1773458936289358,17203,293,0,Retransmission:34809
1773458936313337,35052,547,0,VideoPacket
1773458936313441,35053,547,0,VideoPacket
1773458936313519,35054,547,0,VideoPacket
1773458936313606,35055,547,0,VideoPacket
1773458936313685,35056,547,0,VideoPacket
1773458936313766,35057,547,0,VideoPacket
1773458936313838,35058,547,0,VideoPacket
1773458936313912,35059,547,0,VideoPacket
1773458936314239,17204,293,0,Retransmission:34818
1773458936314334,17205,549,0,Retransmission:34634
1773458936359219,17206,549,0,Retransmission:34637
1773458936359320,17207,293,0,Retransmission:34656
1773458936359384,17208,293,0,Retransmission:34659
1773458936359437,17209,293,0,Retransmission:34679
1773458936359503,17210,293,0,Retransmission:34684
1773458936359560,17211,293,0,Retransmission:34693
1773458936399765,35060,547,0,VideoPacket
1773458936399875,35061,547,0,VideoPacket
1773458936399946,35062,547,0,VideoPacket
1773458936400019,35063,547,0,VideoPacket
1773458936400111,35064,547,0,VideoPacket
1773458936400192,35065,547,0,VideoPacket
1773458936400266,35066,547,0,VideoPacket
1773458936472626,35067,291,0,VideoPacket
1773458936472735,35068,291,0,VideoPacket
1773458936554041,35069,803,0,VideoPacket
1773458936554128,35070,803,0,VideoPacket
1773458936554186,35071,803,0,VideoPacket
1773458936637439,35072,803,0,VideoPacket
1773458936637558,35073,803,0,VideoPacket
1773458936637675,35074,803,0,VideoPacket
1773458936720070,35075,291,0,VideoPacket
1773458936720225,35076,291,0,VideoPacket
1773458936720323,35077,291,0,VideoPacket
1773458936784870,17212,293,0,Retransmission:34943
1773458936825461,35078,803,0,VideoPacket
1773458936825594,35079,803,0,VideoPacket
1773458936825696,35080,803,0,VideoPacket
1773458936825798,35081,803,0,VideoPacket
1773458936879941,17213,293,0,Retransmission:34739
1773458936880076,17214,293,0,Retransmission:34743
1773458936880193,17215,293,0,Retransmission:34750
1773458936893309,35082,291,0,VideoPacket
1773458936893423,35083,291,0,VideoPacket
1773458936893527,35084,291,0,VideoPacket
1773458936893642,35085,291,0,VideoPacket
1773458936893750,35086,291,0,VideoPacket
1773458936893856,35087,291,0,VideoPacket
1773458936893959,35088,291,0,VideoPacket
1773458936894063,35089,291,0,VideoPacket
1773458936894169,35090,291,0,VideoPacket
1773458936894273,35091,291,0,VideoPacket
1773458936894376,35092,291,0,VideoPacket
1773458936967844,17216,293,0,Retransmission:34994
1773458936995610,35093,291,0,VideoPacket
1773458936995729,35094,291,0,VideoPacket
1773458937205473,35095,291,0,VideoPacket
1773458937205576,35096,291,0,VideoPacket
1773458937205664,35097,291,0,VideoPacket
1773458937205724,35098,291,0,VideoPacket
1773458937205792,35099,291,0,VideoPacket
1773458937205858,35100,291,0,VideoPacket
1773458937205941,35101,291,0,VideoPacket
1773458937206009,35102,291,0,VideoPacket
1773458937206076,35103,291,0,VideoPacket
1773458937206143,35104,291,0,VideoPacket
1773458937206209,35105,291,0,VideoPacket
1773458937334566,35106,547,0,VideoPacket
1773458937334669,35107,547,0,VideoPacket
1773458937334740,35108,547,0,VideoPacket
1773458937334806,35109,547,0,VideoPacket
1773458937334872,35110,547,0,VideoPacket
1773458937335016,17217,293,0,Retransmission:35030
1773458937382290,17218,549,0,Retransmission:34791
1773458937382387,17219,293,0,Retransmission:34804
1773458937382465,17220,293,0,Retransmission:34809
1773458937382690,17221,549,0,Retransmission:35058
1773458937445290,35111,291,0,VideoPacket
1773458937445403,35112,291,0,VideoPacket
1773458937599346,35113,291,0,VideoPacket
1773458937599501,35114,291,0,VideoPacket
1773458937599573,35115,291,0,VideoPacket
1773458937599658,35116,291,0,VideoPacket
1773458937599733,35117,291,0,VideoPacket
1773458937599811,35118,291,0,VideoPacket
1773458937599884,35119,291,0,VideoPacket
1773458937599959,35120,291,0,VideoPacket
1773458937600032,35121,291,0,VideoPacket
1773458937600130,35122,291,0,VideoPacket
1773458937600205,35123,291,0,VideoPacket
1773458937600278,35124,291,0,VideoPacket
1773458937600354,35125,291,0,VideoPacket
1773458937705776,35126,291,0,VideoPacket
1773458937705869,35127,803,0,VideoPacket
1773458937705941,35128,803,0,VideoPacket
1773458937706010,35129,803,0,VideoPacket
1773458937706079,35130,803,0,VideoPacket
1773458937823820,35131,291,0,VideoPacket
1773458937823911,35132,291,0,VideoPacket
1773458937823979,35133,291,0,VideoPacket
1773458937824059,35134,291,0,VideoPacket
1773458937893231,35135,291,0,VideoPacket
1773458937893321,35136,291,0,VideoPacket
1773458937893386,35137,291,0,VideoPacket
1773458937893451,35138,291,0,VideoPacket
1773458937893521,35139,291,0,VideoPacket
1773458937893606,35140,291,0,VideoPacket
1773458937893677,35141,291,0,VideoPacket
1773458937893745,35142,291,0,VideoPacket
1773458937893813,35143,291,0,VideoPacket
1773458937893879,35144,291,0,VideoPacket
1773458937893948,35145,291,0,VideoPacket
1773458937894013,35146,291,0,VideoPacket
1773458937894082,35147,291,0,VideoPacket
1773458938087174,35148,291,0,VideoPacket
1773458938087273,35149,291,0,VideoPacket
1773458938087353,35150,291,0,VideoPacket
1773458938087433,35151,291,0,VideoPacket
1773458938087515,35152,291,0,VideoPacket
1773458938087611,35153,291,0,VideoPacket
1773458938087697,35154,291,0,VideoPacket
1773458938199235,35155,547,0,VideoPacket
1773458938199331,35156,547,0,VideoPacket
1773458938199419,35157,547,0,VideoPacket
1773458938303800,35158,291,0,VideoPacket
1773458938303896,35159,291,0,VideoPacket
1773458938303965,35160,291,0,VideoPacket
1773458938304038,35161,291,0,VideoPacket
1773458938304140,35162,291,0,VideoPacket
1773458938304226,35163,291,0,VideoPacket
1773458938304316,35164,291,0,VideoPacket
1773458938422165,35165,291,0,VideoPacket
1773458938422278,35166,291,0,VideoPacket
1773458938422361,35167,291,0,VideoPacket
1773458938422445,35168,291,0,VideoPacket
1773458938422510,35169,291,0,VideoPacket
1773458938607144,35170,291,0,VideoPacket
1773458938607256,35171,291,0,VideoPacket
1773458938607339,35172,291,0,VideoPacket
1773458938607419,35173,291,0,VideoPacket
1773458938607502,35174,291,0,VideoPacket
1773458938607592,35175,291,0,VideoPacket
1773458938607683,35176,291,0,VideoPacket
1773458938671647,35177,291,0,VideoPacket
1773458938671762,35178,291,0,VideoPacket
1773458938671861,35179,291,0,VideoPacket
1773458938671948,35180,291,0,VideoPacket
1773458938672019,35181,291,0,VideoPacket
1773458938767096,35182,291,0,VideoPacket
1773458938767186,35183,291,0,VideoPacket
1773458938767253,35184,291,0,VideoPacket
1773458938767314,35185,291,0,VideoPacket
1773458938767376,35186,291,0,VideoPacket
1773458938767436,35187,291,0,VideoPacket
1773458938767497,35188,291,0,VideoPacket
1773458938824557,35189,291,0,VideoPacket
1773458938824670,35190,291,0,VideoPacket
1773458938824742,35191,291,0,VideoPacket
1773458938824812,35192,291,0,VideoPacket
1773458938824882,35193,291,0,VideoPacket
1773458938824948,35194,291,0,VideoPacket
1773458938825026,35195,291,0,VideoPacket
1773458938901360,35196,547,0,VideoPacket
1773458938901461,35197,547,0,VideoPacket
1773458938901529,35198,547,0,VideoPacket
1773458938901598,35199,547,0,VideoPacket
1773458938952009,35200,291,0,VideoPacket
1773458938952125,35201,291,0,VideoPacket
1773458938952203,35202,291,0,VideoPacket
1773458938952271,35203,291,0,VideoPacket
1773458938952335,35204,291,0,VideoPacket
1773458938952403,35205,291,0,VideoPacket
1773458938952469,35206,291,0,VideoPacket
1773458938985811,35207,547,0,VideoPacket
1773458938985901,35208,547,0,VideoPacket
1773458938985972,35209,547,0,VideoPacket
1773458938986040,35210,547,0,VideoPacket
1773458938992621,35211,291,0,VideoPacket
1773458938992707,35212,291,0,VideoPacket
1773458938992777,35213,291,0,VideoPacket
1773458938992844,35214,291,0,VideoPacket
1773458938992919,35215,291,0,VideoPacket
1773458938992988,35216,291,0,VideoPacket
1773458938993056,35217,291,0,VideoPacket
1773458938999082,35218,291,0,VideoPacket
1773458938999168,35219,291,0,VideoPacket
1773458938999236,35220,291,0,VideoPacket
1773458939077533,17222,293,0,Retransmission:35138
1773458939077664,17223,293,0,Retransmission:35146
1773458939077760,35221,291,0,VideoPacket
1773458939077854,35222,291,0,VideoPacket
1773458939077946,35223,291,0,VideoPacket
1773458939078037,35224,291,0,VideoPacket
1773458939078129,35225,291,1,VideoPacket
1773458939078222,35226,291,1,VideoPacket
1773458939078314,35227,291,1,VideoPacket
1773458939078404,35228,291,1,VideoPacket
1773458939078499,35229,291,1,VideoPacket
1773458939078603,35230,291,1,VideoPacket
1773458939078694,35231,291,1,VideoPacket
1773458939111550,17224,549,0,Retransmission:35109
1773458939111652,17225,549,0,Retransmission:35156
1773458939111717,17226,293,0,Retransmission:35158
1773458939111774,17227,293,0,Retransmission:35125
1773458939111835,17228,293,0,Retransmission:35170
1773458939111892,35232,291,1,VideoPacket
1773458939111969,35233,291,1,VideoPacket
1773458939112054,35234,291,1,VideoPacket
1773458939112137,35235,291,1,VideoPacket
1773458939112207,35236,291,1,VideoPacket
1773458939112274,35237,291,1,VideoPacket
1773458939137991,35238,291,1,VideoPacket
1773458939138124,35239,291,1,VideoPacket
1773458939138229,35240,291,1,VideoPacket
1773458939138330,35241,291,1,VideoPacket
1773458939138424,35242,291,1,VideoPacket
1773458939138509,35243,291,1,VideoPacket
1773458939138609,35244,291,1,VideoPacket
1773458939138701,35245,291,1,VideoPacket
1773458939138794,35246,291,1,VideoPacket
1773458939138880,35247,291,1,VideoPacket
1773458939138967,35248,291,1,VideoPacket
1773458939139053,35249,291,1,VideoPacket
1773458939139147,35250,291,1,VideoPacket
1773458939212098,35251,291,1,VideoPacket
1773458939212202,35252,291,1,VideoPacket
1773458939212265,35253,291,1,VideoPacket
1773458939212328,35254,291,1,VideoPacket
1773458939212390,35255,291,1,VideoPacket
1773458939212454,35256,547,0,VideoPacket
1773458939212516,35257,547,0,VideoPacket
1773458939212590,35258,803,0,VideoPacket
1773458939212654,35259,803,0,VideoPacket
1773458939229335,35260,803,0,VideoPacket
1773458939229429,35261,803,0,VideoPacket
1773458939229486,35262,803,0,VideoPacket
1773458939229549,35263,803,0,VideoPacket
1773458939229624,35264,803,0,VideoPacket
1773458939348216,35265,803,0,VideoPacket
1773458939348322,35266,803,0,VideoPacket
1773458939348392,35267,803,0,VideoPacket
1773458939348460,35268,803,0,VideoPacket
1773458939348525,35269,291,0,VideoPacket
1773458939348601,35270,291,0,VideoPacket
1773458939348671,35271,291,0,VideoPacket
1773458939348748,35272,291,0,VideoPacket
1773458939348816,35273,291,0,VideoPacket
1773458939348882,35274,291,0,VideoPacket
1773458939348949,35275,291,0,VideoPacket
1773458939349014,35276,291,0,VideoPacket
1773458939349082,35277,291,0,VideoPacket
1773458939349148,35278,291,0,VideoPacket
1773458939349210,35279,291,0,VideoPacket
1773458939349276,35280,291,0,VideoPacket
1773458939349340,35281,291,0,VideoPacket
1773458939349410,35282,291,0,VideoPacket
1773458939349478,35283,291,0,VideoPacket
1773458939349545,35284,291,0,VideoPacket
1773458939349622,35285,291,0,VideoPacket
1773458939349709,35286,291,0,VideoPacket
1773458939349776,35287,291,0,VideoPacket
1773458939349840,35288,291,0,VideoPacket
1773458939349906,35289,291,0,VideoPacket
1773458939349976,35290,291,0,VideoPacket
1773458939350050,35291,291,0,VideoPacket
1773458939350120,35292,291,0,VideoPacket
1773458939350189,35293,291,0,VideoPacket
1773458939350272,35294,291,0,VideoPacket
1773458939350344,35295,291,0,VideoPacket
1773458939350411,35296,291,0,VideoPacket
1773458939350475,35297,291,0,VideoPacket
1773458939476467,17229,293,0,Retransmission:35230
1773458939476568,35298,291,0,VideoPacket
1773458939476660,35299,291,0,VideoPacket
1773458939476727,35300,291,0,VideoPacket
1773458939476799,35301,291,0,VideoPacket
1773458939476868,35302,291,0,VideoPacket
1773458939476940,35303,291,0,VideoPacket
1773458939477011,35304,291,0,VideoPacket
1773458939477082,35305,291,0,VideoPacket
1773458939477154,35306,291,0,VideoPacket
1773458939477222,35307,291,0,VideoPacket
1773458939477295,35308,291,0,VideoPacket
1773458939477373,35309,291,0,VideoPacket
1773458939477468,35310,291,0,VideoPacket
1773458939477541,35311,291,0,VideoPacket
1773458939477616,35312,291,0,VideoPacket
1773458939477687,35313,291,0,VideoPacket
1773458939477759,35314,291,0,VideoPacket
1773458939477830,35315,291,0,VideoPacket
1773458939477901,35316,291,0,VideoPacket
1773458939477970,35317,291,0,VideoPacket
1773458939478042,35318,291,0,VideoPacket
1773458939478113,35319,291,0,VideoPacket
1773458939478183,35320,291,0,VideoPacket
1773458939478254,35321,291,0,VideoPacket
1773458939478324,35322,291,0,VideoPacket
1773458939478401,35323,291,0,VideoPacket
1773458939478474,35324,291,0,VideoPacket
1773458939478546,35325,291,0,VideoPacket
1773458939478629,35326,291,0,VideoPacket
1773458939478701,35327,291,0,VideoPacket
1773458939478767,35328,291,0,VideoPacket
1773458939478836,35329,291,0,VideoPacket
1773458939478905,35330,291,0,VideoPacket
1773458939478976,35331,291,0,VideoPacket
1773458939479046,35332,291,0,VideoPacket
1773458939479118,35333,291,0,VideoPacket
1773458939479187,35334,291,0,VideoPacket
1773458939479259,35335,291,0,VideoPacket
1773458939640964,35336,291,0,VideoPacket
1773458939641065,35337,291,0,VideoPacket
1773458939641142,35338,291,0,VideoPacket
1773458939641208,35339,291,0,VideoPacket
1773458939641349,35340,291,0,VideoPacket
1773458939641421,35341,291,0,VideoPacket
1773458939641489,35342,291,0,VideoPacket
1773458939641555,35343,291,0,VideoPacket
1773458939641634,35344,291,0,VideoPacket
1773458939641704,35345,291,0,VideoPacket
1773458939641770,35346,291,0,VideoPacket
1773458939641839,35347,291,0,VideoPacket
1773458939641911,35348,291,0,VideoPacket
1773458939641982,35349,291,0,VideoPacket
1773458939642058,35350,291,0,VideoPacket
1773458939642132,35351,803,0,VideoPacket
1773458939642198,35352,803,0,VideoPacket
1773458939642268,35353,803,0,VideoPacket
1773458939642340,35354,803,0,VideoPacket
1773458939642410,35355,803,0,VideoPacket
1773458939642483,35356,803,0,VideoPacket
1773458939642553,35357,291,0,VideoPacket
1773458939642635,35358,291,0,VideoPacket
1773458939642707,35359,291,0,VideoPacket
1773458939642771,35360,291,0,VideoPacket
1773458939642842,35361,291,0,VideoPacket
1773458939642912,35362,291,0,VideoPacket
1773458939642983,35363,291,0,VideoPacket
1773458939643054,35364,291,0,VideoPacket
1773458939643126,35365,291,0,VideoPacket
1773458939643189,35366,291,0,VideoPacket
1773458939651759,35367,291,0,VideoPacket
1773458939651851,35368,291,0,VideoPacket
1773458939651918,35369,291,0,VideoPacket
1773458939651985,35370,291,0,VideoPacket
1773458939652074,35371,291,0,VideoPacket
1773458939652150,35372,291,0,VideoPacket
1773458939652221,35373,291,0,VideoPacket
1773458939652294,35374,291,0,VideoPacket
1773458939652356,35375,291,0,VideoPacket
1773458939652422,35376,291,0,VideoPacket
1773458939652490,35377,291,0,VideoPacket
1773458939652556,35378,291,0,VideoPacket
1773458939652631,35379,291,0,VideoPacket
1773458939740838,35380,291,0,VideoPacket
1773458939740946,35381,291,0,VideoPacket
1773458939741013,35382,291,0,VideoPacket
1773458939741083,35383,291,0,VideoPacket
1773458939741159,35384,291,0,VideoPacket
1773458939741249,35385,291,0,VideoPacket
1773458939741320,35386,291,0,VideoPacket
1773458939741393,35387,291,0,VideoPacket
1773458939741464,35388,291,0,VideoPacket
1773458939741535,35389,291,0,VideoPacket
1773458939741616,35390,291,0,VideoPacket
1773458939741689,35391,291,0,VideoPacket
1773458939741755,35392,291,0,VideoPacket
1773458939741824,35393,291,0,VideoPacket
1773458939741895,35394,291,0,VideoPacket
1773458939741964,35395,291,0,VideoPacket
1773458939742036,35396,291,0,VideoPacket
1773458939742109,35397,291,0,VideoPacket
1773458939742181,35398,291,0,VideoPacket
1773458939742250,35399,291,0,VideoPacket
1773458939742324,35400,291,0,VideoPacket
1773458939742414,35401,291,0,VideoPacket
1773458939742548,35402,291,0,VideoPacket
1773458939742633,35403,291,0,VideoPacket
1773458939742706,35404,291,0,VideoPacket
1773458939742777,35405,291,0,VideoPacket
1773458939770668,17230,805,0,Retransmission:35264
1773458939770839,35406,291,0,VideoPacket
1773458939770915,35407,291,0,VideoPacket
1773458939770986,35408,291,0,VideoPacket
1773458939771052,35409,291,0,VideoPacket
1773458939771120,35410,291,0,VideoPacket
1773458939771207,35411,291,0,VideoPacket
1773458939771280,35412,291,0,VideoPacket
1773458939771348,35413,291,0,VideoPacket
1773458939771415,35414,291,0,VideoPacket
1773458939771485,35415,291,0,VideoPacket
1773458939824002,17231,293,0,Retransmission:35283
1773458939824102,17232,293,0,Retransmission:35286
1773458939824167,17233,293,0,Retransmission:35305
1773458939824224,17234,293,0,Retransmission:35331
1773458939824286,35416,547,0,VideoPacket
1773458939824364,35417,547,0,VideoPacket
1773458939824435,35418,547,0,VideoPacket
1773458939824505,35419,547,0,VideoPacket
1773458939824591,35420,547,0,VideoPacket
1773458939853982,35421,291,0,VideoPacket
1773458939854095,35422,291,0,VideoPacket
1773458939854162,35423,291,0,VideoPacket
1773458939854220,35424,291,0,VideoPacket
1773458939854276,35425,291,0,VideoPacket
1773458939854339,35426,291,0,VideoPacket
1773458939854411,35427,291,0,VideoPacket
1773458939854488,35428,291,0,VideoPacket
1773458939854567,35429,291,0,VideoPacket
1773458939854648,35430,291,0,VideoPacket
1773458939854719,35431,291,0,VideoPacket
1773458939854792,35432,1059,0,VideoPacket
1773458939900621,35433,1059,0,VideoPacket
1773458939900751,35434,1059,0,VideoPacket
1773458939900822,35435,291,0,VideoPacket
1773458939900892,35436,291,0,VideoPacket
1773458939900965,35437,291,0,VideoPacket
1773458939901039,35438,291,0,VideoPacket
1773458939901115,35439,291,0,VideoPacket
1773458939901188,35440,291,0,VideoPacket
1773458939942384,35441,291,0,VideoPacket
1773458939942499,35442,291,0,VideoPacket
1773458939942574,35443,291,0,VideoPacket
1773458939942657,35444,291,0,VideoPacket
1773458939942729,35445,291,0,VideoPacket
1773458939942800,35446,291,0,VideoPacket
1773458939942871,35447,291,0,VideoPacket
1773458939942942,35448,291,0,VideoPacket
1773458939943013,35449,291,0,VideoPacket
1773458939943085,35450,291,0,VideoPacket
1773458939943155,35451,291,0,VideoPacket
1773458939943231,35452,291,0,VideoPacket
1773458939943308,35453,291,0,VideoPacket
1773458939984186,35454,291,0,VideoPacket
1773458939984316,35455,291,0,VideoPacket
1773458939984387,35456,291,0,VideoPacket
1773458939984459,35457,291,0,VideoPacket
1773458939984531,35458,291,0,VideoPacket
1773458939984617,35459,291,0,VideoPacket
1773458939984690,35460,291,0,VideoPacket
1773458939984763,35461,547,0,VideoPacket
1773458939984838,35462,547,0,VideoPacket
1773458939984919,35463,547,0,VideoPacket
1773458940024649,35464,547,0,VideoPacket
1773458940024764,35465,547,0,VideoPacket
1773458940024877,35466,547,0,VideoPacket
1773458940024952,35467,547,0,VideoPacket
1773458940025023,35468,547,0,VideoPacket
1773458940025088,35469,547,0,VideoPacket
1773458940025157,35470,547,0,VideoPacket
1773458940066121,35471,547,0,VideoPacket
1773458940066224,35472,547,0,VideoPacket
1773458940066293,35473,547,0,VideoPacket
1773458940066363,35474,547,0,VideoPacket
1773458940066434,35475,291,0,VideoPacket
1773458940066502,35476,291,0,VideoPacket
1773458940066570,35477,291,0,VideoPacket
1773458940066683,35478,291,0,VideoPacket
1773458940066753,35479,291,0,VideoPacket
1773458940066818,35480,291,0,VideoPacket
1773458940085565,17235,0,0,Padding
1773458940085665,17236,1061,0,Retransmission:35434
1773458940091920,17237,293,0,Retransmission:35445
1773458940092005,35481,291,0,VideoPacket
1773458940095211,35482,291,0,VideoPacket
1773458940095297,35483,291,0,VideoPacket
1773458940175477,35484,291,0,VideoPacket
1773458940175594,35485,291,0,VideoPacket
1773458940175670,35486,291,0,VideoPacket
1773458940175745,35487,291,0,VideoPacket
1773458940175816,35488,291,0,VideoPacket
1773458940175885,35489,291,0,VideoPacket
1773458940175956,35490,291,0,VideoPacket
1773458940176028,35491,291,0,VideoPacket
1773458940176115,35492,291,0,VideoPacket
1773458940176185,35493,291,0,VideoPacket
1773458940176252,35494,291,0,VideoPacket
1773458940176320,35495,291,0,VideoPacket
1773458940176390,35496,291,0,VideoPacket
1773458940176455,35497,291,0,VideoPacket
1773458940176523,35498,291,0,VideoPacket
1773458940187954,35499,291,0,VideoPacket
1773458940188053,35500,291,0,VideoPacket
1773458940188145,35501,291,0,VideoPacket
1773458940188223,35502,1059,0,VideoPacket
1773458940188293,35503,1059,0,VideoPacket
1773458940188365,35504,1059,0,VideoPacket
1773458940251065,35505,1315,0,VideoPacket
1773458940251170,35506,1315,0,VideoPacket
1773458940251239,35507,1315,0,VideoPacket
1773458940251311,35508,1315,0,VideoPacket
1773458940288534,17238,293,0,Retransmission:35455
1773458940288622,17239,549,0,Retransmission:35465
1773458940288687,35509,291,0,VideoPacket
1773458940288754,35510,291,0,VideoPacket
1773458940288823,35511,291,0,VideoPacket
1773458940288892,35512,291,0,VideoPacket
1773458940288961,35513,291,0,VideoPacket
1773458940289030,35514,291,0,VideoPacket
1773458940289099,35515,291,0,VideoPacket
1773458940289167,35516,291,0,VideoPacket
1773458940289234,35517,291,0,VideoPacket
1773458940289303,35518,291,0,VideoPacket
1773458940348426,35519,291,0,VideoPacket
1773458940348510,35520,291,0,VideoPacket
1773458940348576,35521,291,0,VideoPacket
1773458940348649,35522,291,0,VideoPacket
1773458940348713,35523,291,0,VideoPacket
1773458940348777,35524,291,0,VideoPacket
1773458940348846,35525,291,0,VideoPacket
1773458940348906,35526,291,0,VideoPacket
1773458940348971,35527,291,0,VideoPacket
1773458940349044,35528,291,0,VideoPacket
1773458940349108,35529,291,0,VideoPacket
1773458940349165,35530,291,0,VideoPacket
1773458940349226,35531,291,0,VideoPacket
1773458940414854,35532,291,0,VideoPacket
1773458940414961,35533,291,0,VideoPacket
1773458940415035,35534,291,0,VideoPacket
1773458940415109,35535,291,0,VideoPacket
1773458940415179,35536,291,0,VideoPacket
1773458940415250,35537,291,0,VideoPacket
1773458940415320,35538,291,0,VideoPacket
1773458940415392,35539,291,0,VideoPacket
1773458940415456,35540,291,0,VideoPacket
1773458940415522,35541,291,0,VideoPacket
1773458940415593,35542,291,0,VideoPacket
1773458940415663,35543,291,0,VideoPacket
1773458940415736,35544,291,0,VideoPacket
1773458940415808,35545,291,0,VideoPacket
1773458940415879,35546,291,0,VideoPacket
1773458940415950,35547,291,0,VideoPacket
1773458940416021,35548,291,0,VideoPacket
1773458940416108,35549,291,0,VideoPacket
1773458940416182,35550,291,0,VideoPacket
1773458940416255,35551,291,0,VideoPacket
1773458940416327,35552,291,0,VideoPacket
1773458940416398,35553,291,0,VideoPacket
1773458940416471,35554,291,0,VideoPacket
1773458940416541,35555,291,0,VideoPacket
1773458940416622,35556,291,0,VideoPacket
1773458940416694,35557,291,0,VideoPacket
1773458940573429,35558,291,0,VideoPacket
1773458940573542,35559,291,0,VideoPacket
1773458940573624,35560,291,0,VideoPacket
1773458940573695,35561,291,0,VideoPacket
1773458940573764,35562,291,0,VideoPacket
1773458940573833,35563,291,0,VideoPacket
1773458940573902,35564,291,0,VideoPacket
1773458940573969,35565,291,0,VideoPacket
1773458940574039,35566,803,0,VideoPacket
1773458940574106,35567,803,0,VideoPacket
1773458940574174,35568,803,0,VideoPacket
1773458940574243,35569,291,0,VideoPacket
1773458940574310,35570,291,0,VideoPacket
1773458940574378,35571,291,0,VideoPacket
1773458940574462,35572,291,0,VideoPacket
1773458940574531,35573,291,0,VideoPacket
1773458940574609,35574,291,0,VideoPacket
1773458940574679,35575,291,0,VideoPacket
1773458940574747,35576,291,0,VideoPacket
1773458940574815,35577,291,0,VideoPacket
1773458940574880,35578,291,0,VideoPacket
1773458940574946,35579,291,0,VideoPacket
1773458940575014,35580,291,0,VideoPacket
1773458940575085,35581,291,0,VideoPacket
1773458940575152,35582,291,0,VideoPacket
1773458940575219,35583,291,0,VideoPacket
1773458940575288,35584,291,0,VideoPacket
1773458940575356,35585,291,0,VideoPacket
1773458940575424,35586,291,0,VideoPacket
1773458940575492,35587,291,0,VideoPacket
1773458940575560,35588,291,0,VideoPacket
1773458940575638,35589,291,0,VideoPacket
1773458940575706,35590,291,0,VideoPacket
1773458940575774,35591,291,0,VideoPacket
1773458940575849,35592,291,0,VideoPacket
1773458940575918,35593,291,0,VideoPacket
1773458940575987,35594,291,0,VideoPacket
1773458940576068,35595,291,0,VideoPacket
1773458940576141,35596,291,0,VideoPacket
1773458940576210,35597,291,0,VideoPacket
1773458940576277,35598,291,0,VideoPacket
1773458940576345,35599,291,0,VideoPacket
1773458940576413,35600,291,0,VideoPacket
1773458940576482,35601,291,0,VideoPacket
1773458940576550,35602,291,0,VideoPacket
1773458940576630,35603,291,0,VideoPacket
1773458940576698,35604,291,0,VideoPacket
1773458940646376,35605,291,0,VideoPacket
1773458940646484,35606,291,0,VideoPacket
1773458940646556,35607,291,0,VideoPacket
1773458940646634,35608,291,0,VideoPacket
1773458940646703,35609,291,0,VideoPacket
1773458940646773,35610,291,0,VideoPacket
1773458940646841,35611,291,0,VideoPacket
1773458940646910,35612,291,0,VideoPacket
1773458940646977,35613,291,0,VideoPacket
1773458940647044,35614,291,0,VideoPacket
1773458940647112,35615,291,0,VideoPacket
1773458940647179,35616,291,0,VideoPacket
1773458940647247,35617,291,0,VideoPacket
1773458940648054,17240,293,0,Retransmission:35455
1773458940648139,35618,291,0,VideoPacket
1773458940648203,35619,291,0,VideoPacket
1773458940648260,35620,291,0,VideoPacket
1773458940648314,35621,291,0,VideoPacket
1773458940648375,35622,291,0,VideoPacket
1773458940648444,35623,291,0,VideoPacket
1773458940648512,35624,803,0,VideoPacket
1773458940648593,35625,803,0,VideoPacket
1773458940648662,35626,803,0,VideoPacket
1773458940648731,35627,291,0,VideoPacket
1773458940648800,35628,291,0,VideoPacket
1773458940648870,35629,291,0,VideoPacket
1773458940648938,35630,291,0,VideoPacket
1773458940737594,35631,291,0,VideoPacket
1773458940737703,35632,291,0,VideoPacket
1773458940737776,35633,291,0,VideoPacket
1773458940737843,35634,291,0,VideoPacket
1773458940737912,35635,291,0,VideoPacket
1773458940737980,35636,291,0,VideoPacket
1773458940738049,35637,291,0,VideoPacket
1773458940738118,35638,291,0,VideoPacket
1773458940738186,35639,291,0,VideoPacket
1773458940738257,35640,291,0,VideoPacket
1773458940738331,35641,291,0,VideoPacket
1773458940738402,35642,291,0,VideoPacket
1773458940738471,35643,291,0,VideoPacket
1773458940738540,35644,547,0,VideoPacket
1773458940738619,35645,547,0,VideoPacket
1773458940738690,35646,547,0,VideoPacket
1773458940738760,35647,803,0,VideoPacket
1773458940738830,35648,803,0,VideoPacket
1773458940738898,35649,803,0,VideoPacket
1773458940738967,35650,291,0,VideoPacket
1773458940739035,35651,291,0,VideoPacket
1773458940739105,35652,291,0,VideoPacket
1773458940739174,35653,291,0,VideoPacket
1773458940739243,35654,291,0,VideoPacket
1773458940739312,35655,291,0,VideoPacket
1773458940739381,35656,291,0,VideoPacket
1773458940739449,35657,291,0,VideoPacket
1773458940739518,35658,291,0,VideoPacket
1773458940739597,35659,291,0,VideoPacket
1773458940739667,35660,291,0,VideoPacket
1773458940739738,35661,291,0,VideoPacket
1773458940739805,35662,291,0,VideoPacket
1773458940739873,35663,291,0,VideoPacket
1773458940739941,35664,291,0,VideoPacket
1773458940740009,35665,291,0,VideoPacket
1773458940740092,35666,291,0,VideoPacket
1773458940740166,35667,547,0,VideoPacket
1773458940740235,35668,547,0,VideoPacket
1773458940740301,35669,547,0,VideoPacket
1773458940801624,35670,291,0,VideoPacket
1773458940801770,35671,291,0,VideoPacket
1773458940801862,35672,291,0,VideoPacket
1773458940801968,35673,291,0,VideoPacket
1773458940802069,35674,291,0,VideoPacket
1773458940802170,35675,291,0,VideoPacket
1773458940802270,35676,291,0,VideoPacket
1773458940802370,35677,291,0,VideoPacket
1773458940802471,35678,291,0,VideoPacket
1773458940802571,35679,291,0,VideoPacket
1773458940802688,35680,291,0,VideoPacket
1773458940857573,35681,291,0,VideoPacket
1773458940857720,35682,291,0,VideoPacket
1773458940857816,35683,291,0,VideoPacket
1773458940857919,35684,291,0,VideoPacket
1773458940858023,35685,291,0,VideoPacket
1773458940858123,35686,291,0,VideoPacket
1773458940858241,35687,291,0,VideoPacket
1773458940858343,35688,291,0,VideoPacket
1773458940858449,35689,291,0,VideoPacket
1773458940858550,35690,291,0,VideoPacket
1773458940858662,35691,291,0,VideoPacket
1773458940858765,35692,291,0,VideoPacket
1773458940858868,35693,291,0,VideoPacket
1773458940858966,35694,291,0,VideoPacket
1773458940859072,35695,291,0,VideoPacket
1773458940859159,35696,291,0,VideoPacket
1773458940859247,35697,291,0,VideoPacket
1773458940886213,17241,1317,0,Retransmission:35506
1773458940893215,17242,549,0,Retransmission:35465
1773458940930777,35698,291,0,VideoPacket
1773458940930898,35699,291,0,VideoPacket
1773458940930998,35700,291,0,VideoPacket
1773458940931101,35701,291,0,VideoPacket
1773458940931205,35702,291,0,VideoPacket
1773458940931306,35703,291,0,VideoPacket
1773458940931414,35704,291,0,VideoPacket
1773458940979234,35705,547,0,VideoPacket
1773458940979366,35706,547,0,VideoPacket
1773458940979467,35707,547,0,VideoPacket
1773458940979624,35708,547,0,VideoPacket
1773458940979762,35709,547,0,VideoPacket
1773458941099186,35710,803,0,VideoPacket
1773458941099287,35711,803,0,VideoPacket
1773458941099353,35712,803,0,VideoPacket
1773458941099416,35713,803,0,VideoPacket
1773458941099483,35714,803,0,VideoPacket
1773458941099551,35715,803,0,VideoPacket
1773458941099628,35716,803,0,VideoPacket
1773458941099692,35717,803,0,VideoPacket
1773458941099751,35718,803,0,VideoPacket
1773458941099815,35719,803,0,VideoPacket
1773458941099880,35720,803,0,VideoPacket
1773458941099942,35721,803,0,VideoPacket
1773458941100007,35722,803,0,VideoPacket
1773458941245644,35723,803,0,VideoPacket
1773458941245791,35724,803,0,VideoPacket
1773458941245904,35725,803,0,VideoPacket
1773458941246012,35726,803,0,VideoPacket
1773458941246120,35727,803,0,VideoPacket
1773458941246226,35728,803,0,VideoPacket
1773458941246344,35729,803,0,VideoPacket
1773458941246453,35730,803,0,VideoPacket
1773458941246557,35731,803,0,VideoPacket
1773458941246672,35732,803,0,VideoPacket
1773458941246780,35733,803,0,VideoPacket
1773458941246884,35734,803,0,VideoPacket
1773458941246993,35735,803,0,VideoPacket
1773458941247099,35736,803,0,VideoPacket
1773458941247219,35737,291,0,VideoPacket
1773458941247326,35738,291,0,VideoPacket
1773458941247427,35739,291,0,VideoPacket
1773458941247531,35740,291,0,VideoPacket
1773458941247651,35741,291,0,VideoPacket
1773458941247761,35742,291,0,VideoPacket
1773458941247870,35743,291,0,VideoPacket
1773458941247971,35744,291,0,VideoPacket
1773458941248088,35745,291,0,VideoPacket
1773458941248200,35746,291,0,VideoPacket
1773458941248312,35747,803,0,VideoPacket
1773458941248422,35748,803,0,VideoPacket
1773458941248518,35749,803,0,VideoPacket
1773458941248636,35750,803,0,VideoPacket
1773458941248738,35751,803,0,VideoPacket
1773458941248827,35752,803,0,VideoPacket
1773458941248920,35753,803,0,VideoPacket
1773458941249013,35754,803,0,VideoPacket
1773458941249110,35755,803,0,VideoPacket
1773458941249204,35756,803,0,VideoPacket
1773458941302050,35757,803,0,VideoPacket
1773458941302142,35758,803,0,VideoPacket
1773458941302212,35759,803,0,VideoPacket
1773458941302277,35760,803,0,VideoPacket
1773458941302343,35761,803,0,VideoPacket
1773458941302421,35762,803,0,VideoPacket
1773458941302496,35763,803,0,VideoPacket
1773458941302563,35764,803,0,VideoPacket
1773458941302642,35765,803,0,VideoPacket
1773458941302707,35766,803,0,VideoPacket
1773458941302770,35767,803,0,VideoPacket
1773458941302835,35768,803,0,VideoPacket
1773458941302908,35769,803,0,VideoPacket
1773458941383956,35770,803,0,VideoPacket
1773458941384088,35771,291,0,VideoPacket
1773458941384166,35772,291,0,VideoPacket
1773458941384232,35773,291,0,VideoPacket
1773458941384300,35774,291,0,VideoPacket
1773458941384367,35775,291,0,VideoPacket
1773458941384439,35776,291,0,VideoPacket
1773458941384501,35777,291,0,VideoPacket
1773458941384596,35778,291,0,VideoPacket
1773458941384666,35779,291,0,VideoPacket
1773458941384729,35780,291,0,VideoPacket
1773458941384791,35781,291,0,VideoPacket
1773458941384852,35782,291,0,VideoPacket
1773458941384913,35783,291,0,VideoPacket
1773458941384980,35784,291,0,VideoPacket
1773458941385045,35785,291,0,VideoPacket
1773458941385106,35786,291,0,VideoPacket
1773458941385170,35787,291,0,VideoPacket
1773458941421317,35788,803,0,VideoPacket
1773458941421411,35789,803,0,VideoPacket
1773458941421484,35790,803,0,VideoPacket
1773458941421556,35791,803,0,VideoPacket
1773458941421637,35792,803,0,VideoPacket
1773458941421704,35793,803,0,VideoPacket
1773458941421772,35794,803,0,VideoPacket
1773458941421840,35795,803,0,VideoPacket
1773458941509311,35796,803,0,VideoPacket
1773458941509395,35797,803,0,VideoPacket
1773458941509458,35798,803,0,VideoPacket
1773458941509518,35799,803,0,VideoPacket
1773458941509589,35800,803,0,VideoPacket
1773458941509657,35801,803,0,VideoPacket
1773458941509721,35802,803,0,VideoPacket
1773458941509781,35803,803,0,VideoPacket
1773458941509841,35804,803,0,VideoPacket
1773458941509901,35805,803,0,VideoPacket
1773458941509962,35806,803,0,VideoPacket
1773458941510022,35807,803,0,VideoPacket
1773458941510084,35808,803,0,VideoPacket
1773458941600234,35809,291,0,VideoPacket
1773458941600368,35810,291,0,VideoPacket
1773458941600441,35811,291,0,VideoPacket
1773458941600517,35812,291,0,VideoPacket
1773458941600601,35813,291,0,VideoPacket
1773458941600675,35814,291,0,VideoPacket
1773458941600741,35815,291,0,VideoPacket
1773458941600806,35816,291,0,VideoPacket
1773458941600873,35817,291,0,VideoPacket
1773458941600937,35818,291,0,VideoPacket
1773458941601003,35819,291,0,VideoPacket
1773458941601072,35820,291,0,VideoPacket
1773458941601141,35821,291,0,VideoPacket
1773458941601209,35822,291,0,VideoPacket
1773458941601279,35823,291,0,VideoPacket
1773458941601354,35824,291,0,VideoPacket
1773458941601424,35825,291,0,VideoPacket
1773458941601494,35826,291,0,VideoPacket
1773458941601563,35827,291,0,VideoPacket
1773458941601666,35828,291,0,VideoPacket
1773458941690360,35829,291,0,VideoPacket
1773458941690471,35830,291,0,VideoPacket
1773458941690540,35831,291,0,VideoPacket
1773458941690618,35832,291,0,VideoPacket
1773458941690682,35833,291,0,VideoPacket
1773458941690746,35834,291,0,VideoPacket
1773458941690809,35835,291,0,VideoPacket
1773458941690876,35836,291,0,VideoPacket
1773458941690938,35837,291,0,VideoPacket
1773458941691001,35838,291,0,VideoPacket
1773458941691063,35839,291,0,VideoPacket
1773458941691125,35840,291,0,VideoPacket
1773458941691188,35841,291,0,VideoPacket
1773458941691250,35842,291,0,VideoPacket
1773458941691312,35843,291,0,VideoPacket
1773458941691377,35844,291,0,VideoPacket
1773458941691443,35845,291,0,VideoPacket
1773458941691503,35846,291,0,VideoPacket
1773458941691560,35847,291,0,VideoPacket
1773458941691634,35848,291,0,VideoPacket
1773458941691697,35849,291,0,VideoPacket
1773458941691760,35850,291,0,VideoPacket
1773458941691823,35851,291,0,VideoPacket
1773458941691886,35852,291,0,VideoPacket
1773458941691958,35853,291,0,VideoPacket
1773458941692022,35854,291,0,VideoPacket
1773458941692119,35855,291,0,VideoPacket
1773458941692190,35856,291,0,VideoPacket
1773458941692255,35857,291,0,VideoPacket
1773458941715428,35858,547,0,VideoPacket
1773458941715607,35859,547,0,VideoPacket
1773458941715675,35860,547,0,VideoPacket
1773458941715739,35861,547,0,VideoPacket
1773458941715803,35862,547,0,VideoPacket
1773458941715865,35863,547,0,VideoPacket
1773458941715929,35864,547,0,VideoPacket
1773458941715998,35865,547,0,VideoPacket
1773458941716085,35866,547,0,VideoPacket
1773458941716162,35867,547,0,VideoPacket
1773458941716242,35868,547,0,VideoPacket
1773458941716305,35869,547,0,VideoPacket
1773458941716370,35870,547,0,VideoPacket
1773458941824458,35871,547,0,VideoPacket
1773458941824601,35872,547,0,VideoPacket
1773458941824671,35873,547,0,VideoPacket
1773458941824735,35874,547,0,VideoPacket
1773458941824798,35875,547,0,VideoPacket
1773458941824860,35876,547,0,VideoPacket
1773458941824924,35877,547,0,VideoPacket
1773458941824991,35878,291,0,VideoPacket
1773458941825055,35879,291,0,VideoPacket
1773458941825121,35880,291,0,VideoPacket
1773458941825182,35881,291,0,VideoPacket
1773458941825247,35882,291,0,VideoPacket
1773458941825308,35883,291,0,VideoPacket
1773458941825370,35884,291,0,VideoPacket
1773458941825434,35885,291,0,VideoPacket
1773458941825497,35886,291,0,VideoPacket
1773458941825561,35887,291,0,VideoPacket
1773458941825635,35888,291,0,VideoPacket
1773458941825699,35889,291,0,VideoPacket
1773458941825762,35890,291,0,VideoPacket
1773458941825826,35891,291,0,VideoPacket
1773458941825887,35892,291,0,VideoPacket
1773458941825945,35893,291,0,VideoPacket
1773458941826006,35894,291,0,VideoPacket
1773458941826069,35895,291,0,VideoPacket
1773458941826133,35896,291,0,VideoPacket
1773458941826196,35897,291,0,VideoPacket
1773458941826259,35898,291,0,VideoPacket
1773458941826321,35899,291,0,VideoPacket
1773458941826386,35900,291,0,VideoPacket
1773458941826448,35901,291,0,VideoPacket
1773458941851918,35902,547,0,VideoPacket
1773458941852153,35903,547,0,VideoPacket
1773458941852259,35904,547,0,VideoPacket
1773458941852430,35905,547,0,VideoPacket
1773458941852565,35906,547,0,VideoPacket
1773458941852649,35907,547,0,VideoPacket
1773458941852713,35908,547,0,VideoPacket
1773458941852781,35909,547,0,VideoPacket
1773458941852849,35910,547,0,VideoPacket
1773458941852914,35911,547,0,VideoPacket
1773458941852991,35912,547,0,VideoPacket
1773458941853059,35913,547,0,VideoPacket
1773458941853127,35914,547,0,VideoPacket
1773458941853200,35915,547,0,VideoPacket
1773458941947774,35916,291,0,VideoPacket
1773458941947888,35917,291,0,VideoPacket
1773458941947969,35918,291,0,VideoPacket
1773458941948058,35919,291,0,VideoPacket
1773458941948147,35920,291,0,VideoPacket
1773458941948219,35921,291,0,VideoPacket
1773458941948290,35922,291,0,VideoPacket
1773458941948362,35923,291,0,VideoPacket
1773458941948432,35924,291,0,VideoPacket
1773458941948501,35925,291,0,VideoPacket
1773458941948573,35926,291,0,VideoPacket
1773458941948658,35927,291,0,VideoPacket
1773458941948721,35928,291,0,VideoPacket
1773458941948785,35929,291,0,VideoPacket
1773458941948847,35930,291,0,VideoPacket
1773458941948916,35931,291,0,VideoPacket
1773458941948985,35932,291,0,VideoPacket
1773458941949054,35933,291,0,VideoPacket
1773458941949124,35934,291,0,VideoPacket
1773458941949194,35935,291,0,VideoPacket
1773458941949263,35936,291,0,VideoPacket
1773458941949334,35937,291,0,VideoPacket
1773458941949403,35938,291,0,VideoPacket
1773458941949472,35939,291,0,VideoPacket
1773458941949543,35940,291,0,VideoPacket
1773458941949625,35941,291,0,VideoPacket
1773458941949696,35942,291,0,VideoPacket
1773458941949766,35943,291,0,VideoPacket
1773458941949837,35944,291,0,VideoPacket
1773458941949908,35945,291,0,VideoPacket
1773458941949975,35946,291,0,VideoPacket
1773458941950051,35947,291,0,VideoPacket
1773458942009389,35948,291,0,VideoPacket
1773458942009501,35949,291,0,VideoPacket
1773458942009575,35950,291,0,VideoPacket
1773458942009645,35951,291,0,VideoPacket
1773458942009708,35952,291,0,VideoPacket
1773458942009775,35953,291,0,VideoPacket
1773458942009982,35954,291,0,VideoPacket
1773458942010065,35955,291,0,VideoPacket
1773458942010127,35956,291,0,VideoPacket
1773458942010197,35957,291,0,VideoPacket
1773458942010269,35958,291,0,VideoPacket
1773458942010338,35959,291,0,VideoPacket
1773458942010410,35960,291,0,VideoPacket
1773458942010480,35961,291,0,VideoPacket
1773458942010552,35962,291,0,VideoPacket
1773458942010632,35963,291,0,VideoPacket
1773458942010702,35964,291,0,VideoPacket
1773458942010773,35965,291,0,VideoPacket
1773458942010844,35966,291,0,VideoPacket
1773458942010914,35967,291,0,VideoPacket
1773458942010991,35968,291,0,VideoPacket
1773458942011061,35969,291,0,VideoPacket
1773458942011132,35970,291,0,VideoPacket
1773458942011202,35971,291,0,VideoPacket
1773458942011269,35972,291,0,VideoPacket
1773458942011334,35973,291,0,VideoPacket
1773458942011406,35974,291,0,VideoPacket
1773458942011477,35975,291,0,VideoPacket
1773458942011548,35976,291,0,VideoPacket
1773458942011631,35977,291,0,VideoPacket
1773458942011703,35978,291,0,VideoPacket
1773458942011775,35979,291,0,VideoPacket
1773458942078185,35980,803,0,VideoPacket
1773458942078295,35981,803,0,VideoPacket
1773458942078363,35982,803,0,VideoPacket
1773458942078466,35983,803,0,VideoPacket
1773458942078571,35984,803,0,VideoPacket
1773458942078691,35985,803,0,VideoPacket
1773458942078798,35986,803,0,VideoPacket
1773458942078861,35987,803,0,VideoPacket
1773458942078965,35988,803,0,VideoPacket
1773458942079075,35989,803,0,VideoPacket
1773458942116706,17243,1317,0,Retransmission:35506
1773458942139031,35990,291,0,VideoPacket
1773458942139160,35991,291,0,VideoPacket
1773458942139229,35992,291,0,VideoPacket
1773458942139293,35993,291,0,VideoPacket
1773458942139358,35994,291,0,VideoPacket
1773458942139421,35995,291,0,VideoPacket
1773458942139485,35996,291,0,VideoPacket
1773458942139547,35997,291,0,VideoPacket
1773458942139624,35998,291,0,VideoPacket
1773458942139690,35999,291,0,VideoPacket
1773458942139756,36000,291,0,VideoPacket
1773458942139820,36001,291,0,VideoPacket
1773458942139883,36002,291,0,VideoPacket
1773458942139946,36003,291,0,VideoPacket
1773458942140009,36004,291,0,VideoPacket
1773458942140101,36005,291,0,VideoPacket
1773458942140179,36006,291,0,VideoPacket
1773458942140248,36007,291,0,VideoPacket
1773458942140314,36008,291,0,VideoPacket
1773458942140385,36009,291,0,VideoPacket
1773458942140453,36010,291,0,VideoPacket
1773458942140527,36011,291,0,VideoPacket
1773458942140605,36012,291,0,VideoPacket
1773458942140670,36013,291,0,VideoPacket
1773458942140730,36014,291,0,VideoPacket
1773458942140797,36015,291,0,VideoPacket
1773458942140862,36016,291,0,VideoPacket
1773458942140930,36017,291,0,VideoPacket
1773458942140999,36018,291,0,VideoPacket
1773458942141066,36019,291,0,VideoPacket
1773458942141134,36020,291,0,VideoPacket
1773458942141202,36021,291,0,VideoPacket
1773458942196027,36022,291,0,VideoPacket
1773458942196153,36023,291,0,VideoPacket
1773458942196235,36024,291,0,VideoPacket
1773458942196299,36025,291,0,VideoPacket
1773458942196363,36026,291,0,VideoPacket
1773458942196429,36027,291,0,VideoPacket
1773458942196495,36028,291,0,VideoPacket
1773458942196569,36029,291,0,VideoPacket
1773458942196649,36030,291,0,VideoPacket
1773458942196713,36031,291,0,VideoPacket
1773458942196779,36032,291,0,VideoPacket
1773458942196843,36033,291,0,VideoPacket
1773458942196914,36034,291,0,VideoPacket
1773458942196982,36035,291,0,VideoPacket
1773458942197047,36036,291,0,VideoPacket
1773458942197110,36037,291,0,VideoPacket
1773458942197173,36038,291,0,VideoPacket
1773458942197237,36039,291,0,VideoPacket
1773458942197303,36040,291,0,VideoPacket
1773458942197367,36041,291,0,VideoPacket
1773458942197436,36042,291,0,VideoPacket
1773458942197500,36043,291,0,VideoPacket
1773458942197568,36044,291,0,VideoPacket
1773458942197647,36045,291,0,VideoPacket
1773458942197713,36046,291,0,VideoPacket
1773458942197776,36047,291,0,VideoPacket
1773458942197838,36048,291,0,VideoPacket
1773458942197902,36049,291,0,VideoPacket
1773458942197966,36050,291,0,VideoPacket
1773458942198030,36051,291,0,VideoPacket
1773458942198093,36052,291,0,VideoPacket
1773458942198160,36053,291,0,VideoPacket
1773458942215637,36054,291,0,VideoPacket
1773458942215793,36055,291,0,VideoPacket
1773458942215860,36056,291,0,VideoPacket
1773458942215924,36057,291,0,VideoPacket
1773458942215991,36058,291,0,VideoPacket
1773458942216079,36059,291,0,VideoPacket
1773458942216160,36060,291,0,VideoPacket
1773458942216231,36061,291,0,VideoPacket
1773458942216295,36062,291,0,VideoPacket
1773458942216359,36063,291,0,VideoPacket
1773458942216422,36064,291,0,VideoPacket
1773458942216485,36065,291,0,VideoPacket
1773458942216547,36066,291,0,VideoPacket
1773458942216642,36067,291,0,VideoPacket
1773458942216707,36068,291,0,VideoPacket
1773458942216771,36069,291,0,VideoPacket
1773458942216836,36070,291,0,VideoPacket
1773458942216899,36071,291,0,VideoPacket
1773458942216962,36072,291,0,VideoPacket
1773458942217025,36073,291,0,VideoPacket
1773458942217089,36074,291,0,VideoPacket
1773458942217155,36075,291,0,VideoPacket
1773458942217219,36076,291,0,VideoPacket
1773458942217283,36077,291,0,VideoPacket
1773458942217348,36078,291,0,VideoPacket
1773458942217412,36079,291,0,VideoPacket
1773458942217478,36080,291,0,VideoPacket
1773458942217543,36081,291,0,VideoPacket
1773458942268103,36082,291,0,VideoPacket
1773458942268223,36083,291,0,VideoPacket
1773458942268299,36084,291,0,VideoPacket
1773458942268366,36085,291,0,VideoPacket
1773458942268434,36086,291,0,VideoPacket
1773458942268503,36087,291,0,VideoPacket
1773458942268598,36088,291,0,VideoPacket
1773458942268679,36089,291,0,VideoPacket
1773458942268748,36090,291,0,VideoPacket
1773458942268817,36091,291,0,VideoPacket
1773458942268884,36092,291,0,VideoPacket
1773458942268955,36093,291,0,VideoPacket
1773458942269022,36094,291,0,VideoPacket
1773458942269089,36095,291,0,VideoPacket
1773458942269160,36096,291,0,VideoPacket
1773458942269229,36097,291,0,VideoPacket
1773458942269302,36098,291,0,VideoPacket
1773458942269369,36099,291,0,VideoPacket
1773458942269437,36100,291,0,VideoPacket
1773458942269504,36101,291,0,VideoPacket
1773458942269571,36102,291,0,VideoPacket
1773458942269678,36103,291,0,VideoPacket
1773458942269748,36104,291,0,VideoPacket
1773458942269818,36105,291,0,VideoPacket
1773458942269888,36106,291,0,VideoPacket
1773458942269957,36107,291,0,VideoPacket
1773458942270024,36108,291,0,VideoPacket
1773458942270097,36109,291,0,VideoPacket
1773458942270164,36110,291,0,VideoPacket
1773458942270232,36111,291,0,VideoPacket
1773458942270299,36112,291,0,VideoPacket
1773458942270370,36113,291,0,VideoPacket
1773458942370757,36114,291,0,VideoPacket
1773458942370865,36115,291,0,VideoPacket
1773458942370927,36116,291,0,VideoPacket
1773458942370988,36117,291,0,VideoPacket
1773458942371054,36118,291,0,VideoPacket
1773458942371149,36119,291,0,VideoPacket
1773458942371213,36120,291,0,VideoPacket
1773458942371273,36121,547,0,VideoPacket
1773458942371339,36122,547,0,VideoPacket
1773458942371436,36123,547,0,VideoPacket
1773458942371503,36124,547,0,VideoPacket
1773458942371593,36125,547,0,VideoPacket
1773458942371667,36126,547,0,VideoPacket
1773458942371737,36127,547,0,VideoPacket
1773458942371802,36128,547,0,VideoPacket
1773458942371861,36129,547,0,VideoPacket
1773458942371927,36130,547,0,VideoPacket
1773458942371993,36131,547,0,VideoPacket
1773458942372078,36132,547,0,VideoPacket
1773458942372158,36133,547,0,VideoPacket
1773458942372225,36134,547,0,VideoPacket
1773458942372291,36135,547,0,VideoPacket
1773458942482459,36136,291,0,VideoPacket
1773458942482575,36137,291,0,VideoPacket
1773458942482656,36138,291,0,VideoPacket
1773458942482723,36139,291,0,VideoPacket
1773458942482787,36140,291,0,VideoPacket
1773458942482851,36141,291,0,VideoPacket
1773458942482915,36142,291,0,VideoPacket
1773458942482980,36143,291,0,VideoPacket
1773458942483043,36144,291,0,VideoPacket
1773458942483107,36145,291,0,VideoPacket
1773458942483169,36146,291,0,VideoPacket
1773458942483232,36147,291,0,VideoPacket
1773458942483300,36148,291,0,VideoPacket
1773458942483364,36149,291,0,VideoPacket
1773458942483427,36150,291,0,VideoPacket
1773458942483494,36151,291,0,VideoPacket
1773458942483556,36152,291,0,VideoPacket
1773458942483633,36153,291,0,VideoPacket
1773458942483697,36154,291,0,VideoPacket
1773458942483762,36155,291,0,VideoPacket
1773458942483827,36156,291,0,VideoPacket
1773458942483890,36157,291,0,VideoPacket
1773458942483954,36158,291,0,VideoPacket
1773458942484018,36159,291,0,VideoPacket
1773458942484108,36160,291,0,VideoPacket
1773458942484183,36161,291,0,VideoPacket
1773458942484249,36162,291,0,VideoPacket
1773458942484314,36163,291,0,VideoPacket
1773458942484381,36164,291,0,VideoPacket
1773458942484445,36165,291,0,VideoPacket
1773458942484509,36166,291,0,VideoPacket
1773458942484604,36167,291,0,VideoPacket
1773458942560183,36168,291,0,VideoPacket
1773458942560307,36169,291,0,VideoPacket
1773458942560383,36170,291,0,VideoPacket
1773458942560446,36171,291,0,VideoPacket
1773458942560514,36172,291,0,VideoPacket
1773458942560575,36173,291,0,VideoPacket
1773458942560650,36174,291,0,VideoPacket
1773458942560714,36175,291,0,VideoPacket
1773458942560782,36176,291,0,VideoPacket
1773458942560844,36177,291,0,VideoPacket
1773458942560906,36178,291,0,VideoPacket
1773458942560968,36179,291,0,VideoPacket
1773458942561031,36180,291,0,VideoPacket
1773458942561099,36181,291,0,VideoPacket
1773458942561160,36182,291,0,VideoPacket
1773458942561225,36183,291,0,VideoPacket
1773458942561290,36184,291,0,VideoPacket
1773458942561353,36185,291,0,VideoPacket
1773458942561416,36186,291,0,VideoPacket
1773458942561479,36187,291,0,VideoPacket
1773458942561548,36188,291,0,VideoPacket
1773458942561634,36189,291,0,VideoPacket
1773458942561701,36190,291,0,VideoPacket
1773458942561770,36191,291,0,VideoPacket
1773458942561838,36192,291,0,VideoPacket
1773458942561901,36193,291,0,VideoPacket
1773458942561966,36194,291,0,VideoPacket
1773458942562029,36195,291,0,VideoPacket
1773458942562098,36196,291,0,VideoPacket
1773458942562162,36197,291,0,VideoPacket
1773458942562227,36198,291,0,VideoPacket
1773458942562289,36199,291,0,VideoPacket
1773458942672486,36200,291,0,VideoPacket
1773458942672649,36201,291,0,VideoPacket
1773458942672734,36202,291,0,VideoPacket
1773458942672802,36203,291,0,VideoPacket
1773458942672865,36204,291,0,VideoPacket
1773458942672937,36205,291,0,VideoPacket
1773458942672999,36206,291,0,VideoPacket
1773458942673070,36207,291,0,VideoPacket
1773458942673134,36208,291,0,VideoPacket
1773458942673202,36209,291,0,VideoPacket
1773458942673267,36210,291,0,VideoPacket
1773458942673334,36211,291,0,VideoPacket
1773458942673398,36212,291,0,VideoPacket
1773458942673470,36213,291,0,VideoPacket
1773458942673543,36214,291,0,VideoPacket
1773458942673629,36215,291,0,VideoPacket
1773458942673707,36216,291,0,VideoPacket
1773458942673777,36217,291,0,VideoPacket
1773458942673849,36218,291,0,VideoPacket
1773458942673907,36219,291,0,VideoPacket
1773458942673972,36220,291,0,VideoPacket
1773458942674042,36221,291,0,VideoPacket
1773458942674114,36222,291,0,VideoPacket
1773458942674191,36223,291,0,VideoPacket
1773458942674271,36224,291,0,VideoPacket
1773458942674341,36225,291,0,VideoPacket
1773458942674406,36226,291,0,VideoPacket
1773458942674476,36227,291,0,VideoPacket
1773458942674544,36228,291,0,VideoPacket
1773458942674630,36229,291,0,VideoPacket
1773458942674697,36230,291,0,VideoPacket
1773458942674761,36231,291,0,VideoPacket
1773458942674823,36232,291,0,VideoPacket
1773458942674886,36233,291,0,VideoPacket
1773458942674949,36234,291,0,VideoPacket
1773458942675013,36235,291,0,VideoPacket
1773458942675076,36236,291,0,VideoPacket
1773458942804589,36237,291,0,VideoPacket
1773458942804757,36238,291,0,VideoPacket
1773458942804827,36239,291,0,VideoPacket
1773458942804892,36240,291,0,VideoPacket
1773458942804960,36241,291,0,VideoPacket
1773458942805028,36242,291,0,VideoPacket
1773458942805098,36243,291,0,VideoPacket
1773458942805184,36244,291,0,VideoPacket
1773458942805270,36245,291,0,VideoPacket
1773458942805339,36246,291,0,VideoPacket
1773458942805413,36247,291,0,VideoPacket
1773458942805481,36248,291,0,VideoPacket
1773458942805548,36249,291,0,VideoPacket
1773458942805628,36250,291,0,VideoPacket
1773458942805697,36251,291,0,VideoPacket
1773458942805767,36252,291,0,VideoPacket
1773458942805837,36253,291,0,VideoPacket
1773458942805904,36254,291,0,VideoPacket
1773458942805973,36255,291,0,VideoPacket
1773458942806047,36256,291,0,VideoPacket
1773458942806115,36257,291,0,VideoPacket
1773458942806181,36258,291,0,VideoPacket
1773458942806251,36259,291,0,VideoPacket
1773458942806317,36260,291,0,VideoPacket
1773458942806381,36261,291,0,VideoPacket
1773458942806447,36262,291,0,VideoPacket
1773458942806518,36263,291,0,VideoPacket
1773458942806595,36264,291,0,VideoPacket
1773458942806669,36265,291,0,VideoPacket
1773458942806743,36266,291,0,VideoPacket
1773458942806832,36267,291,0,VideoPacket
1773458942806905,36268,291,0,VideoPacket
1773458942927378,36269,291,0,VideoPacket
1773458942927528,36270,291,0,VideoPacket
1773458942927613,36271,291,0,VideoPacket
1773458942927685,36272,291,0,VideoPacket
1773458942927759,36273,547,0,VideoPacket
1773458942927831,36274,547,0,VideoPacket
1773458942927904,36275,547,0,VideoPacket
1773458942927975,36276,547,0,VideoPacket
1773458942928061,36277,547,0,VideoPacket
1773458942928153,36278,547,0,VideoPacket
1773458942928234,36279,547,0,VideoPacket
1773458942928313,36280,547,0,VideoPacket
1773458942928385,36281,547,0,VideoPacket
1773458942928457,36282,547,0,VideoPacket
1773458942928528,36283,547,0,VideoPacket
1773458942928611,36284,547,0,VideoPacket
1773458942928684,36285,547,0,VideoPacket
1773458942928754,36286,547,0,VideoPacket
1773458942928823,36287,547,0,VideoPacket
1773458942928894,36288,547,0,VideoPacket
1773458942928965,36289,547,0,VideoPacket
1773458942938051,17244,293,0,Retransmission:35564
1773458942938150,17245,805,0,Retransmission:35568
1773458942938235,17246,293,0,Retransmission:35580
1773458943051059,36290,547,0,VideoPacket
1773458943051236,36291,547,0,VideoPacket
1773458943051312,36292,547,0,VideoPacket
1773458943051386,36293,547,0,VideoPacket
1773458943051461,36294,547,0,VideoPacket
1773458943051531,36295,547,0,VideoPacket
1773458943051613,36296,547,0,VideoPacket
1773458943051687,36297,547,0,VideoPacket
1773458943051759,36298,547,0,VideoPacket
1773458943051830,36299,547,0,VideoPacket
1773458943051900,36300,547,0,VideoPacket
1773458943051966,36301,547,0,VideoPacket
1773458943052067,36302,547,0,VideoPacket
1773458943052155,36303,547,0,VideoPacket
1773458943052228,36304,547,0,VideoPacket
1773458943052298,36305,547,0,VideoPacket
1773458943219200,36306,291,0,VideoPacket
1773458943219407,36307,291,0,VideoPacket
1773458943219480,36308,291,0,VideoPacket
1773458943219543,36309,291,0,VideoPacket
1773458943219622,36310,291,0,VideoPacket
1773458943219688,36311,291,0,VideoPacket
1773458943219758,36312,291,0,VideoPacket
1773458943219824,36313,291,0,VideoPacket
1773458943219888,36314,291,0,VideoPacket
1773458943219955,36315,291,0,VideoPacket
1773458943220014,36316,291,0,VideoPacket
1773458943220113,36317,291,0,VideoPacket
1773458943220190,36318,291,0,VideoPacket
1773458943220258,36319,291,0,VideoPacket
1773458943220324,36320,291,0,VideoPacket
1773458943220392,36321,291,0,VideoPacket
1773458943220458,36322,291,0,VideoPacket
1773458943220523,36323,291,0,VideoPacket
1773458943220602,36324,291,0,VideoPacket
1773458943220669,36325,291,0,VideoPacket
1773458943220737,36326,291,0,VideoPacket
1773458943220805,36327,291,0,VideoPacket
1773458943220878,36328,291,0,VideoPacket
1773458943220943,36329,291,0,VideoPacket
1773458943221009,36330,291,0,VideoPacket
1773458943221075,36331,291,0,VideoPacket
1773458943221139,36332,291,0,VideoPacket
1773458943221205,36333,291,0,VideoPacket
1773458943221270,36334,291,0,VideoPacket
1773458943221335,36335,291,0,VideoPacket
1773458943221400,36336,291,0,VideoPacket
1773458943221466,36337,291,0,VideoPacket
1773458943366476,36338,291,0,VideoPacket
1773458943366618,36339,291,0,VideoPacket
1773458943366699,36340,291,0,VideoPacket
1773458943366763,36341,291,0,VideoPacket
1773458943366828,36342,291,0,VideoPacket
1773458943366892,36343,291,0,VideoPacket
1773458943366958,36344,547,0,VideoPacket
1773458943367022,36345,547,0,VideoPacket
1773458943367086,36346,547,0,VideoPacket
1773458943367150,36347,547,0,VideoPacket
1773458943367215,36348,547,0,VideoPacket
1773458943367278,36349,547,0,VideoPacket
1773458943367342,36350,547,0,VideoPacket
1773458943367406,36351,547,0,VideoPacket
1773458943367470,36352,547,0,VideoPacket
1773458943367534,36353,547,0,VideoPacket
1773458943367606,36354,547,0,VideoPacket
1773458943367672,36355,547,0,VideoPacket
1773458943367742,36356,547,0,VideoPacket
1773458943367808,36357,547,0,VideoPacket
1773458943367874,36358,547,0,VideoPacket
1773458943367937,36359,547,0,VideoPacket
1773458943506375,36360,291,0,VideoPacket
1773458943506566,36361,291,0,VideoPacket
1773458943506679,36362,291,0,VideoPacket
1773458943506772,36363,291,0,VideoPacket
1773458943506841,36364,291,0,VideoPacket
1773458943506911,36365,291,0,VideoPacket
1773458943506979,36366,291,0,VideoPacket
1773458943507050,36367,291,0,VideoPacket
1773458943507120,36368,291,0,VideoPacket
1773458943507196,36369,291,0,VideoPacket
1773458943507264,36370,291,0,VideoPacket
1773458943507329,36371,291,0,VideoPacket
1773458943507407,36372,291,0,VideoPacket
1773458943507476,36373,291,0,VideoPacket
1773458943507540,36374,291,0,VideoPacket
1773458943507623,36375,291,0,VideoPacket
1773458943507688,36376,291,0,VideoPacket
1773458943507755,36377,291,0,VideoPacket
1773458943507823,36378,291,0,VideoPacket
1773458943507893,36379,291,0,VideoPacket
1773458943507960,36380,291,0,VideoPacket
1773458943508024,36381,291,0,VideoPacket
1773458943508124,36382,291,0,VideoPacket
1773458943508206,36383,291,0,VideoPacket
1773458943508277,36384,291,0,VideoPacket
1773458943508346,36385,291,0,VideoPacket
1773458943508412,36386,291,0,VideoPacket
1773458943508477,36387,291,0,VideoPacket
1773458943508550,36388,291,0,VideoPacket
1773458943508628,36389,291,0,VideoPacket
1773458943508698,36390,291,0,VideoPacket
1773458943508765,36391,291,0,VideoPacket
1773458943645938,36392,291,0,VideoPacket
1773458943646065,36393,291,0,VideoPacket
1773458943646140,36394,291,0,VideoPacket
1773458943646207,36395,291,0,VideoPacket
1773458943646282,36396,291,0,VideoPacket
1773458943646349,36397,291,0,VideoPacket
1773458943646415,36398,291,0,VideoPacket
1773458943646482,36399,291,0,VideoPacket
1773458943646550,36400,291,0,VideoPacket
1773458943646628,36401,291,0,VideoPacket
1773458943646697,36402,291,0,VideoPacket
1773458943646764,36403,291,0,VideoPacket
1773458943646832,36404,291,0,VideoPacket
1773458943646900,36405,291,0,VideoPacket
1773458943646969,36406,291,0,VideoPacket
1773458943647036,36407,291,0,VideoPacket
1773458943647104,36408,291,0,VideoPacket
1773458943647172,36409,291,0,VideoPacket
1773458943647239,36410,291,0,VideoPacket
1773458943647305,36411,291,0,VideoPacket
1773458943647368,36412,291,0,VideoPacket
1773458943647432,36413,291,0,VideoPacket
1773458943647501,36414,291,0,VideoPacket
1773458943647567,36415,291,0,VideoPacket
1773458943647651,36416,291,0,VideoPacket
1773458943647723,36417,291,0,VideoPacket
1773458943647790,36418,291,0,VideoPacket
1773458943647854,36419,291,0,VideoPacket
1773458943647912,36420,291,0,VideoPacket
1773458943647976,36421,291,0,VideoPacket
1773458943648092,36422,291,0,VideoPacket
1773458943648337,36423,291,0,VideoPacket
1773458943648418,36424,291,0,VideoPacket
1773458943648482,36425,291,0,VideoPacket
1773458943648553,36426,291,0,VideoPacket
1773458943648628,36427,291,0,VideoPacket
1773458943648702,36428,291,0,VideoPacket
1773458943648768,36429,291,0,VideoPacket
1773458943648836,36430,291,0,VideoPacket
1773458943648903,36431,291,0,VideoPacket
1773458943790028,36432,291,0,VideoPacket
1773458943790145,36433,291,0,VideoPacket
1773458943790219,36434,291,0,VideoPacket
1773458943790285,36435,291,0,VideoPacket
1773458943790354,36436,291,0,VideoPacket
1773458943790426,36437,291,0,VideoPacket
1773458943790493,36438,291,0,VideoPacket
1773458943790566,36439,291,0,VideoPacket
1773458943790644,36440,291,0,VideoPacket
1773458943790710,36441,291,0,VideoPacket
1773458943790777,36442,291,0,VideoPacket
1773458943790848,36443,291,0,VideoPacket
1773458943790916,36444,291,0,VideoPacket
1773458943790985,36445,291,0,VideoPacket
1773458943791051,36446,291,0,VideoPacket
1773458943791121,36447,291,0,VideoPacket
1773458943791191,36448,291,0,VideoPacket
1773458943791257,36449,291,0,VideoPacket
1773458943791330,36450,291,0,VideoPacket
1773458943791397,36451,291,0,VideoPacket
1773458943791463,36452,291,0,VideoPacket
1773458943791530,36453,291,0,VideoPacket
1773458943791606,36454,291,0,VideoPacket
1773458943791677,36455,291,0,VideoPacket
1773458943791738,36456,291,0,VideoPacket
1773458943791802,36457,291,0,VideoPacket
1773458943791866,36458,291,0,VideoPacket
1773458943791940,36459,291,0,VideoPacket
1773458943792011,36460,291,0,VideoPacket
1773458943792113,36461,291,0,VideoPacket
1773458943792231,36462,291,0,VideoPacket
1773458943792331,36463,291,0,VideoPacket
1773458943935926,36464,291,0,VideoPacket
1773458943936054,36465,291,0,VideoPacket
1773458943936146,36466,291,0,VideoPacket
1773458943936218,36467,291,0,VideoPacket
1773458943936289,36468,291,0,VideoPacket
1773458943936359,36469,291,0,VideoPacket
1773458943936427,36470,291,0,VideoPacket
1773458943936496,36471,291,0,VideoPacket
1773458943936566,36472,291,0,VideoPacket
1773458943936646,36473,291,0,VideoPacket
1773458943936716,36474,291,0,VideoPacket
1773458943936788,36475,291,0,VideoPacket
1773458943936864,36476,291,0,VideoPacket
1773458943936936,36477,291,0,VideoPacket
1773458943937006,36478,291,0,VideoPacket
1773458943937076,36479,291,0,VideoPacket
1773458943937147,36480,291,0,VideoPacket
1773458943937217,36481,291,0,VideoPacket
1773458943937287,36482,291,0,VideoPacket
1773458943937357,36483,291,0,VideoPacket
1773458943937431,36484,291,0,VideoPacket
1773458943937499,36485,291,0,VideoPacket
1773458943937569,36486,291,0,VideoPacket
1773458943937650,36487,291,0,VideoPacket
1773458943937720,36488,291,0,VideoPacket
1773458943937789,36489,291,0,VideoPacket
1773458943937860,36490,291,0,VideoPacket
1773458943937927,36491,291,0,VideoPacket
1773458943937994,36492,291,0,VideoPacket
1773458943938065,36493,291,0,VideoPacket
1773458943938130,36494,291,0,VideoPacket
1773458943938201,36495,291,0,VideoPacket
1773458943938268,36496,291,0,VideoPacket
1773458943938333,36497,291,0,VideoPacket
1773458943938403,36498,291,0,VideoPacket
1773458943938472,36499,291,0,VideoPacket
1773458943938541,36500,291,0,VideoPacket
1773458943938622,36501,291,0,VideoPacket
1773458943951278,17247,293,0,Retransmission:35613
1773458943951877,36502,803,0,VideoPacket
1773458943951965,36503,803,0,VideoPacket
1773458943952035,36504,803,0,VideoPacket
1773458943952139,36505,803,0,VideoPacket
1773458943952214,36506,803,0,VideoPacket
1773458943952288,36507,803,0,VideoPacket
1773458943952361,36508,803,0,VideoPacket
1773458943952430,36509,803,0,VideoPacket
1773458943952499,36510,803,0,VideoPacket
1773458943952569,36511,803,0,VideoPacket
1773458943952644,36512,803,0,VideoPacket
1773458943952719,36513,803,0,VideoPacket
1773458943952786,36514,803,0,VideoPacket
1773458943986240,36515,547,0,VideoPacket
1773458943986342,36516,547,0,VideoPacket
1773458943986412,36517,547,0,VideoPacket
1773458943986484,36518,547,0,VideoPacket
1773458943986555,36519,547,0,VideoPacket
1773458943986637,36520,547,0,VideoPacket
1773458943986708,36521,547,0,VideoPacket
1773458943986778,36522,547,0,VideoPacket
1773458943986849,36523,547,0,VideoPacket
1773458943986919,36524,547,0,VideoPacket
1773458943986990,36525,547,0,VideoPacket
1773458943987060,36526,547,0,VideoPacket
1773458943987130,36527,547,0,VideoPacket
1773458943987201,36528,547,0,VideoPacket
1773458943987270,36529,547,0,VideoPacket
1773458944072171,36530,547,0,VideoPacket
1773458944072272,36531,547,0,VideoPacket
1773458944072347,36532,547,0,VideoPacket
1773458944072415,36533,547,0,VideoPacket
1773458944072485,36534,547,0,VideoPacket
1773458944072555,36535,547,0,VideoPacket
1773458944072634,36536,547,0,VideoPacket
1773458944072704,36537,547,0,VideoPacket
1773458944072779,36538,547,0,VideoPacket
1773458944072854,36539,547,0,VideoPacket
1773458944072929,36540,547,0,VideoPacket
1773458944072998,36541,547,0,VideoPacket
1773458944073072,36542,547,0,VideoPacket
1773458944073138,36543,547,0,VideoPacket
1773458944073196,36544,547,0,VideoPacket
1773458944073258,36545,547,0,VideoPacket
1773458944073328,36546,547,0,VideoPacket
1773458944073399,36547,547,0,VideoPacket
1773458944073469,36548,547,0,VideoPacket
1773458944073539,36549,547,0,VideoPacket
1773458944073617,36550,547,0,VideoPacket
1773458944073693,36551,547,0,VideoPacket
1773458944073760,36552,547,0,VideoPacket
1773458944073832,36553,547,0,VideoPacket
1773458944073902,36554,547,0,VideoPacket
1773458944073973,36555,547,0,VideoPacket
1773458944074044,36556,547,0,VideoPacket
1773458944074113,36557,547,0,VideoPacket
1773458944074184,36558,547,0,VideoPacket
1773458944074254,36559,547,0,VideoPacket
1773458944074324,36560,547,0,VideoPacket
1773458944074393,36561,547,0,VideoPacket
1773458944074482,36562,547,0,VideoPacket
1773458944074552,36563,547,0,VideoPacket
1773458944074635,36564,547,0,VideoPacket
1773458944074706,36565,547,0,VideoPacket
1773458944074776,36566,547,0,VideoPacket
1773458944158263,17248,293,0,Retransmission:35657
1773458944158356,17249,293,0,Retransmission:35661
1773458944158422,36567,547,0,VideoPacket
1773458944158498,36568,547,0,VideoPacket
1773458944158568,36569,547,0,VideoPacket
1773458944158650,36570,291,0,VideoPacket
1773458944158720,36571,291,0,VideoPacket
1773458944158796,36572,291,0,VideoPacket
1773458944158868,36573,291,0,VideoPacket
1773458944158938,36574,291,0,VideoPacket
1773458944159009,36575,291,0,VideoPacket
1773458944159078,36576,291,0,VideoPacket
1773458944159151,36577,291,0,VideoPacket
1773458944159219,36578,291,0,VideoPacket
1773458944159290,36579,291,0,VideoPacket
1773458944159359,36580,291,0,VideoPacket
1773458944159429,36581,291,0,VideoPacket
1773458944159502,36582,291,0,VideoPacket
1773458944159571,36583,291,0,VideoPacket
1773458944159651,36584,291,0,VideoPacket
1773458944159721,36585,291,0,VideoPacket
1773458944159789,36586,291,0,VideoPacket
1773458944159862,36587,291,0,VideoPacket
1773458944201976,36588,291,0,VideoPacket
1773458944202078,36589,291,0,VideoPacket
1773458944202151,36590,291,0,VideoPacket
1773458944202221,36591,291,0,VideoPacket
1773458944202290,36592,291,0,VideoPacket
1773458944202360,36593,291,0,VideoPacket
1773458944202428,36594,291,0,VideoPacket
1773458944202497,36595,291,0,VideoPacket
1773458944202566,36596,291,0,VideoPacket
1773458944202649,36597,291,0,VideoPacket
1773458944202725,36598,291,0,VideoPacket
1773458944202797,36599,291,0,VideoPacket
1773458944202868,36600,291,0,VideoPacket
1773458944202939,36601,291,0,VideoPacket
1773458944203008,36602,291,0,VideoPacket
1773458944203074,36603,291,0,VideoPacket
1773458944203143,36604,291,0,VideoPacket
1773458944203214,36605,291,0,VideoPacket
1773458944203285,36606,291,0,VideoPacket
1773458944203355,36607,291,0,VideoPacket
1773458944203426,36608,291,0,VideoPacket
1773458944203495,36609,291,0,VideoPacket
1773458944203565,36610,291,0,VideoPacket
1773458944203652,36611,291,0,VideoPacket
1773458944203725,36612,291,0,VideoPacket
1773458944203796,36613,291,0,VideoPacket
1773458944203866,36614,291,0,VideoPacket
1773458944203936,36615,291,0,VideoPacket
1773458944204005,36616,291,0,VideoPacket
1773458944204104,36617,291,0,VideoPacket
1773458944204183,36618,291,0,VideoPacket
1773458944204253,36619,291,0,VideoPacket
1773458944204323,36620,291,0,VideoPacket
1773458944204393,36621,291,0,VideoPacket
1773458944204463,36622,291,0,VideoPacket
1773458944204532,36623,291,0,VideoPacket
1773458944204614,36624,291,0,VideoPacket
1773458944204684,36625,291,0,VideoPacket
1773458944204755,36626,291,0,VideoPacket
1773458944204825,36627,291,0,VideoPacket
1773458944204894,36628,291,0,VideoPacket
1773458944204959,36629,291,0,VideoPacket
1773458944205021,36630,291,0,VideoPacket
1773458944205085,36631,291,0,VideoPacket
1773458944205153,36632,291,0,VideoPacket
1773458944205221,36633,291,0,VideoPacket
1773458944205293,36634,291,0,VideoPacket
1773458944205366,36635,291,0,VideoPacket
1773458944205440,36636,291,0,VideoPacket
1773458944205512,36637,291,0,VideoPacket
1773458944205593,36638,291,0,VideoPacket
1773458944205665,36639,291,0,VideoPacket
1773458944327486,36640,291,0,VideoPacket
1773458944327614,36641,291,0,VideoPacket
1773458944327686,36642,291,0,VideoPacket
1773458944327754,36643,291,0,VideoPacket
1773458944327829,36644,291,0,VideoPacket
1773458944327903,36645,291,0,VideoPacket
1773458944327997,36646,291,0,VideoPacket
1773458944328095,36647,291,0,VideoPacket
1773458944328171,36648,291,0,VideoPacket
1773458944328241,36649,291,0,VideoPacket
1773458944328310,36650,291,0,VideoPacket
1773458944328380,36651,291,0,VideoPacket
1773458944328451,36652,291,0,VideoPacket
1773458944328522,36653,291,0,VideoPacket
1773458944328601,36654,291,0,VideoPacket
1773458944328669,36655,291,0,VideoPacket
1773458944328741,36656,291,0,VideoPacket
1773458944328811,36657,291,0,VideoPacket
1773458944328883,36658,291,0,VideoPacket
1773458944328978,36659,291,0,VideoPacket
1773458944329072,36660,291,0,VideoPacket
1773458944329154,36661,291,0,VideoPacket
1773458944329225,36662,291,0,VideoPacket
1773458944329297,36663,291,0,VideoPacket
1773458944329367,36664,291,0,VideoPacket
1773458944329438,36665,291,0,VideoPacket
1773458944329507,36666,291,0,VideoPacket
1773458944329587,36667,291,0,VideoPacket
1773458944329659,36668,291,0,VideoPacket
1773458944329730,36669,291,0,VideoPacket
1773458944329801,36670,291,0,VideoPacket
1773458944329873,36671,291,0,VideoPacket
1773458944329943,36672,291,0,VideoPacket
1773458944330014,36673,291,0,VideoPacket
1773458944330084,36674,291,0,VideoPacket
1773458944330156,36675,291,0,VideoPacket
1773458944330225,36676,291,0,VideoPacket
1773458944330294,36677,291,0,VideoPacket
1773458944330363,36678,291,0,VideoPacket
1773458944330439,36679,1059,0,VideoPacket
1773458944330508,36680,1059,0,VideoPacket
1773458944330588,36681,1059,0,VideoPacket
1773458944330661,36682,1059,0,VideoPacket
1773458944330733,36683,1059,0,VideoPacket
1773458944330802,36684,1059,0,VideoPacket
1773458944330873,36685,1059,0,VideoPacket
1773458944330951,36686,1059,0,VideoPacket
1773458944331024,36687,1059,0,VideoPacket
1773458944331096,36688,1059,0,VideoPacket
1773458944331169,36689,291,0,VideoPacket
1773458944331239,36690,291,0,VideoPacket
1773458944331309,36691,291,0,VideoPacket
1773458944331379,36692,291,0,VideoPacket
1773458944331448,36693,291,0,VideoPacket
1773458944331521,36694,291,0,VideoPacket
1773458944378424,36695,291,0,VideoPacket
1773458944378541,36696,291,0,VideoPacket
1773458944378617,36697,291,0,VideoPacket
1773458944378676,36698,291,0,VideoPacket
1773458944378744,36699,291,0,VideoPacket
1773458944378807,36700,291,0,VideoPacket
1773458944378875,36701,291,0,VideoPacket
1773458944378943,36702,291,0,VideoPacket
1773458944379014,36703,291,0,VideoPacket
1773458944379084,36704,291,0,VideoPacket
1773458944379148,36705,291,0,VideoPacket
1773458944379235,36706,291,0,VideoPacket
1773458944379324,36707,291,0,VideoPacket
1773458944379412,36708,291,0,VideoPacket
1773458944379484,36709,291,0,VideoPacket
1773458944379557,36710,291,0,VideoPacket
1773458944379644,36711,291,0,VideoPacket
1773458944379729,36712,291,0,VideoPacket
1773458944379799,36713,291,0,VideoPacket
1773458944379871,36714,291,0,VideoPacket
1773458944379942,36715,291,0,VideoPacket
1773458944380009,36716,291,0,VideoPacket
1773458944380106,36717,291,0,VideoPacket
1773458944380190,36718,291,0,VideoPacket
1773458944380259,36719,291,0,VideoPacket
1773458944380326,36720,291,0,VideoPacket
1773458944441523,36721,291,0,VideoPacket
1773458944441649,36722,291,0,VideoPacket
1773458944441726,36723,291,0,VideoPacket
1773458944441795,36724,291,0,VideoPacket
1773458944441861,36725,291,0,VideoPacket
1773458944441934,36726,1059,0,VideoPacket
1773458944442004,36727,1059,0,VideoPacket
1773458944442078,36728,1059,0,VideoPacket
1773458944442148,36729,1059,0,VideoPacket
1773458944442218,36730,1059,0,VideoPacket
1773458944442286,36731,1059,0,VideoPacket
1773458944442352,36732,1059,0,VideoPacket
1773458944479884,36733,1059,0,VideoPacket
1773458944479979,36734,1059,0,VideoPacket
1773458944480072,36735,1059,0,VideoPacket
1773458944480163,36736,547,0,VideoPacket
1773458944480236,36737,547,0,VideoPacket
1773458944480306,36738,547,0,VideoPacket
1773458944480376,36739,547,0,VideoPacket
1773458944480446,36740,547,0,VideoPacket
1773458944480517,36741,547,0,VideoPacket
1773458944480598,36742,547,0,VideoPacket
1773458944480669,36743,547,0,VideoPacket
1773458944480739,36744,547,0,VideoPacket
1773458944523083,36745,547,0,VideoPacket
1773458944523202,36746,547,0,VideoPacket
1773458944523273,36747,547,0,VideoPacket
1773458944523343,36748,547,0,VideoPacket
1773458944523429,36749,547,0,VideoPacket
1773458944523496,36750,547,0,VideoPacket
1773458944523560,36751,547,0,VideoPacket
1773458944523629,36752,547,0,VideoPacket
1773458944523694,36753,547,0,VideoPacket
1773458944523760,36754,547,0,VideoPacket
1773458944523824,36755,547,0,VideoPacket
1773458944523887,36756,547,0,VideoPacket
1773458944523952,36757,547,0,VideoPacket
1773458944524031,36758,547,0,VideoPacket
1773458944524129,36759,547,0,VideoPacket
1773458944609433,36760,547,0,VideoPacket
1773458944609535,36761,547,0,VideoPacket
1773458944609654,36762,547,0,VideoPacket
1773458944609732,36763,547,0,VideoPacket
1773458944609799,36764,547,0,VideoPacket
1773458944609867,36765,547,0,VideoPacket
1773458944609936,36766,547,0,VideoPacket
1773458944610002,36767,547,0,VideoPacket
1773458944610073,36768,547,0,VideoPacket
1773458944610144,36769,547,0,VideoPacket
1773458944610212,36770,547,0,VideoPacket
1773458944610278,36771,547,0,VideoPacket
1773458944610346,36772,547,0,VideoPacket
1773458944610412,36773,547,0,VideoPacket
1773458944610482,36774,547,0,VideoPacket
1773458944610549,36775,291,0,VideoPacket
1773458944610628,36776,291,0,VideoPacket
1773458944610690,36777,291,0,VideoPacket
1773458944610754,36778,291,0,VideoPacket
1773458944610816,36779,291,0,VideoPacket
1773458944610882,36780,291,0,VideoPacket
1773458944610949,36781,291,0,VideoPacket
1773458944611017,36782,291,0,VideoPacket
1773458944611083,36783,291,0,VideoPacket
1773458944611152,36784,291,0,VideoPacket
1773458944611218,36785,291,0,VideoPacket
1773458944611285,36786,291,0,VideoPacket
1773458944611353,36787,291,0,VideoPacket
1773458944611420,36788,291,0,VideoPacket
1773458944611493,36789,291,0,VideoPacket
1773458944611561,36790,291,0,VideoPacket
1773458944611641,36791,291,0,VideoPacket
1773458944611709,36792,291,0,VideoPacket
1773458944611775,36793,291,0,VideoPacket
1773458944611842,36794,291,0,VideoPacket
1773458944611911,36795,291,0,VideoPacket
1773458944611982,36796,291,0,VideoPacket
1773458944612064,36797,291,0,VideoPacket
1773458944612136,36798,291,0,VideoPacket
1773458944612206,36799,291,0,VideoPacket
1773458944612273,36800,291,0,VideoPacket
1773458944710249,36801,291,0,VideoPacket
1773458944710375,36802,291,0,VideoPacket
1773458944710444,36803,291,0,VideoPacket
1773458944710514,36804,291,0,VideoPacket
1773458944710595,36805,291,0,VideoPacket
1773458944710668,36806,291,0,VideoPacket
1773458944710738,36807,291,0,VideoPacket
1773458944710809,36808,291,0,VideoPacket
1773458944710879,36809,291,0,VideoPacket
1773458944710949,36810,291,0,VideoPacket
1773458944711018,36811,291,0,VideoPacket
1773458944711090,36812,291,0,VideoPacket
1773458944711159,36813,291,0,VideoPacket
1773458944711233,36814,291,0,VideoPacket
1773458944711302,36815,291,0,VideoPacket
1773458944711373,36816,291,0,VideoPacket
1773458944711442,36817,291,0,VideoPacket
1773458944711513,36818,291,0,VideoPacket
1773458944711594,36819,291,0,VideoPacket
1773458944711673,36820,291,0,VideoPacket
1773458944711743,36821,291,0,VideoPacket
1773458944711814,36822,291,0,VideoPacket
1773458944711885,36823,291,0,VideoPacket
1773458944711956,36824,291,0,VideoPacket
1773458944712028,36825,291,0,VideoPacket
1773458944712112,36826,291,0,VideoPacket
1773458944712183,36827,291,0,VideoPacket
1773458944712254,36828,291,0,VideoPacket
1773458944712324,36829,291,0,VideoPacket
1773458944712396,36830,291,0,VideoPacket
1773458944712465,36831,291,0,VideoPacket
1773458944712537,36832,291,0,VideoPacket
1773458944712621,36833,291,0,VideoPacket
1773458944712692,36834,291,0,VideoPacket
1773458944712761,36835,291,0,VideoPacket
1773458944712831,36836,291,0,VideoPacket
1773458944712904,36837,291,0,VideoPacket
1773458944713001,36838,291,0,VideoPacket
1773458944713105,36839,291,0,VideoPacket
1773458944713207,36840,291,0,VideoPacket
1773458944713311,36841,291,0,VideoPacket
1773458944713406,36842,291,0,VideoPacket
1773458944713497,36843,291,0,VideoPacket
1773458944713599,36844,291,0,VideoPacket
1773458944713705,36845,291,0,VideoPacket
1773458944713812,36846,291,0,VideoPacket
1773458944713913,36847,291,0,VideoPacket
1773458944714015,36848,291,0,VideoPacket
1773458944714114,36849,291,0,VideoPacket
1773458944714219,36850,291,0,VideoPacket
1773458944714319,36851,291,0,VideoPacket
1773458944714418,36852,291,0,VideoPacket
1773458944714524,36853,291,0,VideoPacket
1773458944714641,36854,291,0,VideoPacket
1773458944714751,36855,291,0,VideoPacket
1773458944714852,36856,291,0,VideoPacket
1773458944714963,36857,291,0,VideoPacket
1773458944715083,36858,291,0,VideoPacket
1773458944715185,36859,291,0,VideoPacket
1773458944715286,36860,291,0,VideoPacket
1773458944715389,36861,291,0,VideoPacket
1773458944715491,36862,291,0,VideoPacket
1773458944715603,36863,291,0,VideoPacket
1773458944715718,36864,291,0,VideoPacket
1773458944715819,36865,291,0,VideoPacket
1773458944715910,36866,291,0,VideoPacket
1773458944716009,36867,291,0,VideoPacket
1773458944716135,36868,291,0,VideoPacket
1773458944716242,36869,291,0,VideoPacket
1773458944716352,36870,291,0,VideoPacket
1773458944716456,36871,291,0,VideoPacket
1773458944716561,36872,291,0,VideoPacket
1773458944716683,36873,291,0,VideoPacket
1773458944716787,36874,291,0,VideoPacket
1773458944716894,36875,291,0,VideoPacket
1773458944716996,36876,291,0,VideoPacket
1773458944717101,36877,291,0,VideoPacket
1773458944717205,36878,291,0,VideoPacket
1773458944824279,36879,291,0,VideoPacket
1773458944824444,36880,291,0,VideoPacket
1773458944824535,36881,291,0,VideoPacket
1773458944824612,36882,291,0,VideoPacket
1773458944824678,36883,291,0,VideoPacket
1773458944824739,36884,291,0,VideoPacket
1773458944824803,36885,291,0,VideoPacket
1773458944824866,36886,291,0,VideoPacket
1773458944824924,36887,291,0,VideoPacket
1773458944824990,36888,291,0,VideoPacket
1773458944825061,36889,291,0,VideoPacket
1773458944825129,36890,291,0,VideoPacket
1773458944825196,36891,291,0,VideoPacket
1773458944825263,36892,291,0,VideoPacket
1773458944825331,36893,291,0,VideoPacket
1773458944825398,36894,291,0,VideoPacket
1773458944825468,36895,291,0,VideoPacket
1773458944825535,36896,291,0,VideoPacket
1773458944825633,36897,291,0,VideoPacket
1773458944825704,36898,291,0,VideoPacket
1773458944825772,36899,291,0,VideoPacket
1773458944825836,36900,291,0,VideoPacket
1773458944825907,36901,291,0,VideoPacket
1773458944826002,36902,291,0,VideoPacket
1773458944826081,36903,291,0,VideoPacket
1773458944826145,36904,291,0,VideoPacket
1773458944826220,36905,291,0,VideoPacket
1773458944826289,36906,291,0,VideoPacket
1773458944826356,36907,291,0,VideoPacket
1773458944826424,36908,291,0,VideoPacket
1773458944826491,36909,291,0,VideoPacket
1773458944826559,36910,291,0,VideoPacket
1773458944826637,36911,291,0,VideoPacket
1773458944826707,36912,291,0,VideoPacket
1773458944826778,36913,291,0,VideoPacket
1773458944826845,36914,291,0,VideoPacket
1773458944826908,36915,291,0,VideoPacket
1773458944826975,36916,291,0,VideoPacket
1773458944827042,36917,291,0,VideoPacket
1773458944827109,36918,291,0,VideoPacket
1773458944827177,36919,291,0,VideoPacket
1773458944827244,36920,291,0,VideoPacket
1773458944827312,36921,291,0,VideoPacket
1773458944827378,36922,291,0,VideoPacket
1773458944827445,36923,291,0,VideoPacket
1773458944827511,36924,291,0,VideoPacket
1773458944827591,36925,291,0,VideoPacket
1773458944827659,36926,291,0,VideoPacket
1773458944827729,36927,291,0,VideoPacket
1773458944827796,36928,291,0,VideoPacket
1773458944827866,36929,291,0,VideoPacket
1773458944827938,36930,291,0,VideoPacket
1773458944827996,36931,291,0,VideoPacket
1773458944828079,36932,291,0,VideoPacket
1773458944828151,36933,291,0,VideoPacket
1773458944828218,36934,291,0,VideoPacket
1773458944828285,36935,291,0,VideoPacket
1773458944828353,36936,291,0,VideoPacket
1773458944828420,36937,547,0,VideoPacket
1773458944828487,36938,547,0,VideoPacket
1773458944828553,36939,547,0,VideoPacket
1773458944828627,36940,547,0,VideoPacket
1773458944828695,36941,547,0,VideoPacket
1773458944828764,36942,547,0,VideoPacket
1773458944828830,36943,547,0,VideoPacket
1773458944828898,36944,547,0,VideoPacket
1773458944828965,36945,547,0,VideoPacket
1773458944829029,36946,547,0,VideoPacket
1773458944829097,36947,547,0,VideoPacket
1773458944936829,36948,547,0,VideoPacket
1773458944936947,36949,547,0,VideoPacket
1773458944937063,36950,547,0,VideoPacket
1773458944937202,36951,547,0,VideoPacket
1773458944937318,36952,547,0,VideoPacket
1773458944937438,36953,547,0,VideoPacket
1773458944937558,36954,547,0,VideoPacket
1773458944937692,36955,547,0,VideoPacket
1773458944937768,36956,547,0,VideoPacket
1773458944937835,36957,547,0,VideoPacket
1773458944937920,36958,547,0,VideoPacket
1773458944937988,36959,547,0,VideoPacket
1773458944938057,36960,547,0,VideoPacket
1773458944938125,36961,547,0,VideoPacket
1773458945038410,36962,291,0,VideoPacket
1773458945038519,36963,291,0,VideoPacket
1773458945038602,36964,291,0,VideoPacket
1773458945038676,36965,291,0,VideoPacket
1773458945038748,36966,291,0,VideoPacket
1773458945038819,36967,291,0,VideoPacket
1773458945038890,36968,291,0,VideoPacket
1773458945038960,36969,291,0,VideoPacket
1773458945039029,36970,291,0,VideoPacket
1773458945039099,36971,291,0,VideoPacket
1773458945039172,36972,291,0,VideoPacket
1773458945039244,36973,291,0,VideoPacket
1773458945039314,36974,291,0,VideoPacket
1773458945039383,36975,291,0,VideoPacket
1773458945039452,36976,291,0,VideoPacket
1773458945039521,36977,291,0,VideoPacket
1773458945039603,36978,291,0,VideoPacket
1773458945039677,36979,291,0,VideoPacket
1773458945039747,36980,291,0,VideoPacket
1773458945039817,36981,291,0,VideoPacket
1773458945039887,36982,291,0,VideoPacket
1773458945039957,36983,291,0,VideoPacket
1773458945040027,36984,291,0,VideoPacket
1773458945040117,36985,291,0,VideoPacket
1773458945040192,36986,291,0,VideoPacket
1773458945040264,36987,291,0,VideoPacket
1773458945107612,36988,291,0,VideoPacket
1773458945107739,36989,291,0,VideoPacket
1773458945107816,36990,291,0,VideoPacket
1773458945107887,36991,291,0,VideoPacket
1773458945107961,36992,291,0,VideoPacket
1773458945108036,36993,291,0,VideoPacket
1773458945108118,36994,291,0,VideoPacket
1773458945108188,36995,291,0,VideoPacket
1773458945108257,36996,291,0,VideoPacket
1773458945108326,36997,291,0,VideoPacket
1773458945108396,36998,291,0,VideoPacket
1773458945108466,36999,291,0,VideoPacket
1773458945108537,37000,291,0,VideoPacket
1773458945108627,37001,291,0,VideoPacket
1773458945108694,37002,291,0,VideoPacket
1773458945108757,37003,291,0,VideoPacket
1773458945108821,37004,291,0,VideoPacket
1773458945108891,37005,291,0,VideoPacket
1773458945108960,37006,291,0,VideoPacket
1773458945109030,37007,291,0,VideoPacket
1773458945190506,37008,291,0,VideoPacket
1773458945190618,37009,291,0,VideoPacket
1773458945190688,37010,291,0,VideoPacket
1773458945190761,37011,291,0,VideoPacket
1773458945190826,37012,291,0,VideoPacket
1773458945190895,37013,291,0,VideoPacket
1773458945190964,37014,291,0,VideoPacket
1773458945191030,37015,291,0,VideoPacket
1773458945191094,37016,291,0,VideoPacket
1773458945191161,37017,291,0,VideoPacket
1773458945191229,37018,291,0,VideoPacket
1773458945191298,37019,291,0,VideoPacket
1773458945191364,37020,291,0,VideoPacket
1773458945191432,37021,291,0,VideoPacket
1773458945191503,37022,291,0,VideoPacket
1773458945191570,37023,291,0,VideoPacket
1773458945191643,37024,291,0,VideoPacket
1773458945191710,37025,291,0,VideoPacket
1773458945191773,37026,291,0,VideoPacket
1773458945191840,37027,291,0,VideoPacket
1773458945191911,37028,291,0,VideoPacket
1773458945191976,37029,291,0,VideoPacket
1773458945192060,37030,291,0,VideoPacket
1773458945254477,37031,291,0,VideoPacket
1773458945254613,37032,291,0,VideoPacket
1773458945254686,37033,291,0,VideoPacket
1773458945254754,37034,291,0,VideoPacket
1773458945254823,37035,291,0,VideoPacket
1773458945254896,37036,291,0,VideoPacket
1773458945254962,37037,291,0,VideoPacket
1773458945255030,37038,291,0,VideoPacket
1773458945255098,37039,291,0,VideoPacket
1773458945255188,37040,291,0,VideoPacket
1773458945255289,37041,291,0,VideoPacket
1773458945255386,37042,291,0,VideoPacket
1773458945255489,37043,291,0,VideoPacket
1773458945255609,37044,291,0,VideoPacket
1773458945255709,37045,291,0,VideoPacket
1773458945255798,37046,291,0,VideoPacket
1773458945255903,37047,291,0,VideoPacket
1773458945256008,37048,291,0,VideoPacket
1773458945256131,37049,291,0,VideoPacket
1773458945256236,37050,291,0,VideoPacket
1773458945256338,37051,291,0,VideoPacket
1773458945256439,37052,291,0,VideoPacket
1773458945256541,37053,291,0,VideoPacket
1773458945377280,37054,291,0,VideoPacket
1773458945377447,37055,291,0,VideoPacket
1773458945377525,37056,291,0,VideoPacket
1773458945377604,37057,291,0,VideoPacket
1773458945377696,37058,291,0,VideoPacket
1773458945377774,37059,291,0,VideoPacket
1773458945377866,37060,291,0,VideoPacket
1773458945377934,37061,291,0,VideoPacket
1773458945378001,37062,291,0,VideoPacket
1773458945378070,37063,291,0,VideoPacket
1773458945378138,37064,291,0,VideoPacket
1773458945378207,37065,291,0,VideoPacket
1773458945378274,37066,291,0,VideoPacket
1773458945378342,37067,291,0,VideoPacket
1773458945378408,37068,291,0,VideoPacket
1773458945378475,37069,291,0,VideoPacket
1773458945378539,37070,291,0,VideoPacket
1773458945378615,37071,291,0,VideoPacket
1773458945378682,37072,291,0,VideoPacket
1773458945378750,37073,291,0,VideoPacket
1773458945378818,37074,291,0,VideoPacket
1773458945378891,37075,291,0,VideoPacket
1773458945378961,37076,291,0,VideoPacket
1773458945379031,37077,291,0,VideoPacket
1773458945379101,37078,291,0,VideoPacket
1773458945496022,37079,291,0,VideoPacket
1773458945496147,37080,291,0,VideoPacket
1773458945496227,37081,291,0,VideoPacket
1773458945496294,37082,291,0,VideoPacket
1773458945496361,37083,291,0,VideoPacket
1773458945496430,37084,291,0,VideoPacket
1773458945496498,37085,291,0,VideoPacket
1773458945496567,37086,291,0,VideoPacket
1773458945496648,37087,291,0,VideoPacket
1773458945496715,37088,291,0,VideoPacket
1773458945496787,37089,291,0,VideoPacket
1773458945496856,37090,291,0,VideoPacket
1773458945496924,37091,291,0,VideoPacket
1773458945496991,37092,291,0,VideoPacket
1773458945497059,37093,291,0,VideoPacket
1773458945497130,37094,291,0,VideoPacket
1773458945497203,37095,291,0,VideoPacket
1773458945497260,37096,291,0,VideoPacket
1773458945497329,37097,291,0,VideoPacket
1773458945497397,37098,291,0,VideoPacket
1773458945497466,37099,291,0,VideoPacket
1773458945497534,37100,291,0,VideoPacket
1773458945497608,37101,291,0,VideoPacket
1773458945497678,37102,291,0,VideoPacket
1773458945497746,37103,291,0,VideoPacket
1773458945497813,37104,291,0,VideoPacket
1773458945628708,37105,291,0,VideoPacket
1773458945628825,37106,291,0,VideoPacket
1773458945628893,37107,291,0,VideoPacket
1773458945628959,37108,291,0,VideoPacket
1773458945629016,37109,291,0,VideoPacket
1773458945629070,37110,1059,0,VideoPacket
1773458945629135,37111,1059,0,VideoPacket
1773458945629200,37112,1059,0,VideoPacket
1773458945629264,37113,1059,0,VideoPacket
1773458945629326,37114,1059,0,VideoPacket
1773458945629393,37115,1059,0,VideoPacket
1773458945629461,37116,1059,0,VideoPacket
1773458945629533,37117,291,0,VideoPacket
1773458945629614,37118,291,0,VideoPacket
1773458945629687,37119,291,0,VideoPacket
1773458945629758,37120,291,0,VideoPacket
1773458945629826,37121,291,0,VideoPacket
1773458945629897,37122,291,0,VideoPacket
1773458945629967,37123,291,0,VideoPacket
1773458945630037,37124,291,0,VideoPacket
1773458945630108,37125,291,0,VideoPacket
1773458945630184,37126,291,0,VideoPacket
1773458945630258,37127,291,0,VideoPacket
1773458945630332,37128,291,0,VideoPacket
1773458945630404,37129,291,0,VideoPacket
1773458945630478,37130,291,0,VideoPacket
1773458945630597,37131,291,0,VideoPacket
1773458945630704,37132,291,0,VideoPacket
1773458945630805,37133,291,0,VideoPacket
1773458945630909,37134,291,0,VideoPacket
1773458945631015,37135,291,0,VideoPacket
1773458945631109,37136,291,0,VideoPacket
1773458945631199,37137,291,0,VideoPacket
1773458945631300,37138,291,0,VideoPacket
1773458945631417,37139,291,0,VideoPacket
1773458945631523,37140,291,0,VideoPacket
1773458945631634,37141,291,0,VideoPacket
1773458945631740,37142,291,0,VideoPacket
1773458945631841,37143,291,0,VideoPacket
1773458945631943,37144,291,0,VideoPacket
1773458945632064,37145,291,0,VideoPacket
1773458945632174,37146,291,0,VideoPacket
1773458945632282,37147,291,0,VideoPacket
1773458945695078,37148,291,1,VideoPacket
1773458945695177,37149,291,1,VideoPacket
1773458945695251,37150,291,1,VideoPacket
1773458945695320,37151,291,1,VideoPacket
1773458945695392,37152,291,1,VideoPacket
1773458945695455,37153,291,1,VideoPacket
1773458945695523,37154,291,1,VideoPacket
1773458945695598,37155,291,1,VideoPacket
1773458945695677,37156,291,1,VideoPacket
1773458945695746,37157,291,1,VideoPacket
1773458945695832,37158,291,1,VideoPacket
1773458945695900,37159,291,1,VideoPacket
1773458945695968,37160,291,1,VideoPacket
1773458945696051,37161,291,1,VideoPacket
1773458945696129,37162,291,1,VideoPacket
1773458945696194,37163,291,1,VideoPacket
1773458945696268,37164,291,1,VideoPacket
1773458945696335,37165,291,1,VideoPacket
1773458945696410,37166,291,1,VideoPacket
1773458945696478,37167,291,1,VideoPacket
1773458945696549,37168,291,1,VideoPacket
1773458945696629,37169,291,1,VideoPacket
1773458945696700,37170,291,1,VideoPacket
1773458945696772,37171,291,1,VideoPacket
1773458945696843,37172,291,1,VideoPacket
1773458945696908,37173,291,1,VideoPacket
1773458945750525,37174,291,1,VideoPacket
1773458945750675,37175,291,1,VideoPacket
1773458945750759,37176,291,1,VideoPacket
1773458945750833,37177,291,1,VideoPacket
1773458945750906,37178,291,1,VideoPacket
1773458945750976,37179,291,1,VideoPacket
1773458945751049,37180,291,1,VideoPacket
1773458945751121,37181,291,1,VideoPacket
1773458945751195,37182,291,1,VideoPacket
1773458945751265,37183,291,1,VideoPacket
1773458945751336,37184,291,1,VideoPacket
1773458945751406,37185,291,1,VideoPacket
1773458945751476,37186,291,1,VideoPacket
1773458945751547,37187,291,1,VideoPacket
1773458945751627,37188,291,1,VideoPacket
1773458945751700,37189,291,1,VideoPacket
1773458945751776,37190,291,1,VideoPacket
1773458945751850,37191,291,1,VideoPacket
1773458945751924,37192,291,1,VideoPacket
1773458945751992,37193,291,1,VideoPacket
1773458945752084,37194,291,1,VideoPacket
1773458945884827,37195,291,1,VideoPacket
1773458945885056,37196,291,1,VideoPacket
1773458945885164,37197,291,1,VideoPacket
1773458945885269,37198,291,1,VideoPacket
1773458945885373,37199,291,1,VideoPacket
1773458945885479,37200,291,1,VideoPacket
1773458945885596,37201,291,1,VideoPacket
1773458945885706,37202,291,1,VideoPacket
1773458945885805,37203,291,1,VideoPacket
1773458945885912,37204,291,1,VideoPacket
1773458945886015,37205,291,1,VideoPacket
1773458945886117,37206,291,1,VideoPacket
1773458945886193,37207,291,1,VideoPacket
1773458945886260,37208,291,1,VideoPacket
1773458945886330,37209,291,1,VideoPacket
1773458945886399,37210,291,1,VideoPacket
1773458945886467,37211,291,1,VideoPacket
1773458945886532,37212,291,1,VideoPacket
1773458945886610,37213,291,1,VideoPacket
1773458945886679,37214,291,1,VideoPacket
1773458945886749,37215,291,1,VideoPacket
1773458945886818,37216,291,1,VideoPacket
1773458945886887,37217,291,1,VideoPacket
1773458945886953,37218,291,1,VideoPacket
1773458945887019,37219,291,1,VideoPacket
1773458945887084,37220,291,1,VideoPacket
1773458945887150,37221,291,1,VideoPacket
1773458945887213,37222,291,1,VideoPacket
1773458945887279,37223,291,1,VideoPacket
1773458945887347,37224,291,1,VideoPacket
1773458945887413,37225,291,1,VideoPacket
1773458945887480,37226,291,1,VideoPacket
1773458945887546,37227,291,1,VideoPacket
1773458945887626,37228,291,1,VideoPacket
1773458945887695,37229,291,1,VideoPacket
1773458945887762,37230,291,1,VideoPacket
1773458945887830,37231,291,1,VideoPacket
1773458945887897,37232,291,1,VideoPacket
1773458945887964,37233,291,1,VideoPacket
1773458945888031,37234,291,1,VideoPacket
1773458945888118,37235,291,1,VideoPacket
1773458945888185,37236,291,1,VideoPacket
1773458945888254,37237,291,1,VideoPacket
1773458945888322,37238,291,1,VideoPacket
1773458945888391,37239,291,1,VideoPacket
1773458945888458,37240,291,1,VideoPacket
1773458945888534,37241,291,1,VideoPacket
1773458945888611,37242,291,1,VideoPacket
1773458945888681,37243,291,1,VideoPacket
1773458945888751,37244,291,1,VideoPacket
1773458945888820,37245,291,1,VideoPacket
1773458945888889,37246,291,1,VideoPacket
1773458945888957,37247,291,1,VideoPacket
1773458945889043,37248,291,1,VideoPacket
1773458945889119,37249,291,1,VideoPacket
1773458945889188,37250,291,1,VideoPacket
1773458945889256,37251,291,1,VideoPacket
1773458945889323,37252,291,1,VideoPacket
1773458945889392,37253,291,1,VideoPacket
1773458945889460,37254,291,1,VideoPacket
1773458945889528,37255,291,1,VideoPacket
1773458945889605,37256,291,1,VideoPacket
1773458945889675,37257,291,1,VideoPacket
1773458945959258,37258,291,1,VideoPacket
1773458945959361,37259,291,1,VideoPacket
1773458945959434,37260,291,1,VideoPacket
1773458945959498,37261,291,1,VideoPacket
1773458945959565,37262,291,1,VideoPacket
1773458945959648,37263,291,1,VideoPacket
1773458945959715,37264,291,1,VideoPacket
1773458945959782,37265,291,1,VideoPacket
1773458945959848,37266,291,1,VideoPacket
1773458945959916,37267,291,0,VideoPacket
1773458945959985,37268,291,0,VideoPacket
1773458945960064,37269,291,0,VideoPacket
1773458945960133,37270,291,0,VideoPacket
1773458945960199,37271,291,0,VideoPacket
1773458945960273,37272,291,0,VideoPacket
1773458945960345,37273,291,0,VideoPacket
1773458945960412,37274,291,0,VideoPacket
1773458945960479,37275,291,0,VideoPacket
1773458945960546,37276,291,0,VideoPacket
1773458945960629,37277,291,0,VideoPacket
1773458945960702,37278,291,0,VideoPacket
1773458945960772,37279,291,0,VideoPacket
1773458945960839,37280,291,0,VideoPacket
1773458945960908,37281,291,0,VideoPacket
1773458945960971,37282,291,0,VideoPacket
1773458945961040,37283,291,0,VideoPacket
1773458945961109,37284,291,0,VideoPacket
1773458945961177,37285,291,0,VideoPacket
1773458945961248,37286,291,0,VideoPacket
1773458945961317,37287,291,0,VideoPacket
1773458945961384,37288,291,0,VideoPacket
1773458945961451,37289,291,0,VideoPacket
1773458945961518,37290,291,0,VideoPacket
1773458945961595,37291,291,0,VideoPacket
1773458945961663,37292,291,0,VideoPacket
1773458945961730,37293,291,0,VideoPacket
1773458945961800,37294,291,0,VideoPacket
1773458945961869,37295,291,0,VideoPacket
1773458945961937,37296,291,0,VideoPacket
1773458945962004,37297,291,0,VideoPacket
1773458945962073,37298,291,0,VideoPacket
1773458945962136,37299,291,0,VideoPacket
1773458946077688,37300,291,0,VideoPacket
1773458946077807,37301,291,0,VideoPacket
1773458946077900,37302,291,0,VideoPacket
1773458946077978,37303,291,0,VideoPacket
1773458946078047,37304,291,0,VideoPacket
1773458946078128,37305,291,0,VideoPacket
1773458946078195,37306,291,0,VideoPacket
1773458946078268,37307,291,0,VideoPacket
1773458946078341,37308,291,0,VideoPacket
1773458946078417,37309,291,0,VideoPacket
1773458946078491,37310,291,0,VideoPacket
1773458946078558,37311,291,0,VideoPacket
1773458946078635,37312,291,0,VideoPacket
1773458946078711,37313,291,0,VideoPacket
1773458946078779,37314,291,0,VideoPacket
1773458946078845,37315,291,0,VideoPacket
1773458946078915,37316,291,0,VideoPacket
1773458946078982,37317,291,0,VideoPacket
1773458946079049,37318,291,0,VideoPacket
1773458946079117,37319,291,0,VideoPacket
1773458946079184,37320,291,0,VideoPacket
1773458946079258,37321,291,0,VideoPacket
1773458946079326,37322,291,0,VideoPacket
1773458946079398,37323,291,0,VideoPacket
1773458946079466,37324,291,0,VideoPacket
1773458946079534,37325,291,0,VideoPacket
1773458946079611,37326,291,0,VideoPacket
1773458946079687,37327,291,0,VideoPacket
1773458946079753,37328,291,0,VideoPacket
1773458946079828,37329,291,0,VideoPacket
1773458946079894,37330,291,0,VideoPacket
1773458946079962,37331,291,0,VideoPacket
1773458946080027,37332,291,0,VideoPacket
1773458946080109,37333,291,0,VideoPacket
1773458946080181,37334,291,0,VideoPacket
1773458946080248,37335,291,0,VideoPacket
1773458946080315,37336,291,0,VideoPacket
1773458946080388,37337,291,0,VideoPacket
1773458946080464,37338,291,0,VideoPacket
1773458946080531,37339,291,0,VideoPacket
1773458946080613,37340,291,0,VideoPacket
1773458946080682,37341,291,0,VideoPacket
1773458946143816,37342,291,0,VideoPacket
1773458946143919,37343,291,0,VideoPacket
1773458946143991,37344,291,0,VideoPacket
1773458946144078,37345,291,0,VideoPacket
1773458946144156,37346,291,0,VideoPacket
1773458946144226,37347,291,0,VideoPacket
1773458946144297,37348,291,0,VideoPacket
1773458946144374,37349,291,0,VideoPacket
1773458946144447,37350,291,0,VideoPacket
1773458946144516,37351,291,0,VideoPacket
1773458946144596,37352,291,0,VideoPacket
1773458946144670,37353,291,0,VideoPacket
1773458946144741,37354,291,0,VideoPacket
1773458946144813,37355,291,0,VideoPacket
1773458946144883,37356,291,0,VideoPacket
1773458946144955,37357,291,0,VideoPacket
1773458946145045,37358,291,0,VideoPacket
1773458946145119,37359,291,0,VideoPacket
1773458946145188,37360,291,0,VideoPacket
1773458946145261,37361,291,0,VideoPacket
1773458946145335,37362,291,0,VideoPacket
1773458946145405,37363,291,0,VideoPacket
1773458946145477,37364,291,0,VideoPacket
1773458946145550,37365,291,0,VideoPacket
1773458946145629,37366,291,0,VideoPacket
1773458946145693,37367,291,0,VideoPacket
1773458946145761,37368,291,0,VideoPacket
1773458946145832,37369,291,0,VideoPacket
1773458946145903,37370,291,0,VideoPacket
1773458946145973,37371,291,0,VideoPacket
1773458946146042,37372,291,0,VideoPacket
1773458946146116,37373,291,0,VideoPacket
1773458946146186,37374,291,0,VideoPacket
1773458946146259,37375,291,0,VideoPacket
1773458946146331,37376,291,0,VideoPacket
1773458946146407,37377,291,0,VideoPacket
1773458946146483,37378,1059,0,VideoPacket
1773458946146554,37379,1059,0,VideoPacket
1773458946210939,37380,1059,0,VideoPacket
1773458946211057,37381,1059,0,VideoPacket
1773458946211130,37382,1059,0,VideoPacket
1773458946211199,37383,1059,0,VideoPacket
1773458946211265,37384,1059,0,VideoPacket
1773458946211334,37385,803,0,VideoPacket
1773458946211399,37386,803,0,VideoPacket
1773458946211463,37387,803,0,VideoPacket
1773458946211531,37388,803,0,VideoPacket
1773458946211601,37389,803,0,VideoPacket
1773458946211667,37390,803,0,VideoPacket
1773458946211734,37391,803,0,VideoPacket
1773458946211801,37392,803,0,VideoPacket
1773458946211867,37393,803,0,VideoPacket
1773458946211936,37394,803,0,VideoPacket
1773458946212001,37395,803,0,VideoPacket
1773458946327274,37396,803,0,VideoPacket
1773458946327396,37397,803,0,VideoPacket
1773458946327474,37398,803,0,VideoPacket
1773458946327537,37399,803,0,VideoPacket
1773458946327614,37400,803,0,VideoPacket
1773458946327679,37401,803,0,VideoPacket
1773458946327743,37402,803,0,VideoPacket
1773458946327807,37403,803,0,VideoPacket
1773458946327870,37404,803,0,VideoPacket
1773458946327937,37405,547,0,VideoPacket
1773458946328001,37406,547,0,VideoPacket
1773458946328077,37407,547,0,VideoPacket
1773458946328143,37408,547,0,VideoPacket
1773458946328206,37409,547,0,VideoPacket
1773458946328268,37410,547,0,VideoPacket
1773458946328331,37411,547,0,VideoPacket
1773458946328395,37412,547,0,VideoPacket
1773458946328461,37413,547,0,VideoPacket
1773458946328523,37414,547,0,VideoPacket
1773458946328594,37415,547,0,VideoPacket
1773458946328659,37416,547,0,VideoPacket
1773458946380618,37417,547,0,VideoPacket
1773458946380721,37418,547,0,VideoPacket
1773458946380790,37419,547,0,VideoPacket
1773458946380856,37420,547,0,VideoPacket
1773458946380923,37421,547,0,VideoPacket
1773458946380989,37422,291,0,VideoPacket
1773458946381048,37423,291,0,VideoPacket
1773458946381112,37424,291,0,VideoPacket
1773458946381177,37425,291,0,VideoPacket
1773458946381244,37426,291,0,VideoPacket
1773458946381339,37427,291,0,VideoPacket
1773458946381437,37428,291,0,VideoPacket
1773458946381540,37429,291,0,VideoPacket
1773458946381640,37430,291,0,VideoPacket
1773458946381737,37431,291,0,VideoPacket
1773458946381827,37432,291,0,VideoPacket
1773458946381914,37433,291,0,VideoPacket
1773458946382011,37434,291,0,VideoPacket
1773458946382107,37435,291,0,VideoPacket
1773458946382214,37436,291,0,VideoPacket
1773458946382317,37437,291,0,VideoPacket
1773458946382420,37438,291,0,VideoPacket
1773458946382520,37439,291,0,VideoPacket
1773458946382635,37440,291,0,VideoPacket
1773458946382740,37441,291,0,VideoPacket
1773458946382842,37442,291,0,VideoPacket
1773458946382948,37443,291,0,VideoPacket
1773458946383052,37444,291,0,VideoPacket
1773458946383157,37445,291,0,VideoPacket
1773458946383258,37446,291,0,VideoPacket
1773458946383360,37447,291,0,VideoPacket
1773458946383472,37448,291,0,VideoPacket
1773458946383589,37449,291,0,VideoPacket
1773458946383698,37450,291,0,VideoPacket
1773458946501383,37451,291,0,VideoPacket
1773458946501499,37452,291,0,VideoPacket
1773458946501574,37453,291,0,VideoPacket
1773458946501652,37454,291,0,VideoPacket
1773458946501721,37455,291,0,VideoPacket
1773458946501786,37456,291,0,VideoPacket
1773458946501866,37457,291,0,VideoPacket
1773458946501935,37458,291,0,VideoPacket
1773458946502002,37459,291,0,VideoPacket
1773458946502065,37460,291,0,VideoPacket
1773458946502130,37461,291,0,VideoPacket
1773458946502196,37462,291,0,VideoPacket
1773458946502263,37463,291,0,VideoPacket
1773458946502334,37464,291,0,VideoPacket
1773458946502406,37465,291,0,VideoPacket
1773458946502475,37466,291,0,VideoPacket
1773458946502541,37467,291,0,VideoPacket
1773458946502619,37468,291,0,VideoPacket
1773458946502684,37469,291,0,VideoPacket
1773458946502750,37470,291,0,VideoPacket
1773458946502812,37471,291,0,VideoPacket
1773458946651447,37472,291,0,VideoPacket
1773458946651570,37473,291,0,VideoPacket
1773458946651655,37474,291,0,VideoPacket
1773458946651720,37475,291,0,VideoPacket
1773458946651784,37476,291,0,VideoPacket
1773458946651848,37477,291,0,VideoPacket
1773458946651913,37478,291,0,VideoPacket
1773458946651977,37479,291,0,VideoPacket
1773458946652056,37480,291,0,VideoPacket
1773458946652126,37481,291,0,VideoPacket
1773458946652191,37482,291,0,VideoPacket
1773458946652259,37483,291,0,VideoPacket
1773458946652316,37484,291,0,VideoPacket
1773458946652382,37485,291,0,VideoPacket
1773458946652446,37486,291,0,VideoPacket
1773458946652511,37487,291,0,VideoPacket
1773458946652584,37488,291,0,VideoPacket
1773458946652649,37489,291,0,VideoPacket
1773458946652713,37490,291,0,VideoPacket
1773458946652776,37491,291,0,VideoPacket
1773458946652838,37492,291,0,VideoPacket
1773458946652905,37493,291,0,VideoPacket
1773458946652968,37494,291,0,VideoPacket
1773458946653032,37495,291,0,VideoPacket
1773458946653095,37496,291,0,VideoPacket
1773458946653159,37497,291,0,VideoPacket
1773458946653222,37498,291,0,VideoPacket
1773458946653286,37499,291,0,VideoPacket
1773458946653357,37500,291,0,VideoPacket
1773458946653421,37501,291,0,VideoPacket
1773458946653485,37502,291,0,VideoPacket
1773458946653548,37503,291,0,VideoPacket
1773458946653621,37504,291,0,VideoPacket
1773458946653687,37505,291,0,VideoPacket
1773458946653750,37506,291,0,VideoPacket
1773458946653814,37507,291,0,VideoPacket
1773458946653879,37508,291,0,VideoPacket
1773458946653945,37509,291,0,VideoPacket
1773458946654008,37510,291,0,VideoPacket
1773458946654071,37511,291,0,VideoPacket
1773458946654140,37512,291,0,VideoPacket
1773458946654204,37513,291,0,VideoPacket
1773458946654271,37514,291,0,VideoPacket
1773458946654337,37515,291,0,VideoPacket
1773458946654399,37516,291,0,VideoPacket
1773458946654467,37517,291,0,VideoPacket
1773458946654530,37518,291,0,VideoPacket
1773458946654606,37519,291,0,VideoPacket
1773458946654671,37520,291,0,VideoPacket
1773458946654735,37521,291,0,VideoPacket
1773458946654799,37522,291,0,VideoPacket
1773458946654863,37523,291,0,VideoPacket
1773458946654927,37524,291,0,VideoPacket
1773458946654990,37525,291,0,VideoPacket
1773458946655054,37526,291,0,VideoPacket
1773458946655118,37527,291,0,VideoPacket
1773458946655181,37528,291,0,VideoPacket
1773458946655240,37529,291,0,VideoPacket
1773458946655304,37530,291,0,VideoPacket
1773458946655367,37531,291,0,VideoPacket
1773458946655430,37532,291,0,VideoPacket
1773458946655495,37533,291,0,VideoPacket
1773458946655558,37534,291,0,VideoPacket
1773458946693496,37535,291,0,VideoPacket
1773458946693603,37536,291,0,VideoPacket
1773458946693672,37537,291,0,VideoPacket
1773458946693735,37538,291,0,VideoPacket
1773458946693799,37539,291,0,VideoPacket
1773458946693861,37540,291,0,VideoPacket
1773458946693927,37541,291,0,VideoPacket
1773458946693992,37542,291,0,VideoPacket
1773458946694057,37543,291,0,VideoPacket
1773458946694119,37544,291,0,VideoPacket
1773458946694184,37545,291,0,VideoPacket
1773458946694246,37546,291,0,VideoPacket
1773458946694312,37547,291,0,VideoPacket
1773458946694396,37548,291,0,VideoPacket
1773458946694462,37549,291,0,VideoPacket
1773458946694524,37550,291,0,VideoPacket
1773458946694598,37551,291,0,VideoPacket
1773458946694663,37552,291,0,VideoPacket
1773458946694727,37553,291,0,VideoPacket
1773458946694790,37554,291,0,VideoPacket
1773458946694853,37555,291,0,VideoPacket
1773458946740655,37556,291,0,VideoPacket
1773458946740797,37557,291,0,VideoPacket
1773458946740869,37558,291,0,VideoPacket
1773458946740932,37559,291,0,VideoPacket
1773458946740994,37560,291,0,VideoPacket
1773458946741058,37561,291,0,VideoPacket
1773458946741122,37562,291,0,VideoPacket
1773458946741186,37563,291,0,VideoPacket
1773458946741248,37564,291,0,VideoPacket
1773458946741310,37565,291,0,VideoPacket
1773458946741373,37566,291,0,VideoPacket
1773458946741437,37567,291,0,VideoPacket
1773458946741499,37568,291,0,VideoPacket
1773458946741562,37569,291,0,VideoPacket
1773458946741639,37570,291,0,VideoPacket
1773458946741703,37571,291,0,VideoPacket
1773458946741766,37572,291,0,VideoPacket
1773458946741829,37573,291,0,VideoPacket
1773458946741893,37574,291,0,VideoPacket
1773458946741957,37575,291,0,VideoPacket
1773458946742020,37576,291,0,VideoPacket
1773458946886356,37577,291,0,VideoPacket
1773458946886600,37578,291,0,VideoPacket
1773458946886713,37579,291,0,VideoPacket
1773458946886815,37580,291,0,VideoPacket
1773458946886922,37581,291,0,VideoPacket
1773458946887028,37582,291,0,VideoPacket
1773458946887129,37583,291,0,VideoPacket
1773458946887229,37584,291,0,VideoPacket
1773458946887322,37585,291,0,VideoPacket
1773458946887395,37586,291,0,VideoPacket
1773458946887464,37587,291,0,VideoPacket
1773458946887528,37588,291,0,VideoPacket
1773458946887608,37589,291,0,VideoPacket
1773458946887674,37590,291,0,VideoPacket
1773458946887740,37591,291,0,VideoPacket
1773458946887812,37592,291,0,VideoPacket
1773458946887882,37593,291,0,VideoPacket
1773458946887942,37594,291,0,VideoPacket
1773458946888012,37595,291,0,VideoPacket
1773458946888097,37596,291,0,VideoPacket
1773458946888173,37597,291,0,VideoPacket
1773458946888242,37598,291,0,VideoPacket
1773458946888312,37599,291,0,VideoPacket
1773458946888382,37600,291,0,VideoPacket
1773458946888453,37601,291,0,VideoPacket
1773458946888520,37602,291,0,VideoPacket
1773458946888598,37603,291,0,VideoPacket
1773458946888668,37604,291,0,VideoPacket
1773458946888745,37605,291,0,VideoPacket
1773458946888814,37606,291,0,VideoPacket
1773458946888882,37607,291,0,VideoPacket
1773458946888949,37608,291,0,VideoPacket
1773458946889022,37609,291,0,VideoPacket
1773458946889093,37610,291,0,VideoPacket
1773458946889161,37611,291,0,VideoPacket
1773458946889229,37612,291,0,VideoPacket
1773458946889294,37613,291,0,VideoPacket
1773458946889355,37614,291,0,VideoPacket
1773458946889419,37615,291,0,VideoPacket
1773458946889489,37616,803,0,VideoPacket
1773458946889558,37617,803,0,VideoPacket
1773458946889637,37618,803,0,VideoPacket
1773458946889706,37619,803,0,VideoPacket
1773458946889780,37620,803,0,VideoPacket
1773458946889851,37621,803,0,VideoPacket
1773458946889927,37622,291,0,VideoPacket
1773458946889995,37623,291,0,VideoPacket
1773458946890063,37624,291,0,VideoPacket
1773458946890132,37625,291,0,VideoPacket
1773458946890199,37626,291,0,VideoPacket
1773458946890268,37627,291,0,VideoPacket
1773458946890331,37628,291,0,VideoPacket
1773458946890399,37629,291,0,VideoPacket
1773458946890463,37630,291,0,VideoPacket
1773458946890531,37631,291,0,VideoPacket
1773458946890603,37632,291,0,VideoPacket
1773458946890673,37633,291,0,VideoPacket
1773458946890741,37634,291,0,VideoPacket
1773458946890808,37635,291,0,VideoPacket
1773458946890878,37636,291,0,VideoPacket
1773458946890950,37637,291,0,VideoPacket
1773458946891013,37638,291,0,VideoPacket
1773458946891084,37639,291,0,VideoPacket
1773458946891147,37640,291,0,VideoPacket
1773458946891218,37641,291,0,VideoPacket
1773458946891287,37642,291,0,VideoPacket
1773458946891358,37643,291,0,VideoPacket
1773458946891430,37644,291,0,VideoPacket
1773458946891494,37645,291,0,VideoPacket
1773458946891560,37646,291,0,VideoPacket
1773458946891639,37647,291,0,VideoPacket
1773458946891710,37648,291,0,VideoPacket
1773458946891780,37649,291,0,VideoPacket
1773458946891853,37650,291,0,VideoPacket
1773458946928873,37651,291,0,VideoPacket
1773458946929046,37652,291,0,VideoPacket
1773458946929122,37653,291,0,VideoPacket
1773458946929196,37654,291,0,VideoPacket
1773458946929266,37655,291,0,VideoPacket
1773458946929331,37656,291,0,VideoPacket
1773458946929421,37657,291,0,VideoPacket
1773458946929490,37658,291,0,VideoPacket
1773458946929560,37659,291,0,VideoPacket
1773458946929638,37660,291,0,VideoPacket
1773458946929705,37661,291,0,VideoPacket
1773458946929777,37662,291,0,VideoPacket
1773458946929851,37663,291,0,VideoPacket
1773458946929921,37664,291,0,VideoPacket
1773458946929987,37665,291,0,VideoPacket
1773458946930057,37666,291,0,VideoPacket
1773458946930124,37667,291,0,VideoPacket
1773458946930194,37668,291,0,VideoPacket
1773458946930267,37669,291,0,VideoPacket
1773458946930337,37670,291,0,VideoPacket
1773458946930407,37671,291,0,VideoPacket
1773458947042601,17250,293,0,Retransmission:35580
1773458947042708,37672,291,0,VideoPacket
1773458947042796,37673,291,0,VideoPacket
1773458947042876,37674,291,0,VideoPacket
1773458947042947,37675,291,0,VideoPacket
1773458947043018,37676,291,0,VideoPacket
1773458947043089,37677,291,0,VideoPacket
1773458947043158,37678,291,0,VideoPacket
1773458947043223,37679,291,0,VideoPacket
1773458947043291,37680,291,0,VideoPacket
1773458947043359,37681,291,0,VideoPacket
1773458947043428,37682,291,0,VideoPacket
1773458947043497,37683,291,0,VideoPacket
1773458947043567,37684,291,0,VideoPacket
1773458947043647,37685,291,0,VideoPacket
1773458947043718,37686,291,0,VideoPacket
1773458947043786,37687,291,0,VideoPacket
1773458947043857,37688,291,0,VideoPacket
1773458947043922,37689,291,0,VideoPacket
1773458947043991,37690,291,0,VideoPacket
1773458947044082,37691,291,0,VideoPacket
1773458947044162,37692,291,0,VideoPacket
1773458947044234,37693,291,0,VideoPacket
1773458947044302,37694,803,0,VideoPacket
1773458947044374,37695,803,0,VideoPacket
1773458947044445,37696,803,0,VideoPacket
1773458947054539,37697,547,0,VideoPacket
1773458947054763,37698,547,0,VideoPacket
1773458947054874,37699,547,0,VideoPacket
1773458947054980,37700,547,0,VideoPacket
1773458947055062,37701,547,0,VideoPacket
1773458947055132,37702,547,0,VideoPacket
1773458947055207,37703,547,0,VideoPacket
1773458947055273,37704,547,0,VideoPacket
1773458947078604,37705,291,0,VideoPacket
1773458947078702,37706,291,0,VideoPacket
1773458947078814,37707,291,0,VideoPacket
1773458947078919,37708,291,0,VideoPacket
1773458947079032,37709,291,0,VideoPacket
1773458947079163,37710,291,0,VideoPacket
1773458947079250,37711,291,0,VideoPacket
1773458947079321,37712,291,0,VideoPacket
1773458947079393,37713,291,0,VideoPacket
1773458947079465,37714,291,0,VideoPacket
1773458947079537,37715,291,0,VideoPacket
1773458947079612,37716,291,0,VideoPacket
1773458947079685,37717,291,0,VideoPacket
1773458947079759,37718,291,0,VideoPacket
1773458947079824,37719,291,0,VideoPacket
1773458947079891,37720,291,0,VideoPacket
1773458947079961,37721,291,0,VideoPacket
1773458947080033,37722,291,0,VideoPacket
1773458947080120,37723,291,0,VideoPacket
1773458947186302,37724,291,0,VideoPacket
1773458947186430,37725,291,0,VideoPacket
1773458947186501,37726,291,0,VideoPacket
1773458947186572,37727,291,0,VideoPacket
1773458947186655,37728,291,0,VideoPacket
1773458947186729,37729,291,0,VideoPacket
1773458947186797,37730,291,0,VideoPacket
1773458947186868,37731,291,0,VideoPacket
1773458947186941,37732,291,0,VideoPacket
1773458947187015,37733,291,0,VideoPacket
1773458947187091,37734,291,0,VideoPacket
1773458947187166,37735,291,0,VideoPacket
1773458947187237,37736,291,0,VideoPacket
1773458947187314,37737,291,0,VideoPacket
1773458947187393,37738,291,0,VideoPacket
1773458947187464,37739,291,0,VideoPacket
1773458947187537,37740,291,0,VideoPacket
1773458947187619,37741,291,0,VideoPacket
1773458947187694,37742,291,0,VideoPacket
1773458947187764,37743,291,0,VideoPacket
1773458947187831,37744,291,0,VideoPacket
1773458947187908,37745,291,0,VideoPacket
1773458947187979,37746,291,0,VideoPacket
1773458947310055,37747,291,0,VideoPacket
1773458947310210,37748,291,0,VideoPacket
1773458947310279,37749,291,0,VideoPacket
1773458947310350,37750,291,0,VideoPacket
1773458947310417,37751,291,0,VideoPacket
1773458947310484,37752,291,0,VideoPacket
1773458947310552,37753,291,0,VideoPacket
1773458947310632,37754,291,0,VideoPacket
1773458947310701,37755,291,0,VideoPacket
1773458947310784,37756,291,0,VideoPacket
1773458947310852,37757,291,0,VideoPacket
1773458947310919,37758,291,0,VideoPacket
1773458947310986,37759,291,0,VideoPacket
1773458947311053,37760,291,0,VideoPacket
1773458947311116,37761,291,0,VideoPacket
1773458947311183,37762,291,0,VideoPacket
1773458947311251,37763,291,0,VideoPacket
1773458947311318,37764,291,0,VideoPacket
1773458947311384,37765,291,0,VideoPacket
1773458947311452,37766,291,0,VideoPacket
1773458947311520,37767,291,0,VideoPacket
1773458947369477,37768,291,0,VideoPacket
1773458947369596,37769,291,0,VideoPacket
1773458947369674,37770,291,0,VideoPacket
1773458947369744,37771,291,0,VideoPacket
1773458947369818,37772,291,0,VideoPacket
1773458947369889,37773,291,0,VideoPacket
1773458947369963,37774,291,0,VideoPacket
1773458947370033,37775,291,0,VideoPacket
1773458947370104,37776,291,0,VideoPacket
1773458947370177,37777,291,0,VideoPacket
1773458947370251,37778,291,0,VideoPacket
1773458947370326,37779,291,0,VideoPacket
1773458947370398,37780,291,0,VideoPacket
1773458947370467,37781,291,0,VideoPacket
1773458947370539,37782,291,0,VideoPacket
1773458947370621,37783,291,0,VideoPacket
1773458947370703,37784,291,0,VideoPacket
1773458947370775,37785,291,0,VideoPacket
1773458947370847,37786,291,0,VideoPacket
1773458947370922,37787,291,0,VideoPacket
1773458947370993,37788,291,0,VideoPacket
1773458947414193,37789,291,0,VideoPacket
1773458947414314,37790,291,0,VideoPacket
1773458947414389,37791,291,0,VideoPacket
1773458947414461,37792,291,0,VideoPacket
1773458947414533,37793,291,0,VideoPacket
1773458947414616,37794,291,0,VideoPacket
1773458947414692,37795,291,0,VideoPacket
1773458947414766,37796,291,0,VideoPacket
1773458947414844,37797,291,0,VideoPacket
1773458947414911,37798,291,0,VideoPacket
1773458947414980,37799,291,0,VideoPacket
1773458947415051,37800,291,0,VideoPacket
1773458947415121,37801,291,0,VideoPacket
1773458947415192,37802,291,0,VideoPacket
1773458947415267,37803,291,0,VideoPacket
1773458947415337,37804,291,0,VideoPacket
1773458947415410,37805,291,0,VideoPacket
1773458947532462,37806,291,0,VideoPacket
1773458947532590,37807,291,0,VideoPacket
1773458947532666,37808,291,0,VideoPacket
1773458947532744,37809,291,0,VideoPacket
1773458947532816,37810,291,0,VideoPacket
1773458947532885,37811,291,0,VideoPacket
1773458947532957,37812,547,0,VideoPacket
1773458947533037,37813,547,0,VideoPacket
1773458947533109,37814,547,0,VideoPacket
1773458947533183,37815,547,0,VideoPacket
1773458947533254,37816,547,0,VideoPacket
1773458947533327,37817,291,0,VideoPacket
1773458947533398,37818,291,0,VideoPacket
1773458947533466,37819,291,0,VideoPacket
1773458947533534,37820,291,0,VideoPacket
1773458947533620,37821,291,0,VideoPacket
1773458947533692,37822,291,0,VideoPacket
1773458947533764,37823,291,0,VideoPacket
1773458947533835,37824,291,0,VideoPacket
1773458947533906,37825,291,0,VideoPacket
1773458947533980,37826,291,0,VideoPacket
1773458947534051,37827,291,0,VideoPacket
1773458947534124,37828,291,0,VideoPacket
1773458947534201,37829,291,0,VideoPacket
1773458947534271,37830,291,0,VideoPacket
1773458947534341,37831,291,0,VideoPacket
1773458947534414,37832,291,0,VideoPacket
1773458947534490,37833,291,0,VideoPacket
1773458947534566,37834,291,0,VideoPacket
1773458947534646,37835,291,0,VideoPacket
1773458947534721,37836,291,0,VideoPacket
1773458947534795,37837,291,0,VideoPacket
1773458947534865,37838,291,0,VideoPacket
1773458947551790,17251,293,0,Retransmission:35698
1773458947577617,37839,291,0,VideoPacket
1773458947577715,37840,291,0,VideoPacket
1773458947577792,37841,291,0,VideoPacket
1773458947577865,37842,291,0,VideoPacket
1773458947577939,37843,291,0,VideoPacket
1773458947578013,37844,291,0,VideoPacket
1773458947578087,37845,291,0,VideoPacket
1773458947578162,37846,291,0,VideoPacket
1773458947578235,37847,291,0,VideoPacket
1773458947578311,37848,291,0,VideoPacket
1773458947578375,37849,291,0,VideoPacket
1773458947578437,37850,291,0,VideoPacket
1773458947578504,37851,291,0,VideoPacket
1773458947578587,37852,291,0,VideoPacket
1773458947578662,37853,291,0,VideoPacket
1773458947578737,37854,291,0,VideoPacket
1773458947578820,37855,291,0,VideoPacket
1773458947648940,37856,291,0,VideoPacket
1773458947649051,37857,291,0,VideoPacket
1773458947649126,37858,291,0,VideoPacket
1773458947649201,37859,291,0,VideoPacket
1773458947649282,37860,291,0,VideoPacket
1773458947649353,37861,291,0,VideoPacket
1773458947649424,37862,291,0,VideoPacket
1773458947649493,37863,291,0,VideoPacket
1773458947649557,37864,291,0,VideoPacket
1773458947649640,37865,291,0,VideoPacket
1773458947649715,37866,291,0,VideoPacket
1773458947649786,37867,291,0,VideoPacket
1773458947649861,37868,291,0,VideoPacket
1773458947649933,37869,291,0,VideoPacket
1773458947650003,37870,291,0,VideoPacket
1773458947650080,37871,291,0,VideoPacket
1773458947650154,37872,291,0,VideoPacket
1773458947806942,37873,291,0,VideoPacket
1773458947807114,37874,291,0,VideoPacket
1773458947807211,37875,291,0,VideoPacket
1773458947807310,37876,291,0,VideoPacket
1773458947807410,37877,291,0,VideoPacket
1773458947807513,37878,291,0,VideoPacket
1773458947807634,37879,291,0,VideoPacket
1773458947807743,37880,291,0,VideoPacket
1773458947807852,37881,291,0,VideoPacket
1773458947807957,37882,291,0,VideoPacket
1773458947808078,37883,291,0,VideoPacket
1773458947808191,37884,291,0,VideoPacket
1773458947808293,37885,291,0,VideoPacket
1773458947808421,37886,291,0,VideoPacket
1773458947808523,37887,291,0,VideoPacket
1773458947808635,37888,291,0,VideoPacket
1773458947808736,37889,291,0,VideoPacket
1773458947808836,37890,291,0,VideoPacket
1773458947808934,37891,291,0,VideoPacket
1773458947809035,37892,291,0,VideoPacket
1773458947809133,37893,291,0,VideoPacket
1773458947809232,37894,291,0,VideoPacket
1773458947809332,37895,291,0,VideoPacket
1773458947809431,37896,291,0,VideoPacket
1773458947809529,37897,291,0,VideoPacket
1773458947809648,37898,291,0,VideoPacket
1773458947809748,37899,291,0,VideoPacket
1773458947809849,37900,291,0,VideoPacket
1773458947809948,37901,291,0,VideoPacket
1773458947810049,37902,291,0,VideoPacket
1773458947899083,17252,549,0,Retransmission:35708
1773458947899203,17253,293,0,Retransmission:35631
1773458947899335,17254,293,0,Retransmission:35632
1773458947927393,37903,291,0,VideoPacket
1773458947927518,37904,291,0,VideoPacket
1773458947927607,37905,291,0,VideoPacket
1773458947927692,37906,291,0,VideoPacket
1773458947927787,37907,291,0,VideoPacket
1773458947927875,37908,291,0,VideoPacket
1773458947927961,37909,291,0,VideoPacket
1773458947928060,37910,291,0,VideoPacket
1773458947928149,37911,291,0,VideoPacket
1773458947928239,37912,291,0,VideoPacket
1773458947928329,37913,291,0,VideoPacket
1773458947928420,37914,291,0,VideoPacket
1773458947928510,37915,291,0,VideoPacket
1773458947928603,37916,291,0,VideoPacket
1773458947928694,37917,291,0,VideoPacket
1773458947928777,37918,291,0,VideoPacket
1773458947928865,37919,291,0,VideoPacket
1773458948014919,37920,291,0,VideoPacket
1773458948015036,37921,291,0,VideoPacket
1773458948015120,37922,291,0,VideoPacket
1773458948015209,37923,291,0,VideoPacket
1773458948015299,37924,291,0,VideoPacket
1773458948015383,37925,291,0,VideoPacket
1773458948015472,37926,291,0,VideoPacket
1773458948015560,37927,291,0,VideoPacket
1773458948015662,37928,291,0,VideoPacket
1773458948015749,37929,291,0,VideoPacket
1773458948064172,37930,803,0,VideoPacket
1773458948064286,37931,803,0,VideoPacket
1773458948064367,37932,803,0,VideoPacket
1773458948274502,37933,291,0,VideoPacket
1773458948274704,37934,291,0,VideoPacket
1773458948274810,37935,291,0,VideoPacket
1773458948285136,17255,805,0,Retransmission:35713
1773458948285273,17256,805,0,Retransmission:35714
1773458948390306,37936,547,0,VideoPacket
1773458948390445,37937,547,0,VideoPacket
1773458948390520,37938,547,0,VideoPacket
1773458948390591,37939,547,0,VideoPacket
1773458948390662,37940,547,0,VideoPacket
1773458948390725,37941,547,0,VideoPacket
1773458948390789,37942,547,0,VideoPacket
1773458948547450,37943,291,0,VideoPacket
1773458948547591,37944,291,0,VideoPacket
1773458948547669,37945,291,0,VideoPacket
1773458948547737,37946,291,0,VideoPacket
1773458948547807,37947,291,0,VideoPacket
1773458948547894,37948,291,0,VideoPacket
1773458948547963,37949,291,0,VideoPacket
1773458948548030,37950,291,0,VideoPacket
1773458948548128,37951,291,0,VideoPacket
1773458948548198,37952,291,0,VideoPacket
1773458948548266,37953,291,0,VideoPacket
1773458948691153,37954,291,0,VideoPacket
1773458948691266,37955,291,0,VideoPacket
1773458948691343,37956,291,0,VideoPacket
1773458948691410,37957,291,0,VideoPacket
1773458948691485,37958,291,0,VideoPacket
1773458948779652,37959,291,0,VideoPacket
1773458948779759,37960,291,0,VideoPacket
1773458948779831,37961,291,0,VideoPacket
1773458948779907,37962,291,0,VideoPacket
1773458948779980,37963,291,0,VideoPacket
1773458948780071,37964,291,0,VideoPacket
1773458948780153,37965,291,0,VideoPacket
1773458948780227,37966,291,0,VideoPacket
1773458948780303,37967,291,0,VideoPacket
1773458948780375,37968,291,0,VideoPacket
1773458948780447,37969,291,0,VideoPacket
1773458948780521,37970,291,0,VideoPacket
1773458948780604,37971,291,0,VideoPacket
1773458948780678,37972,291,0,VideoPacket
1773458948780751,37973,291,0,VideoPacket
1773458948780824,37974,291,0,VideoPacket
1773458948832858,37975,547,0,VideoPacket
1773458948832959,37976,547,0,VideoPacket
1773458948833032,37977,547,0,VideoPacket
1773458948833105,37978,547,0,VideoPacket
1773458948833178,37979,547,0,VideoPacket
1773458948833250,37980,547,0,VideoPacket
1773458948833323,37981,547,0,VideoPacket
1773458948833398,37982,547,0,VideoPacket
1773458948913588,37983,547,0,VideoPacket
1773458948913689,37984,547,0,VideoPacket
1773458948913765,37985,547,0,VideoPacket
1773458949136524,37986,803,0,VideoPacket
1773458949136658,37987,803,0,VideoPacket
1773458949136737,37988,803,0,VideoPacket
1773458949136812,37989,803,0,VideoPacket
1773458949136889,37990,803,0,VideoPacket
1773458949252515,37991,291,0,VideoPacket
1773458949252629,37992,291,0,VideoPacket
1773458949252703,37993,291,0,VideoPacket
1773458949252779,37994,291,0,VideoPacket
1773458949252852,37995,291,0,VideoPacket
1773458949252926,37996,291,0,VideoPacket
1773458949252999,37997,291,0,VideoPacket
1773458949253073,37998,291,0,VideoPacket
1773458949253146,37999,291,0,VideoPacket
1773458949253217,38000,291,0,VideoPacket
1773458949253290,38001,291,0,VideoPacket
1773458949253380,38002,291,0,VideoPacket
1773458949253486,38003,291,0,VideoPacket
1773458949420055,38004,291,0,VideoPacket
1773458949420156,38005,291,0,VideoPacket
1773458949420231,38006,291,0,VideoPacket
1773458949420303,38007,291,0,VideoPacket
1773458949420376,38008,291,0,VideoPacket
1773458949503088,38009,291,0,VideoPacket
1773458949503194,38010,291,0,VideoPacket
1773458949503303,38011,291,0,VideoPacket
1773458949503384,38012,291,0,VideoPacket
1773458949503457,38013,291,0,VideoPacket
1773458949503530,38014,291,0,VideoPacket
1773458949503613,38015,291,0,VideoPacket
1773458949503691,38016,291,0,VideoPacket
1773458949503763,38017,291,0,VideoPacket
1773458949503835,38018,291,0,VideoPacket
1773458949503907,38019,291,0,VideoPacket
1773458949503978,38020,291,0,VideoPacket
1773458949504068,38021,291,0,VideoPacket
1773458949727203,38022,547,0,VideoPacket
1773458949727326,38023,547,0,VideoPacket
1773458949727397,38024,547,0,VideoPacket
1773458949727485,38025,547,0,VideoPacket
1773458949727583,38026,547,0,VideoPacket
1773458949833752,38027,291,0,VideoPacket
1773458949833862,38028,291,0,VideoPacket
1773458949833935,38029,291,0,VideoPacket
1773458949834005,38030,291,0,VideoPacket
1773458949834074,38031,291,0,VideoPacket
1773458949834149,38032,291,0,VideoPacket
1773458949972377,38033,291,0,VideoPacket
1773458949972477,38034,291,0,VideoPacket
1773458949972554,38035,291,0,VideoPacket
1773458949972639,38036,291,0,VideoPacket
1773458949972712,38037,291,0,VideoPacket
1773458949972784,38038,291,0,VideoPacket
1773458949972857,38039,291,0,VideoPacket
1773458949972930,38040,291,0,VideoPacket
1773458949973004,38041,291,0,VideoPacket
1773458949973075,38042,291,0,VideoPacket
1773458949973148,38043,291,0,VideoPacket
1773458949973227,38044,291,0,VideoPacket
1773458949973308,38045,291,0,VideoPacket
1773458950099292,38046,803,0,VideoPacket
1773458950099400,38047,803,0,VideoPacket
1773458950099488,38048,803,0,VideoPacket
1773458950315215,38049,291,0,VideoPacket
1773458950315338,38050,291,0,VideoPacket
1773458950315411,38051,291,0,VideoPacket
1773458950315479,38052,291,0,VideoPacket
1773458950315548,38053,291,0,VideoPacket
1773458950383893,38054,1315,0,VideoPacket
1773458950384000,38055,1315,0,VideoPacket
1773458950491153,38056,803,0,VideoPacket
1773458950491268,38057,803,0,VideoPacket
1773458950491351,38058,803,0,VideoPacket
1773458950667598,38059,291,0,VideoPacket
1773458950667717,38060,291,0,VideoPacket
1773458950667787,38061,291,0,VideoPacket
1773458950667856,38062,291,0,VideoPacket
1773458950667922,38063,291,0,VideoPacket
1773458950667989,38064,291,0,VideoPacket
1773458950668077,38065,291,0,VideoPacket
1773458950897900,38066,291,0,VideoPacket
1773458950897998,38067,291,0,VideoPacket
1773458950898067,38068,291,0,VideoPacket
1773458950898135,38069,291,0,VideoPacket
1773458950898203,38070,291,0,VideoPacket
1773458950898267,38071,291,0,VideoPacket
1773458950898339,38072,291,0,VideoPacket
1773458950898405,38073,291,0,VideoPacket
1773458950898474,38074,291,0,VideoPacket
1773458950898539,38075,291,0,VideoPacket
1773458950898614,38076,291,0,VideoPacket
1773458950998638,38077,291,0,VideoPacket
1773458950998758,38078,291,0,VideoPacket
1773458950998832,38079,291,0,VideoPacket
1773458950998899,38080,803,0,VideoPacket
1773458950998963,38081,803,0,VideoPacket
1773458950999029,38082,803,0,VideoPacket
1773458951124061,38083,291,0,VideoPacket
1773458951124168,38084,291,0,VideoPacket
1773458951124235,38085,291,0,VideoPacket
1773458951124291,38086,291,0,VideoPacket
1773458951124357,38087,291,0,VideoPacket
1773458951124424,38088,291,0,VideoPacket
1773458951124492,38089,291,0,VideoPacket
1773458951124559,38090,291,0,VideoPacket
1773458951124640,38091,291,0,VideoPacket
1773458951124710,38092,291,0,VideoPacket
1773458951124780,38093,291,0,VideoPacket
1773458951201789,38094,291,0,VideoPacket
1773458951201894,38095,291,0,VideoPacket
1773458951201960,38096,291,0,VideoPacket
1773458951202029,38097,803,0,VideoPacket
1773458951202095,38098,803,0,VideoPacket
1773458951202158,38099,803,0,VideoPacket
1773458951314597,17257,805,0,Retransmission:35766
1773458951314745,38100,803,0,VideoPacket
1773458951314867,17258,293,0,Retransmission:35774
1773458951353179,38101,803,0,VideoPacket
1773458951353277,38102,803,0,VideoPacket
1773458951353350,38103,803,0,VideoPacket
1773458951353417,38104,803,0,VideoPacket
1773458951353485,38105,803,0,VideoPacket
1773458951449275,38106,803,0,VideoPacket
1773458951449390,38107,803,0,VideoPacket
1773458951449467,38108,803,0,VideoPacket
1773458951449534,38109,803,0,VideoPacket
1773458951449616,38110,291,0,VideoPacket
1773458951449687,38111,291,0,VideoPacket
1773458951449755,38112,291,0,VideoPacket
1773458951449823,38113,291,0,VideoPacket
1773458951449894,38114,291,0,VideoPacket
1773458951449960,38115,291,0,VideoPacket
1773458951450029,38116,291,0,VideoPacket
1773458951450097,38117,291,0,VideoPacket
1773458951450166,38118,291,0,VideoPacket
1773458951450234,38119,291,0,VideoPacket
1773458951450298,38120,291,0,VideoPacket
1773458951569257,38121,291,0,VideoPacket
1773458951569355,38122,291,0,VideoPacket
1773458951569431,38123,291,0,VideoPacket
1773458951569499,38124,291,0,VideoPacket
1773458951569568,38125,291,0,VideoPacket
1773458951569642,38126,291,0,VideoPacket
1773458951569707,38127,291,0,VideoPacket
1773458951569775,38128,291,0,VideoPacket
1773458951696500,38129,803,0,VideoPacket
1773458951696613,38130,803,0,VideoPacket
1773458951696674,38131,803,0,VideoPacket
1773458951696737,38132,803,0,VideoPacket
1773458951831421,17259,805,0,Retransmission:35791
1773458951831526,38133,803,0,VideoPacket
1773458951831615,38134,803,0,VideoPacket
1773458951933599,38135,291,0,VideoPacket
1773458951933737,38136,291,0,VideoPacket
1773458951933826,38137,291,0,VideoPacket
1773458951933911,38138,291,0,VideoPacket
1773458951933987,38139,291,0,VideoPacket
1773458951934056,38140,291,0,VideoPacket
1773458951934124,38141,291,0,VideoPacket
1773458951934190,38142,291,0,VideoPacket
1773458951934263,38143,291,0,VideoPacket
1773458952031371,38144,291,0,VideoPacket
1773458952031483,38145,291,0,VideoPacket
1773458952031551,38146,291,0,VideoPacket
1773458952031635,38147,291,0,VideoPacket
1773458952031709,38148,291,0,VideoPacket
1773458952031777,38149,291,0,VideoPacket
1773458952031846,38150,291,0,VideoPacket
1773458952031914,38151,291,0,VideoPacket
1773458952031982,38152,291,0,VideoPacket
1773458952032062,38153,291,0,VideoPacket
1773458952032130,38154,291,0,VideoPacket
1773458952032197,38155,291,0,VideoPacket
1773458952032262,38156,291,0,VideoPacket
1773458952032327,38157,291,0,VideoPacket
1773458952032395,38158,291,0,VideoPacket
1773458952032461,38159,291,0,VideoPacket
1773458952032526,38160,291,0,VideoPacket
1773458952032600,38161,291,0,VideoPacket
1773458952257236,38162,803,0,VideoPacket
1773458952257334,38163,803,0,VideoPacket
1773458952257404,38164,803,0,VideoPacket
1773458952257471,38165,803,0,VideoPacket
1773458952321249,38166,1059,0,VideoPacket
1773458952321344,38167,1059,0,VideoPacket
1773458952321414,38168,1059,0,VideoPacket
1773458952463488,38169,1059,0,VideoPacket
1773458952463620,38170,291,0,VideoPacket
1773458952463693,38171,291,0,VideoPacket
1773458952463761,38172,291,0,VideoPacket
1773458952463826,38173,291,0,VideoPacket
1773458952463893,38174,291,0,VideoPacket
1773458952463963,38175,291,0,VideoPacket
1773458952464025,38176,291,0,VideoPacket
1773458952464112,38177,291,0,VideoPacket
1773458952464178,38178,291,0,VideoPacket
1773458952464243,38179,291,0,VideoPacket
1773458952464307,38180,291,0,VideoPacket
1773458952464374,38181,291,0,VideoPacket
1773458952464437,38182,291,0,VideoPacket
1773458952464508,38183,291,0,VideoPacket
1773458952464571,38184,291,0,VideoPacket
1773458952482863,17260,805,0,Retransmission:35796
1773458952557968,38185,291,0,VideoPacket
1773458952558061,38186,291,0,VideoPacket
1773458952558125,38187,291,0,VideoPacket
1773458952558188,38188,291,0,VideoPacket
1773458952558250,38189,291,0,VideoPacket
1773458952558314,38190,291,0,VideoPacket
1773458952558377,38191,291,0,VideoPacket
1773458952558439,38192,291,0,VideoPacket
1773458952558503,38193,291,0,VideoPacket
1773458952737278,38194,291,0,VideoPacket
1773458952737395,38195,291,0,VideoPacket
1773458952737473,38196,291,0,VideoPacket
1773458952737540,38197,291,0,VideoPacket
1773458952737625,38198,291,0,VideoPacket
1773458952737692,38199,291,0,VideoPacket
1773458952737764,38200,291,0,VideoPacket
1773458952737833,38201,291,0,VideoPacket
1773458952737904,38202,291,0,VideoPacket
1773458952738005,38203,291,0,VideoPacket
1773458952738080,38204,291,0,VideoPacket
1773458952738146,38205,291,0,VideoPacket
1773458952738214,38206,291,0,VideoPacket
1773458952738280,38207,291,0,VideoPacket
1773458952738349,38208,291,0,VideoPacket
1773458952738414,38209,291,0,VideoPacket
1773458952738482,38210,291,0,VideoPacket
1773458952738547,38211,291,0,VideoPacket
1773458952738625,38212,291,0,VideoPacket
1773458952738692,38213,291,0,VideoPacket
1773458952738761,38214,291,0,VideoPacket
1773458952738829,38215,291,0,VideoPacket
1773458952738902,38216,291,0,VideoPacket
1773458952738970,38217,291,0,VideoPacket
1773458952739038,38218,291,0,VideoPacket
1773458952886445,38219,1059,0,VideoPacket
1773458952886553,38220,1059,0,VideoPacket
1773458952886633,38221,1059,0,VideoPacket
1773458952993658,17261,293,0,Retransmission:35613
1773458952993761,17262,293,0,Retransmission:35657
1773458952993850,17263,293,0,Retransmission:35661
1773458952993932,17264,293,0,Retransmission:35745
1773458953067603,38222,547,0,VideoPacket
1773458953067720,38223,547,0,VideoPacket
1773458953067793,38224,547,0,VideoPacket
1773458953067860,38225,547,0,VideoPacket
1773458953067928,38226,547,0,VideoPacket
1773458953173255,38227,547,0,VideoPacket
1773458953173357,38228,547,0,VideoPacket
1773458953173433,38229,547,0,VideoPacket
1773458953173504,38230,291,0,VideoPacket
1773458953173587,38231,291,0,VideoPacket
1773458953173658,38232,291,0,VideoPacket
1773458953173727,38233,291,0,VideoPacket
1773458953173798,38234,291,0,VideoPacket
1773458953173868,38235,291,0,VideoPacket
1773458953173937,38236,291,0,VideoPacket
1773458953174006,38237,291,0,VideoPacket
1773458953174083,38238,291,0,VideoPacket
1773458953174152,38239,291,0,VideoPacket
1773458953174221,38240,291,0,VideoPacket
1773458953334357,38241,1059,0,VideoPacket
1773458953334456,38242,1059,0,VideoPacket
1773458953334532,38243,1059,0,VideoPacket
1773458953490753,38244,291,0,VideoPacket
1773458953490862,38245,291,0,VideoPacket
1773458953490940,38246,291,0,VideoPacket
1773458953491009,38247,291,0,VideoPacket
1773458953491084,38248,291,0,VideoPacket
1773458953491154,38249,291,0,VideoPacket
1773458953491229,38250,291,0,VideoPacket
1773458953568974,38251,291,0,VideoPacket
1773458953569091,38252,291,0,VideoPacket
1773458953569169,38253,291,0,VideoPacket
1773458953569254,38254,291,0,VideoPacket
1773458953569343,38255,291,0,VideoPacket
1773458953569412,38256,291,0,VideoPacket
1773458953569479,38257,291,0,VideoPacket
1773458953652199,38258,291,0,VideoPacket
1773458953652311,38259,291,0,VideoPacket
1773458953652383,38260,291,0,VideoPacket
1773458953652453,38261,291,0,VideoPacket
1773458953652522,38262,291,0,VideoPacket
1773458953652600,38263,291,0,VideoPacket
1773458953652671,38264,291,0,VideoPacket
1773458953652738,38265,291,0,VideoPacket
1773458953652808,38266,291,0,VideoPacket
1773458953652873,38267,291,0,VideoPacket
1773458953652939,38268,291,0,VideoPacket
1773458953653004,38269,291,0,VideoPacket
1773458953653071,38270,291,0,VideoPacket
1773458953653136,38271,291,0,VideoPacket
1773458953714714,38272,291,0,VideoPacket
1773458953714820,38273,291,0,VideoPacket
1773458953714892,38274,291,0,VideoPacket
1773458953714965,38275,291,0,VideoPacket
1773458953715038,38276,1059,0,VideoPacket
1773458953715108,38277,1059,0,VideoPacket
1773458953715180,38278,291,0,VideoPacket
1773458953715250,38279,291,0,VideoPacket
1773458953715321,38280,291,0,VideoPacket
1773458953715389,38281,291,0,VideoPacket
1773458953765763,38282,291,0,VideoPacket
1773458953765863,38283,291,0,VideoPacket
1773458953765938,38284,291,0,VideoPacket
1773458953766008,38285,291,0,VideoPacket
1773458953766079,38286,291,0,VideoPacket
1773458953766149,38287,291,0,VideoPacket
1773458953766219,38288,291,0,VideoPacket
1773458953961796,17265,549,0,Retransmission:35865
1773458953961891,38289,1059,0,VideoPacket
1773458953961974,38290,1059,0,VideoPacket
1773458953962049,38291,1059,0,VideoPacket
1773458953962120,38292,1059,0,VideoPacket
1773458953962558,38293,291,0,VideoPacket
1773458953962652,38294,291,0,VideoPacket
1773458953962728,38295,291,0,VideoPacket
1773458953962797,38296,291,0,VideoPacket
1773458953962867,38297,291,0,VideoPacket
1773458953962937,38298,291,0,VideoPacket
1773458953963003,38299,291,0,VideoPacket
1773458954068565,38300,291,0,VideoPacket
1773458954068676,38301,291,0,VideoPacket
1773458954068761,38302,291,0,VideoPacket
1773458954068835,38303,291,0,VideoPacket
1773458954068907,38304,291,0,VideoPacket
1773458954068977,38305,291,0,VideoPacket
1773458954069044,38306,547,0,VideoPacket
1773458954069113,38307,547,0,VideoPacket
1773458954069182,38308,547,0,VideoPacket
1773458954069250,38309,547,0,VideoPacket
1773458954069321,38310,547,0,VideoPacket
1773458954195460,38311,547,0,VideoPacket
1773458954195600,38312,547,0,VideoPacket
1773458954195698,38313,291,0,VideoPacket
1773458954195798,38314,291,0,VideoPacket
1773458954195887,38315,291,0,VideoPacket
1773458954195975,38316,291,0,VideoPacket
1773458954196103,38317,291,0,VideoPacket
1773458954196189,38318,291,0,VideoPacket
1773458954196280,38319,291,0,VideoPacket
1773458954196368,38320,291,0,VideoPacket
1773458954196456,38321,291,0,VideoPacket
1773458954196548,38322,291,0,VideoPacket
1773458954196647,38323,291,0,VideoPacket
1773458954196734,38324,291,0,VideoPacket
1773458954196822,38325,291,0,VideoPacket
1773458954329563,38326,547,0,VideoPacket
1773458954329704,38327,547,0,VideoPacket
1773458954329794,38328,547,0,VideoPacket
1773458954329882,38329,547,0,VideoPacket
1773458954383196,17266,549,0,Retransmission:35873
1773458954383301,38330,547,0,VideoPacket
1773458954383435,38331,547,0,VideoPacket
1773458954383527,38332,547,0,VideoPacket
1773458954383672,17267,293,0,Retransmission:35890
1773458954383769,17268,293,0,Retransmission:35895
1773458954457799,38333,291,0,VideoPacket
1773458954457921,38334,291,0,VideoPacket
1773458954458013,38335,291,0,VideoPacket
1773458954458099,38336,291,0,VideoPacket
1773458954458186,38337,291,0,VideoPacket
1773458954458278,38338,291,0,VideoPacket
1773458954458367,38339,291,0,VideoPacket
1773458954589928,38340,291,0,VideoPacket
1773458954590041,38341,291,0,VideoPacket
1773458954590115,38342,291,0,VideoPacket
1773458954590193,38343,291,0,VideoPacket
1773458954590268,38344,1315,0,VideoPacket
1773458954590344,38345,1315,0,VideoPacket
1773458954763058,38346,291,0,VideoPacket
1773458954763174,38347,291,0,VideoPacket
1773458954763249,38348,291,0,VideoPacket
1773458954763319,38349,291,0,VideoPacket
1773458954763388,38350,291,0,VideoPacket
1773458954763468,38351,291,0,VideoPacket
1773458954763544,38352,291,0,VideoPacket
1773458954920388,38353,291,0,VideoPacket
1773458954920501,38354,291,0,VideoPacket
1773458954920583,38355,291,0,VideoPacket
1773458954920657,38356,291,0,VideoPacket
1773458954920732,38357,291,0,VideoPacket
1773458954920814,38358,291,0,VideoPacket
1773458954920888,38359,291,0,VideoPacket
1773458954920962,38360,291,0,VideoPacket
1773458954921036,38361,291,0,VideoPacket
1773458954921110,38362,291,0,VideoPacket
1773458954921185,38363,291,0,VideoPacket
1773458954921260,38364,291,0,VideoPacket
1773458954921334,38365,291,0,VideoPacket
1773458954921410,38366,291,0,VideoPacket
1773458954921484,38367,291,0,VideoPacket
1773458954921562,38368,291,0,VideoPacket
1773458954921649,38369,291,0,VideoPacket
1773458954921723,38370,291,0,VideoPacket
1773458954921797,38371,291,0,VideoPacket
1773458955075606,38372,291,0,VideoPacket
1773458955075714,38373,291,0,VideoPacket
1773458955075793,38374,291,0,VideoPacket
1773458955075867,38375,291,0,VideoPacket
1773458955075944,38376,291,0,VideoPacket
1773458955076019,38377,291,0,VideoPacket
1773458955166300,17269,293,0,Retransmission:35925
1773458955166402,38378,291,0,VideoPacket
1773458955166494,38379,291,0,VideoPacket
1773458955166569,38380,291,0,VideoPacket
1773458955166659,38381,291,0,VideoPacket
1773458955223581,38382,291,0,VideoPacket
1773458955223699,38383,291,0,VideoPacket
1773458955223778,38384,291,0,VideoPacket
1773458955223852,38385,291,0,VideoPacket
1773458955223929,38386,291,0,VideoPacket
1773458955224006,38387,291,0,VideoPacket
1773458955369450,38388,291,0,VideoPacket
1773458955369551,38389,291,0,VideoPacket
1773458955369649,38390,291,0,VideoPacket
1773458955369733,38391,291,0,VideoPacket
1773458955369816,38392,291,0,VideoPacket
1773458955369897,38393,291,0,VideoPacket
1773458955369979,38394,291,0,VideoPacket
1773458955370061,38395,291,0,VideoPacket
1773458955370142,38396,291,0,VideoPacket
1773458955370223,38397,291,0,VideoPacket
1773458955370304,38398,291,0,VideoPacket
1773458955370385,38399,291,0,VideoPacket
1773458955370467,38400,291,0,VideoPacket
1773458955370547,38401,291,0,VideoPacket
1773458955542021,38402,547,0,VideoPacket
1773458955542141,38403,547,0,VideoPacket
1773458955542249,38404,547,0,VideoPacket
1773458955542351,38405,547,0,VideoPacket
1773458955617400,17270,805,0,Retransmission:35986
1773458955617504,38406,547,0,VideoPacket
1773458955617627,38407,547,0,VideoPacket
1773458955658652,38408,547,0,VideoPacket
1773458955658753,38409,547,0,VideoPacket
1773458955658854,38410,547,0,VideoPacket
1773458955658953,38411,547,0,VideoPacket
1773458955717206,38412,547,0,VideoPacket
1773458955717306,38413,547,0,VideoPacket
1773458955717413,38414,547,0,VideoPacket
1773458955764744,17271,293,0,Retransmission:36015
1773458955764861,38415,291,0,VideoPacket
1773458955764971,38416,291,0,VideoPacket
1773458955765074,38417,291,0,VideoPacket
1773458955765174,38418,291,0,VideoPacket
1773458955765248,38419,291,0,VideoPacket
1773458955824268,38420,291,0,VideoPacket
1773458955824353,38421,291,0,VideoPacket
1773458955824424,38422,291,0,VideoPacket
1773458955824493,38423,291,0,VideoPacket
1773458955824562,38424,291,0,VideoPacket
1773458955824643,38425,291,0,VideoPacket
1773458955902075,38426,291,0,VideoPacket
1773458955902165,38427,291,0,VideoPacket
1773458955902237,38428,291,0,VideoPacket
1773458955902314,38429,291,0,VideoPacket
1773458955902385,38430,291,0,VideoPacket
1773458955902454,38431,291,0,VideoPacket
1773458955902525,38432,291,0,VideoPacket
1773458955902604,38433,291,0,VideoPacket
1773458955902678,38434,291,0,VideoPacket
1773458955902746,38435,291,0,VideoPacket
1773458955902815,38436,291,0,VideoPacket
1773458955902882,38437,291,0,VideoPacket
1773458956089147,38438,291,0,VideoPacket
1773458956089253,38439,291,0,VideoPacket
1773458956089339,38440,291,0,VideoPacket
1773458956089421,38441,291,0,VideoPacket
1773458956089500,38442,291,0,VideoPacket
1773458956089592,38443,291,0,VideoPacket
1773458956089674,38444,291,0,VideoPacket
1773458956089757,38445,291,0,VideoPacket
1773458956089841,38446,291,0,VideoPacket
1773458956089922,38447,291,0,VideoPacket
1773458956090007,38448,291,0,VideoPacket
1773458956090088,38449,291,0,VideoPacket
1773458956090169,38450,291,0,VideoPacket
1773458956090247,38451,547,0,VideoPacket
1773458956090329,38452,547,0,VideoPacket
1773458956090408,38453,547,0,VideoPacket
1773458956090491,38454,547,0,VideoPacket
1773458956090571,38455,547,0,VideoPacket
1773458956090664,38456,291,0,VideoPacket
1773458956090749,38457,291,0,VideoPacket
1773458956283096,38458,291,0,VideoPacket
1773458956283193,38459,291,0,VideoPacket
1773458956283282,38460,291,0,VideoPacket
1773458956283359,38461,291,0,VideoPacket
1773458956283446,38462,291,0,VideoPacket
1773458956283524,38463,291,0,VideoPacket
1773458956283618,38464,291,0,VideoPacket
1773458956283700,38465,291,0,VideoPacket
1773458956283780,38466,291,0,VideoPacket
1773458956283861,38467,1059,0,VideoPacket
1773458956283943,38468,1059,0,VideoPacket
1773458956284019,38469,1059,0,VideoPacket
1773458956284112,38470,803,0,VideoPacket
1773458956284195,38471,803,0,VideoPacket
1773458956284273,38472,803,0,VideoPacket
1773458957834150,38473,291,0,VideoPacket
1773458957834282,38474,291,0,VideoPacket
1773458957834359,38475,291,0,VideoPacket
1773458957834438,38476,291,0,VideoPacket
1773458958058198,17272,293,0,Retransmission:36029
1773458958089808,38477,291,0,VideoPacket
1773458958089897,38478,291,0,VideoPacket
1773458958089978,38479,291,0,VideoPacket
1773458958090058,38480,291,0,VideoPacket
1773458958090136,38481,291,0,VideoPacket
1773458958090219,38482,291,0,VideoPacket
1773458958231927,38483,291,0,VideoPacket
1773458958232016,38484,291,0,VideoPacket
1773458958232116,38485,291,0,VideoPacket
1773458958232199,38486,291,0,VideoPacket
1773458958232281,38487,291,0,VideoPacket
1773458958232361,38488,291,0,VideoPacket
1773458958232443,38489,291,0,VideoPacket
1773458958232524,38490,291,0,VideoPacket
1773458958232616,38491,291,0,VideoPacket
1773458958232697,38492,291,0,VideoPacket
1773458958232779,38493,291,0,VideoPacket
1773458958232858,38494,291,0,VideoPacket
1773458958232940,38495,291,0,VideoPacket
1773458958233004,38496,291,0,VideoPacket
1773458958233065,38497,291,0,VideoPacket
1773458958233145,38498,291,0,VideoPacket
1773458958233228,38499,291,0,VideoPacket
1773458958340605,38500,547,0,VideoPacket
1773458958340694,38501,547,0,VideoPacket
1773458958447177,38502,291,0,VideoPacket
1773458958447266,38503,291,0,VideoPacket
1773458958447353,38504,291,0,VideoPacket
1773458958447438,38505,291,0,VideoPacket
1773458958447518,38506,291,0,VideoPacket
1773458958447610,38507,291,0,VideoPacket
1773458958524631,38508,291,0,VideoPacket
1773458958524718,38509,291,0,VideoPacket
1773458958524801,38510,291,0,VideoPacket
1773458958524882,38511,291,0,VideoPacket
1773458958524965,38512,291,0,VideoPacket
1773458958525046,38513,291,0,VideoPacket
1773458958557270,17273,293,0,Retransmission:36059
1773458958557352,17274,293,0,Retransmission:36074
1773458958557429,38514,291,0,VideoPacket
1773458958557512,38515,291,0,VideoPacket
1773458958557602,38516,291,0,VideoPacket
1773458958557687,38517,291,0,VideoPacket
1773458958611606,38518,291,0,VideoPacket
1773458958611692,38519,291,0,VideoPacket
1773458958611776,38520,291,0,VideoPacket
1773458958611856,38521,291,0,VideoPacket
1773458958611938,38522,291,0,VideoPacket
1773458958612017,38523,291,0,VideoPacket
1773458958652455,38524,291,0,VideoPacket
1773458958652551,38525,291,0,VideoPacket
1773458958652640,38526,291,0,VideoPacket
1773458958652720,38527,291,0,VideoPacket
1773458958652800,38528,291,0,VideoPacket
1773458958652883,38529,291,0,VideoPacket
1773458958692002,17275,293,0,Retransmission:36084
1773458958692095,17276,293,0,Retransmission:36102
1773458958692181,38530,291,0,VideoPacket
1773458958692262,38531,291,0,VideoPacket
1773458958692345,38532,291,0,VideoPacket
1773458958692427,38533,291,0,VideoPacket
1773458958753525,38534,291,0,VideoPacket
1773458958753621,38535,291,0,VideoPacket
1773458958753704,38536,291,0,VideoPacket
1773458958753786,38537,291,0,VideoPacket
1773458958753868,38538,291,0,VideoPacket
1773458958811665,38539,291,0,VideoPacket
1773458958811753,38540,291,0,VideoPacket
1773458958811839,38541,291,0,VideoPacket
1773458958811922,38542,291,0,VideoPacket
1773458958812004,38543,291,0,VideoPacket
1773458958896777,38544,291,0,VideoPacket
1773458958896870,38545,291,0,VideoPacket
1773458958896955,38546,291,0,VideoPacket
1773458958897039,38547,291,0,VideoPacket
1773458958897122,38548,291,0,VideoPacket
1773458958897204,38549,291,0,VideoPacket
1773458958897288,38550,291,0,VideoPacket
1773458958897372,38551,291,0,VideoPacket
1773458958897456,38552,291,0,VideoPacket
1773458958897538,38553,291,0,VideoPacket
1773458958961971,38554,291,0,VideoPacket
1773458958962058,38555,291,0,VideoPacket
1773458958962141,38556,291,0,VideoPacket
1773458958962226,38557,291,0,VideoPacket
1773458958962311,38558,291,0,VideoPacket
1773458958989625,38559,291,0,VideoPacket
1773458958989697,38560,291,0,VideoPacket
1773458958989780,38561,291,0,VideoPacket
1773458958989860,38562,291,0,VideoPacket
1773458958989941,38563,291,0,VideoPacket
1773458959030457,38564,291,0,VideoPacket
1773458959030553,38565,291,0,VideoPacket
1773458959030650,38566,291,0,VideoPacket
1773458959030733,38567,291,0,VideoPacket
1773458959030815,38568,291,0,VideoPacket
1773458959078743,17277,293,0,Retransmission:36140
1773458959078821,17278,293,0,Retransmission:36157
1773458959078897,17279,293,0,Retransmission:36159
1773458959078972,17280,293,0,Retransmission:35580
1773458959079046,17281,293,0,Retransmission:35631
1773458959131848,17282,293,0,Retransmission:35632
1773458959131931,17283,293,0,Retransmission:35698
1773458959132006,17284,549,0,Retransmission:35708
1773458959132094,17285,805,0,Retransmission:35713
1773458959220860,17286,805,0,Retransmission:35714
1773458959220943,17287,293,0,Retransmission:35992
1773458959221020,17288,293,0,Retransmission:36001
1773458959221100,17289,293,0,Retransmission:36004
1773458959221158,17290,293,0,Retransmission:36187
1773458959221212,17291,293,0,Retransmission:36206
1773458959221268,38569,291,0,VideoPacket
1773458959221350,38570,291,0,VideoPacket
1773458959262881,17292,293,0,Retransmission:36221
1773458959262962,38571,291,0,VideoPacket
1773458959263051,38572,291,0,VideoPacket
1773458959263129,38573,291,0,VideoPacket
1773458959263208,38574,291,0,VideoPacket
1773458959321882,17293,293,0,Retransmission:36232
1773458959321965,17294,293,0,Retransmission:36238
1773458959322025,17295,293,0,Retransmission:36307
1773458959322087,17296,293,0,Retransmission:36316
1773458959322145,38575,291,0,VideoPacket
1773458959322215,38576,547,0,VideoPacket
1773458959368502,38577,547,0,VideoPacket
1773458959368594,38578,547,0,VideoPacket
1773458959368669,38579,547,0,VideoPacket
1773458959379512,17297,549,0,Retransmission:36285
1773458959431748,17298,549,0,Retransmission:36286
1773458959431829,17299,549,0,Retransmission:36295
1773458959431906,38580,547,0,VideoPacket
1773458959431994,38581,291,0,VideoPacket
1773458959450777,38582,291,0,VideoPacket
1773458959450869,38583,291,0,VideoPacket
1773458959450953,38584,291,0,VideoPacket
1773458959451037,38585,291,0,VideoPacket
1773458959451117,38586,547,0,VideoPacket
1773458959451199,38587,547,0,VideoPacket
1773458959533440,17300,293,0,Retransmission:36386
1773458959533527,17301,293,0,Retransmission:36414
1773458959533615,38588,547,0,VideoPacket
1773458959533740,38589,547,0,VideoPacket
1773458959533810,38590,547,0,VideoPacket
1773458959602582,38591,803,0,VideoPacket
1773458959602714,38592,803,0,VideoPacket
1773458959602809,38593,547,0,VideoPacket
1773458959602889,38594,547,0,VideoPacket
1773458959602967,38595,547,0,VideoPacket
1773458959603046,38596,291,0,VideoPacket
1773458959603124,38597,291,0,VideoPacket
1773458959603202,38598,291,0,VideoPacket
1773458959603280,38599,291,0,VideoPacket
1773458959640025,38600,291,0,VideoPacket
1773458959640143,38601,291,0,VideoPacket
1773458959640214,38602,291,0,VideoPacket
1773458959640279,38603,547,0,VideoPacket
1773458959640348,38604,547,0,VideoPacket
1773458959710377,38605,547,0,VideoPacket
1773458959710476,38606,547,0,VideoPacket
1773458959710545,38607,547,0,VideoPacket
1773458959710618,38608,547,0,VideoPacket
1773458959710684,38609,547,0,VideoPacket
1773458959767404,38610,547,0,VideoPacket
1773458959767497,38611,547,0,VideoPacket
1773458959767565,38612,547,0,VideoPacket
1773458959767646,38613,547,0,VideoPacket
1773458959767710,38614,547,0,VideoPacket
1773458959767771,38615,547,0,VideoPacket
1773458959767835,38616,547,0,VideoPacket
1773458959767899,38617,547,0,VideoPacket
1773458959795785,38618,547,0,VideoPacket
1773458959795870,38619,547,0,VideoPacket
1773458959795937,38620,547,0,VideoPacket
1773458959796001,38621,291,0,VideoPacket
1773458959796078,38622,291,0,VideoPacket
1773458959885258,38623,291,0,VideoPacket
1773458959885348,38624,291,0,VideoPacket
1773458959885415,38625,291,0,VideoPacket
1773458959885476,38626,291,0,VideoPacket
1773458959885541,38627,291,0,VideoPacket
1773458959885613,38628,291,0,VideoPacket
1773458959885678,38629,291,0,VideoPacket
1773458959885739,38630,291,0,VideoPacket
1773458959885805,38631,291,0,VideoPacket
1773458959885865,38632,291,0,VideoPacket
1773458959885928,38633,291,0,VideoPacket
1773458959885988,38634,291,0,VideoPacket
1773458959886051,38635,291,0,VideoPacket
1773458959886114,38636,291,0,VideoPacket
1773458959916933,17302,293,0,Retransmission:36465
1773458959917014,17303,293,0,Retransmission:36469
1773458959917076,17304,293,0,Retransmission:36474
1773458959917131,38637,291,0,VideoPacket
1773458959917199,38638,291,0,VideoPacket
1773458959917263,38639,291,0,VideoPacket
1773458959917336,38640,291,0,VideoPacket
1773458960019429,38641,291,0,VideoPacket
1773458960019524,38642,291,0,VideoPacket
1773458960019601,38643,291,0,VideoPacket
1773458960019668,38644,291,0,VideoPacket
1773458960019730,38645,291,0,VideoPacket
1773458960019796,38646,291,0,VideoPacket
1773458960019857,38647,291,0,VideoPacket
1773458960019923,38648,291,0,VideoPacket
1773458960019988,38649,291,0,VideoPacket
1773458960020063,38650,291,0,VideoPacket
1773458960020131,38651,291,0,VideoPacket
1773458960020194,38652,291,0,VideoPacket
1773458960020258,38653,291,0,VideoPacket
1773458960020321,38654,291,0,VideoPacket
1773458960020386,38655,291,0,VideoPacket
1773458960020449,38656,291,0,VideoPacket
1773458960020513,38657,291,0,VideoPacket
1773458960156057,38658,291,0,VideoPacket
1773458960156149,38659,291,0,VideoPacket
1773458960156215,38660,291,0,VideoPacket
1773458960156278,38661,291,0,VideoPacket
1773458960156344,38662,291,0,VideoPacket
1773458960156406,38663,291,0,VideoPacket
1773458960156473,38664,291,0,VideoPacket
1773458960156537,38665,291,0,VideoPacket
1773458960156614,38666,291,0,VideoPacket
1773458960156678,38667,291,0,VideoPacket
1773458960156740,38668,291,0,VideoPacket
1773458960156802,38669,291,0,VideoPacket
1773458960156867,38670,291,0,VideoPacket
1773458960156930,38671,291,0,VideoPacket
1773458960156993,38672,291,0,VideoPacket
1773458960157056,38673,291,0,VideoPacket
1773458960157116,38674,291,0,VideoPacket
1773458960157179,38675,291,0,VideoPacket
1773458960157239,38676,291,0,VideoPacket
1773458960157301,38677,291,0,VideoPacket
1773458960157361,38678,291,0,VideoPacket
1773458960157423,38679,291,0,VideoPacket
1773458960157482,38680,291,0,VideoPacket
1773458960157547,38681,291,0,VideoPacket
1773458960256276,38682,291,0,VideoPacket
1773458960256367,38683,291,0,VideoPacket
1773458960256434,38684,291,0,VideoPacket
1773458960256499,38685,291,0,VideoPacket
1773458960256563,38686,291,0,VideoPacket
1773458960256637,38687,291,0,VideoPacket
1773458960256697,38688,291,0,VideoPacket
1773458960256772,38689,291,0,VideoPacket
1773458960256837,38690,291,0,VideoPacket
1773458960256897,38691,291,0,VideoPacket
1773458960256960,38692,291,0,VideoPacket
1773458960257019,38693,291,0,VideoPacket
1773458960257083,38694,291,0,VideoPacket
1773458960257145,38695,291,0,VideoPacket
1773458960257211,38696,291,0,VideoPacket
1773458960257272,38697,291,0,VideoPacket
1773458960414372,38698,291,0,VideoPacket
1773458960414457,38699,291,0,VideoPacket
1773458960414523,38700,291,0,VideoPacket
1773458960414596,38701,291,0,VideoPacket
1773458960414661,38702,291,0,VideoPacket
1773458960414725,38703,291,0,VideoPacket
1773458960414794,38704,291,0,VideoPacket
1773458960414858,38705,291,0,VideoPacket
1773458960414923,38706,291,0,VideoPacket
1773458960414987,38707,291,0,VideoPacket
1773458960415052,38708,1059,0,VideoPacket
1773458960415115,38709,1059,0,VideoPacket
1773458960415180,38710,1059,0,VideoPacket
1773458960415242,38711,1059,0,VideoPacket
1773458960415308,38712,1059,0,VideoPacket
1773458960415372,38713,1059,0,VideoPacket
1773458960415438,38714,291,0,VideoPacket
1773458960415501,38715,291,0,VideoPacket
1773458960415566,38716,291,0,VideoPacket
1773458960415638,38717,291,0,VideoPacket
1773458960415702,38718,291,0,VideoPacket
1773458960467242,17305,549,0,Retransmission:36520
1773458960467313,38719,291,0,VideoPacket
1773458960467382,38720,291,0,VideoPacket
1773458960467446,38721,291,0,VideoPacket
1773458960467506,38722,291,0,VideoPacket
1773458960467581,38723,547,0,VideoPacket
1773458960512777,17306,549,0,Retransmission:36555
1773458960512850,38724,547,0,VideoPacket
1773458960512916,38725,547,0,VideoPacket
1773458960512982,38726,291,0,VideoPacket
1773458960513047,38727,291,0,VideoPacket
1773458960554096,38728,291,0,VideoPacket
1773458960554205,38729,291,0,VideoPacket
1773458960554302,38730,291,0,VideoPacket
1773458960554403,38731,291,0,VideoPacket
1773458960554498,38732,291,0,VideoPacket
1773458960554610,38733,291,0,VideoPacket
1773458960554715,38734,291,0,VideoPacket
1773458960619302,38735,291,0,VideoPacket
1773458960619408,38736,547,0,VideoPacket
1773458960619510,38737,547,0,VideoPacket
1773458960619620,38738,547,0,VideoPacket
1773458960619727,38739,291,0,VideoPacket
1773458960647278,38740,291,0,VideoPacket
1773458960647385,38741,291,0,VideoPacket
1773458960647478,38742,291,0,VideoPacket
1773458960647586,38743,291,0,VideoPacket
1773458960647686,38744,291,0,VideoPacket
1773458960647784,38745,291,0,VideoPacket
1773458960647876,38746,291,0,VideoPacket
1773458960701237,17307,293,0,Retransmission:36602
1773458960701333,17308,293,0,Retransmission:36655
1773458960701426,17309,293,0,Retransmission:36659
1773458960701514,38747,291,0,VideoPacket
1773458960701620,38748,291,0,VideoPacket
1773458960701720,38749,547,0,VideoPacket
1773458960739184,17310,1061,0,Retransmission:36680
1773458960739280,38750,547,0,VideoPacket
1773458960739382,38751,547,0,VideoPacket
1773458960774899,38752,291,0,VideoPacket
1773458960775008,38753,291,0,VideoPacket
1773458960775102,38754,291,0,VideoPacket
1773458960775199,38755,291,0,VideoPacket
1773458960775299,38756,291,0,VideoPacket
1773458960775397,38757,291,0,VideoPacket
1773458960775499,38758,291,0,VideoPacket
1773458960834802,38759,291,0,VideoPacket
1773458960834913,38760,291,0,VideoPacket
1773458960835018,38761,291,0,VideoPacket
1773458960835112,38762,547,0,VideoPacket
1773458960835221,38763,547,0,VideoPacket
1773458960865023,17311,1061,0,Retransmission:36733
1773458960865115,38764,547,0,VideoPacket
1773458960865195,38765,291,0,VideoPacket
1773458960865259,38766,291,0,VideoPacket
1773458960906915,17312,549,0,Retransmission:36743
1773458960906990,38767,291,0,VideoPacket
1773458960907062,38768,291,0,VideoPacket
1773458960907125,38769,291,0,VideoPacket
1773458960907191,38770,291,0,VideoPacket
1773458960907254,38771,291,0,VideoPacket
1773458960944426,38772,291,0,VideoPacket
1773458960944500,38773,291,0,VideoPacket
1773458960944567,38774,547,0,VideoPacket
1773458960944639,38775,547,0,VideoPacket
1773458960944704,38776,547,0,VideoPacket
1773458960982851,38777,291,0,VideoPacket
1773458960982943,38778,291,0,VideoPacket
1773458960983015,38779,547,0,VideoPacket
1773458960983080,38780,547,0,VideoPacket
1773458960983143,38781,547,0,VideoPacket
1773458961028832,38782,547,0,VideoPacket
1773458961028915,38783,547,0,VideoPacket
1773458961028981,38784,547,0,VideoPacket
1773458961029045,38785,547,0,VideoPacket
1773458961029110,38786,547,0,VideoPacket
1773458961036118,38787,547,0,VideoPacket
1773458961036203,38788,547,0,VideoPacket
1773458961036269,38789,547,0,VideoPacket
1773458961062869,17313,293,0,Retransmission:36778
1773458961062952,17314,293,0,Retransmission:36796
1773458961063012,17315,293,0,Retransmission:36804
1773458961063066,17316,293,0,Retransmission:36823
1773458961063122,17317,293,0,Retransmission:36833
1773458961063177,17318,293,0,Retransmission:36839
1773458961063231,17319,293,0,Retransmission:36842
1773458961063293,17320,293,0,Retransmission:36878
1773458961063347,17321,293,0,Retransmission:36879
1773458961063402,17322,293,0,Retransmission:36882
1773458961063455,17323,293,0,Retransmission:36899
1773458961063512,17324,293,0,Retransmission:36908
1773458961063566,17325,293,0,Retransmission:36936
1773458961106750,17326,293,0,Retransmission:36983
1773458961106827,17327,293,0,Retransmission:36985
1773458961106882,17328,293,0,Retransmission:36988
1773458961106935,17329,293,0,Retransmission:35661
1773458961106989,17330,293,0,Retransmission:35745
1773458961107043,17331,805,0,Retransmission:35766
1773458961107098,17332,293,0,Retransmission:35774
1773458961107153,17333,805,0,Retransmission:35791
1773458961107206,17334,805,0,Retransmission:35796
1773458961144253,17335,549,0,Retransmission:35865
1773458961144337,17336,549,0,Retransmission:35873
1773458961144394,17337,293,0,Retransmission:35890
1773458961144452,17338,293,0,Retransmission:35895
1773458961144506,17339,293,0,Retransmission:35925
1773458961144564,17340,805,0,Retransmission:35986
1773458961144633,17341,293,0,Retransmission:36015
1773458961144693,17342,549,0,Retransmission:36564
1773458961144748,17343,549,0,Retransmission:36567
1773458961185268,17344,293,0,Retransmission:37007
1773458961185351,17345,293,0,Retransmission:37009
1773458961185411,17346,293,0,Retransmission:37037
1773458961185465,17347,293,0,Retransmission:37041
1773458961185523,17348,293,0,Retransmission:37048
1773458961185590,17349,293,0,Retransmission:37063
1773458961185650,17350,293,0,Retransmission:37068
1773458961185704,17351,293,0,Retransmission:37090
1773458961185763,17352,293,0,Retransmission:37097
1773458961185817,17353,293,0,Retransmission:37164
1773458961185872,17354,293,0,Retransmission:37197
1773458961185926,17355,293,0,Retransmission:37211
1773458961185983,17356,293,0,Retransmission:37215
1773458961186037,17357,293,0,Retransmission:37223
1773458961227709,17358,293,0,Retransmission:37249
1773458961227792,17359,293,0,Retransmission:37261
1773458961227848,17360,293,0,Retransmission:37262
1773458961227903,17361,293,0,Retransmission:37264
1773458961227958,17362,293,0,Retransmission:37294
1773458961228018,17363,293,0,Retransmission:37320
1773458961228085,17364,293,0,Retransmission:37325
1773458961228146,17365,293,0,Retransmission:37338
1773458961228201,17366,293,0,Retransmission:37348
1773458961228259,17367,293,0,Retransmission:37353
1773458961228312,17368,293,0,Retransmission:37354
1773458961228366,17369,293,0,Retransmission:37368
1773458961228424,17370,805,0,Retransmission:37394
1773458961271025,17371,805,0,Retransmission:37404
1773458961271124,17372,293,0,Retransmission:37449
1773458961271181,17373,293,0,Retransmission:37469
1773458961271237,17374,293,0,Retransmission:37485
1773458961271292,17375,293,0,Retransmission:37501
1773458961271347,17376,293,0,Retransmission:37523
1773458961271404,17377,293,0,Retransmission:37539
1773458961271458,17378,293,0,Retransmission:37565
1773458961271517,17379,293,0,Retransmission:37645
1773458961271581,17380,293,0,Retransmission:37689
1773458961271638,17381,549,0,Retransmission:37698
1773458961271698,17382,293,0,Retransmission:37706
1773458961313311,17383,293,0,Retransmission:37712
1773458961313396,17384,293,0,Retransmission:37722
1773458961313458,17385,293,0,Retransmission:37742
1773458961313526,17386,293,0,Retransmission:37778
1773458961313593,17387,293,0,Retransmission:37788
1773458961313653,17388,293,0,Retransmission:37807
1773458961313708,17389,549,0,Retransmission:37812
1773458961313767,17390,293,0,Retransmission:37838
1773458961313823,17391,293,0,Retransmission:37839
1773458961313879,17392,293,0,Retransmission:37878
1773458961313933,17393,293,0,Retransmission:37882
1773458961313991,17394,549,0,Retransmission:37982
1773458961314046,17395,293,0,Retransmission:38029
1773458961332281,17396,0,0,Padding
1773458961332357,17397,805,0,Retransmission:38058
1773458961337530,17398,293,0,Retransmission:38065
1773458961337621,17399,293,0,Retransmission:38077
1773458961340781,17400,293,0,Retransmission:38140
1773458961340855,17401,293,0,Retransmission:38148
1773458961344072,17402,293,0,Retransmission:37761
1773458961344149,17403,293,0,Retransmission:38257
1773458961347302,17404,293,0,Retransmission:38270
1773458961347376,17405,293,0,Retransmission:37888
1773458961350546,17406,0,0,Padding
1773458961350640,17407,293,0,Retransmission:38001
1773458961350713,17408,549,0,Retransmission:38306
1773458961353888,17409,549,0,Retransmission:38311
1773458961353963,17410,293,0,Retransmission:38318
1773458961356077,17411,1061,0,Retransmission:38167
1773458961358328,17412,293,0,Retransmission:38356
1773458961358402,17413,293,0,Retransmission:38364
1773458961358459,17414,293,0,Retransmission:38366
1773458961360608,17415,293,0,Retransmission:38434
1773458961360683,17416,293,0,Retransmission:38473
1773458961360739,17417,293,0,Retransmission:38507
1773458961362865,17418,293,0,Retransmission:38511
1773458961362947,17419,293,0,Retransmission:38526
1773458961362998,17420,293,0,Retransmission:38555
1773458961454543,17421,293,0,Retransmission:38565
1773458961454630,17422,805,0,Retransmission:38591
1773458961454692,17423,293,0,Retransmission:38621
1773458961454747,17424,293,0,Retransmission:38673
1773458961454807,17425,293,0,Retransmission:38695
1773458961454862,17426,293,0,Retransmission:38752
1773458961454921,17427,293,0,Retransmission:38758
1773458961454977,38790,547,0,VideoPacket
1773458961455066,38791,547,0,VideoPacket
1773458961455129,38792,547,0,VideoPacket
1773458961455197,38793,547,0,VideoPacket
1773458961484157,38794,547,0,VideoPacket
1773458961484262,38795,547,0,VideoPacket
1773458961484327,38796,291,0,VideoPacket
1773458961484387,38797,291,0,VideoPacket
1773458961484449,38798,291,0,VideoPacket
1773458961484511,38799,291,0,VideoPacket
1773458961484583,38800,291,0,VideoPacket
1773458961484645,38801,291,0,VideoPacket
1773458961484706,38802,291,0,VideoPacket
1773458961484766,38803,291,0,VideoPacket
1773458961484826,38804,291,0,VideoPacket
1773458961484885,38805,291,0,VideoPacket
1773458961484944,38806,291,0,VideoPacket
1773458961526227,38807,291,0,VideoPacket
1773458961526320,38808,291,0,VideoPacket
1773458961526383,38809,291,0,VideoPacket
1773458961526443,38810,291,0,VideoPacket
1773458961526501,38811,291,0,VideoPacket
1773458961526561,38812,291,0,VideoPacket
1773458961526635,38813,291,0,VideoPacket
1773458961526695,38814,547,0,VideoPacket
1773458961526756,38815,547,0,VideoPacket
1773458961526820,38816,291,0,VideoPacket
1773458961526881,38817,291,0,VideoPacket
1773458961526940,38818,291,0,VideoPacket
1773458961527001,38819,291,0,VideoPacket
1773458961569018,38820,291,0,VideoPacket
1773458961569125,38821,291,0,VideoPacket
1773458961569188,38822,291,1,VideoPacket
1773458961569250,38823,291,1,VideoPacket
1773458961569310,38824,291,1,VideoPacket
1773458961569374,38825,291,1,VideoPacket
1773458961569437,38826,291,1,VideoPacket
1773458961569497,38827,291,1,VideoPacket
1773458961569562,38828,291,1,VideoPacket
1773458961569637,38829,291,1,VideoPacket
1773458961569700,38830,291,1,VideoPacket
1773458961569763,38831,291,1,VideoPacket
1773458961569825,38832,291,1,VideoPacket
1773458961569885,38833,291,1,VideoPacket
1773458961611080,38834,291,1,VideoPacket
1773458961611168,38835,291,1,VideoPacket
1773458961611229,38836,291,1,VideoPacket
1773458961611289,38837,291,1,VideoPacket
1773458961611350,38838,291,0,VideoPacket
1773458961611421,38839,291,0,VideoPacket
1773458961611487,38840,291,0,VideoPacket
1773458961611546,38841,291,0,VideoPacket
1773458961611623,38842,291,0,VideoPacket
1773458961611688,38843,291,0,VideoPacket
1773458961611751,38844,291,0,VideoPacket
1773458961611815,38845,291,0,VideoPacket
1773458961611874,38846,291,0,VideoPacket
1773458961611937,38847,291,0,VideoPacket
1773458961653953,38848,291,0,VideoPacket
1773458961654086,38849,291,0,VideoPacket
1773458961654163,38850,291,0,VideoPacket
1773458961654224,38851,291,0,VideoPacket
1773458961654287,38852,291,0,VideoPacket
1773458961654349,38853,291,0,VideoPacket
1773458961654412,38854,291,0,VideoPacket
1773458961654477,38855,291,0,VideoPacket
1773458961654540,38856,291,0,VideoPacket
1773458961654618,38857,291,0,VideoPacket
1773458961654685,38858,291,0,VideoPacket
1773458961654749,38859,547,0,VideoPacket
1773458961654813,38860,547,0,VideoPacket
1773458961699156,38861,547,0,VideoPacket
1773458961699258,38862,547,0,VideoPacket
1773458961699321,38863,547,0,VideoPacket
1773458961699382,38864,547,0,VideoPacket
1773458961699447,38865,291,0,VideoPacket
1773458961699512,38866,291,0,VideoPacket
1773458961699589,38867,291,0,VideoPacket
1773458961699652,38868,291,0,VideoPacket
1773458961699717,38869,291,0,VideoPacket
1773458961699778,38870,291,0,VideoPacket
1773458961740288,38871,291,0,VideoPacket
1773458961740381,38872,291,0,VideoPacket
1773458961740446,38873,291,0,VideoPacket
1773458961740506,38874,291,0,VideoPacket
1773458961740581,38875,291,0,VideoPacket
1773458961740649,38876,291,0,VideoPacket
1773458961740711,38877,291,0,VideoPacket
1773458961740774,38878,291,0,VideoPacket
1773458961740839,38879,547,0,VideoPacket
1773458961740903,38880,547,0,VideoPacket
1773458961740962,38881,291,0,VideoPacket
1773458961741024,38882,291,0,VideoPacket
1773458961783803,38883,291,0,VideoPacket
1773458961783909,38884,547,0,VideoPacket
1773458961783971,38885,547,0,VideoPacket
1773458961784031,38886,291,0,VideoPacket
1773458961784118,38887,291,0,VideoPacket
1773458961784183,38888,291,0,VideoPacket
1773458961784244,38889,291,0,VideoPacket
1773458961784308,38890,291,0,VideoPacket
1773458961784370,38891,291,0,VideoPacket
1773458961784434,38892,291,0,VideoPacket
1773458961784497,38893,291,0,VideoPacket
1773458961784561,38894,291,0,VideoPacket
1773458961825971,38895,291,0,VideoPacket
1773458961826061,38896,291,0,VideoPacket
1773458961826127,38897,291,0,VideoPacket
1773458961826188,38898,291,0,VideoPacket
1773458961826253,38899,291,0,VideoPacket
1773458961826315,38900,291,0,VideoPacket
1773458961826376,38901,291,0,VideoPacket
1773458961826439,38902,291,0,VideoPacket
1773458961826501,38903,547,0,VideoPacket
1773458961826565,38904,547,0,VideoPacket
1773458961826643,38905,547,0,VideoPacket
1773458961866151,38906,547,0,VideoPacket
1773458961866280,38907,291,0,VideoPacket
1773458961866348,38908,291,0,VideoPacket
1773458961866410,38909,291,0,VideoPacket
1773458961866477,38910,291,0,VideoPacket
1773458961866542,38911,291,0,VideoPacket
1773458961866621,38912,291,0,VideoPacket
1773458961866687,38913,291,0,VideoPacket
1773458961866752,38914,291,0,VideoPacket
1773458961866816,38915,291,0,VideoPacket
1773458961866881,38916,291,0,VideoPacket
1773458961866945,38917,291,0,VideoPacket
1773458961867010,38918,291,0,VideoPacket
1773458961910132,38919,291,0,VideoPacket
1773458961910257,38920,291,0,VideoPacket
1773458961910335,38921,291,0,VideoPacket
1773458961910405,38922,291,0,VideoPacket
1773458961910471,38923,291,0,VideoPacket
1773458961910537,38924,291,0,VideoPacket
1773458961910614,38925,291,0,VideoPacket
1773458961910680,38926,291,0,VideoPacket
1773458961910742,38927,291,0,VideoPacket
1773458961910811,38928,291,0,VideoPacket
1773458961910876,38929,291,0,VideoPacket
1773458961910944,38930,291,0,VideoPacket
1773458961911010,38931,291,0,VideoPacket
1773458961950724,38932,291,0,VideoPacket
1773458961950816,38933,291,0,VideoPacket
1773458961950883,38934,291,0,VideoPacket
1773458961950947,38935,291,0,VideoPacket
1773458961951014,38936,291,0,VideoPacket
1773458961951076,38937,291,0,VideoPacket
1773458961951142,38938,291,0,VideoPacket
1773458961951218,38939,291,0,VideoPacket
1773458961951284,38940,291,0,VideoPacket
1773458961951349,38941,291,0,VideoPacket
1773458961951410,38942,291,0,VideoPacket
1773458961951474,38943,291,0,VideoPacket
1773458961951541,38944,291,0,VideoPacket
1773458961990270,38945,291,0,VideoPacket
1773458961990379,38946,291,0,VideoPacket
1773458961990446,38947,291,0,VideoPacket
1773458961990510,38948,291,0,VideoPacket
1773458961990586,38949,291,0,VideoPacket
1773458961990655,38950,291,0,VideoPacket
1773458961990723,38951,291,0,VideoPacket
1773458961990789,38952,291,0,VideoPacket
1773458961990850,38953,547,0,VideoPacket
1773458961990916,38954,547,0,VideoPacket
1773458961990982,38955,291,0,VideoPacket
1773458961991047,38956,291,0,VideoPacket
1773458962033241,38957,291,0,VideoPacket
1773458962033334,38958,291,0,VideoPacket
1773458962033396,38959,291,0,VideoPacket
1773458962033460,38960,291,0,VideoPacket
1773458962033520,38961,291,0,VideoPacket
1773458962033604,38962,547,0,VideoPacket
1773458962033672,38963,547,0,VideoPacket
1773458962033734,38964,291,0,VideoPacket
1773458962033799,38965,291,0,VideoPacket
1773458962033860,38966,291,0,VideoPacket
1773458962033924,38967,291,0,VideoPacket
1773458962033985,38968,291,0,VideoPacket
1773458962075148,38969,291,0,VideoPacket
1773458962075254,38970,291,0,VideoPacket
1773458962075321,38971,291,0,VideoPacket
1773458962075387,38972,291,0,VideoPacket
1773458962075450,38973,291,0,VideoPacket
1773458962075513,38974,291,0,VideoPacket
1773458962075584,38975,291,0,VideoPacket
1773458962075647,38976,291,0,VideoPacket
1773458962075712,38977,291,0,VideoPacket
1773458962075772,38978,291,0,VideoPacket
1773458962075836,38979,547,0,VideoPacket
1773458962075899,38980,547,0,VideoPacket
1773458962117677,38981,291,0,VideoPacket
1773458962117765,38982,291,0,VideoPacket
1773458962117822,38983,291,0,VideoPacket
1773458962117882,38984,291,0,VideoPacket
1773458962117950,38985,291,0,VideoPacket
1773458962118015,38986,291,0,VideoPacket
1773458962118080,38987,291,0,VideoPacket
1773458962118145,38988,291,0,VideoPacket
1773458962118208,38989,291,0,VideoPacket
1773458962118274,38990,291,0,VideoPacket
1773458962118337,38991,291,0,VideoPacket
1773458962118402,38992,291,0,VideoPacket
1773458962118466,38993,291,0,VideoPacket
1773458962158582,38994,291,0,VideoPacket
1773458962158671,38995,291,0,VideoPacket
1773458962158737,38996,291,0,VideoPacket
1773458962158802,38997,291,0,VideoPacket
1773458962158866,38998,291,0,VideoPacket
1773458962158930,38999,291,0,VideoPacket
1773458962158994,39000,291,0,VideoPacket
1773458962159060,39001,291,0,VideoPacket
1773458962159123,39002,291,0,VideoPacket
1773458962159188,39003,291,0,VideoPacket
1773458962159252,39004,291,0,VideoPacket
1773458962159311,39005,291,0,VideoPacket
1773458962159374,39006,291,0,VideoPacket
1773458962199209,39007,291,0,VideoPacket
1773458962199311,39008,291,0,VideoPacket
1773458962199373,39009,291,0,VideoPacket
1773458962199433,39010,291,0,VideoPacket
1773458962199494,39011,291,0,VideoPacket
1773458962199558,39012,291,0,VideoPacket
1773458962199633,39013,291,0,VideoPacket
1773458962199699,39014,547,0,VideoPacket
1773458962199766,39015,547,0,VideoPacket
1773458962199831,39016,547,0,VideoPacket
1773458962199897,39017,547,0,VideoPacket
1773458962242903,39018,291,0,VideoPacket
1773458962242990,39019,291,0,VideoPacket
1773458962243056,39020,291,0,VideoPacket
1773458962243123,39021,291,0,VideoPacket
1773458962243187,39022,291,0,VideoPacket
1773458962243254,39023,291,0,VideoPacket
1773458962243320,39024,291,0,VideoPacket
1773458962243381,39025,291,0,VideoPacket
1773458962243445,39026,291,0,VideoPacket
1773458962243508,39027,291,0,VideoPacket
1773458962243586,39028,291,0,VideoPacket
1773458962243649,39029,291,0,VideoPacket
1773458962243714,39030,291,0,VideoPacket
1773458962283161,39031,291,0,VideoPacket
1773458962283259,39032,291,0,VideoPacket
1773458962283315,39033,291,0,VideoPacket
1773458962283378,39034,291,0,VideoPacket
1773458962283432,39035,291,0,VideoPacket
1773458962283533,39036,291,0,VideoPacket
1773458962283617,39037,291,0,VideoPacket
1773458962283683,39038,291,0,VideoPacket
1773458962283756,39039,291,0,VideoPacket
1773458962283822,39040,291,0,VideoPacket
1773458962283889,39041,291,0,VideoPacket
1773458962283950,39042,291,0,VideoPacket
1773458962284014,39043,291,0,VideoPacket
1773458962324467,39044,291,0,VideoPacket
1773458962324559,39045,291,0,VideoPacket
1773458962324637,39046,291,0,VideoPacket
1773458962324699,39047,291,0,VideoPacket
1773458962324762,39048,291,0,VideoPacket
1773458962324825,39049,291,0,VideoPacket
1773458962324892,39050,291,0,VideoPacket
1773458962324957,39051,291,0,VideoPacket
1773458962325021,39052,291,0,VideoPacket
1773458962325083,39053,291,0,VideoPacket
1773458962325149,39054,291,0,VideoPacket
1773458962325215,39055,547,0,VideoPacket
1773458962325276,39056,547,0,VideoPacket
1773458962370121,39057,291,0,VideoPacket
1773458962370229,39058,291,0,VideoPacket
1773458962370298,39059,291,0,VideoPacket
1773458962370365,39060,291,0,VideoPacket
1773458962370465,39061,291,0,VideoPacket
1773458962370532,39062,291,1,VideoPacket
1773458962370610,39063,291,1,VideoPacket
1773458962370689,39064,291,1,VideoPacket
1773458962370775,39065,291,1,VideoPacket
1773458962370865,39066,291,1,VideoPacket
1773458962370947,39067,291,1,VideoPacket
1773458962371038,39068,291,1,VideoPacket
1773458962371120,39069,291,1,VideoPacket
1773458962410607,39070,291,1,VideoPacket
1773458962410697,39071,291,1,VideoPacket
1773458962410779,39072,291,1,VideoPacket
1773458962410864,39073,291,1,VideoPacket
1773458962410947,39074,291,1,VideoPacket
1773458962411031,39075,291,1,VideoPacket
1773458962411114,39076,291,1,VideoPacket
1773458962411197,39077,291,1,VideoPacket
1773458962411280,39078,291,0,VideoPacket
1773458962411363,39079,291,0,VideoPacket
1773458962411448,39080,291,0,VideoPacket
1773458962411531,39081,291,0,VideoPacket
1773458962411630,39082,291,0,VideoPacket
1773458962450235,39083,291,0,VideoPacket
1773458962450324,39084,1059,0,VideoPacket
1773458962450391,39085,1059,0,VideoPacket
1773458962450468,39086,1059,0,VideoPacket
1773458962450551,39087,1059,0,VideoPacket
1773458962494371,39088,291,0,VideoPacket
1773458962494482,39089,291,0,VideoPacket
1773458962494580,39090,291,0,VideoPacket
1773458962494660,39091,291,0,VideoPacket
1773458962494742,39092,291,0,VideoPacket
1773458962494821,39093,291,0,VideoPacket
1773458962494903,39094,291,0,VideoPacket
1773458962494983,39095,291,0,VideoPacket
1773458962495065,39096,291,0,VideoPacket
1773458962495144,39097,291,0,VideoPacket
1773458962495226,39098,547,0,VideoPacket
1773458962495314,39099,547,0,VideoPacket
1773458962536611,39100,547,0,VideoPacket
1773458962536709,39101,291,0,VideoPacket
1773458962536793,39102,291,0,VideoPacket
1773458962536874,39103,291,0,VideoPacket
1773458962536998,39104,291,0,VideoPacket
1773458962537068,39105,291,0,VideoPacket
1773458962537129,39106,291,0,VideoPacket
1773458962537195,39107,291,0,VideoPacket
1773458962537262,39108,291,0,VideoPacket
1773458962537329,39109,291,0,VideoPacket
1773458962537395,39110,291,0,VideoPacket
1773458962537462,39111,291,0,VideoPacket
1773458962537529,39112,291,0,VideoPacket
1773458962579357,39113,291,0,VideoPacket
1773458962579470,39114,291,0,VideoPacket
1773458962579550,39115,291,0,VideoPacket
1773458962579644,39116,291,0,VideoPacket
1773458962579725,39117,291,0,VideoPacket
1773458962579807,39118,291,0,VideoPacket
1773458962579888,39119,291,0,VideoPacket
1773458962579972,39120,291,0,VideoPacket
1773458962580062,39121,291,0,VideoPacket
1773458962580147,39122,291,0,VideoPacket
1773458962580226,39123,291,0,VideoPacket
1773458962580307,39124,291,0,VideoPacket
1773458962580387,39125,291,0,VideoPacket
1773458962620316,39126,291,0,VideoPacket
1773458962620417,39127,291,0,VideoPacket
1773458962620503,39128,291,0,VideoPacket
1773458962620598,39129,291,0,VideoPacket
1773458962620666,39130,291,0,VideoPacket
1773458962620753,39131,291,0,VideoPacket
1773458962620818,39132,291,0,VideoPacket
1773458962620898,39133,291,0,VideoPacket
1773458962620982,39134,291,0,VideoPacket
1773458962621064,39135,291,0,VideoPacket
1773458962621149,39136,291,0,VideoPacket
1773458962621232,39137,291,0,VideoPacket
1773458962621331,39138,291,0,VideoPacket
1773458962662128,39139,291,0,VideoPacket
1773458962662223,39140,291,0,VideoPacket
1773458962662306,39141,291,0,VideoPacket
1773458962662388,39142,547,0,VideoPacket
1773458962662484,39143,547,0,VideoPacket
1773458962662598,39144,291,0,VideoPacket
1773458962662700,39145,291,0,VideoPacket
1773458962662818,39146,291,0,VideoPacket
1773458962662922,39147,547,0,VideoPacket
1773458962663023,39148,547,0,VideoPacket
1773458962702741,39149,547,0,VideoPacket
1773458962702850,39150,547,0,VideoPacket
1773458962702953,39151,547,0,VideoPacket
1773458962703053,39152,547,0,VideoPacket
1773458962703153,39153,547,0,VideoPacket
1773458962703252,39154,547,0,VideoPacket
1773458962703351,39155,547,0,VideoPacket
1773458962703450,39156,547,0,VideoPacket
1773458962745599,39157,547,0,VideoPacket
1773458962745707,39158,547,0,VideoPacket
1773458962745809,39159,547,0,VideoPacket
1773458962745910,39160,547,0,VideoPacket
1773458962746012,39161,291,1,VideoPacket
1773458962746113,39162,291,1,VideoPacket
1773458962746213,39163,291,1,VideoPacket
1773458962746313,39164,291,1,VideoPacket
1773458962746413,39165,291,1,VideoPacket
1773458962746513,39166,291,1,VideoPacket
1773458962785965,39167,291,1,VideoPacket
1773458962786088,39168,291,1,VideoPacket
1773458962786188,39169,291,1,VideoPacket
1773458962786288,39170,291,1,VideoPacket
1773458962786389,39171,291,1,VideoPacket
1773458962786487,39172,291,1,VideoPacket
1773458962786596,39173,291,1,VideoPacket
1773458962786695,39174,291,1,VideoPacket
1773458962786795,39175,291,1,VideoPacket
1773458962786895,39176,291,0,VideoPacket
1773458962786995,39177,291,0,VideoPacket
1773458962787094,39178,291,0,VideoPacket
1773458962787196,39179,291,0,VideoPacket
1773458962827913,39180,291,0,VideoPacket
1773458962828022,39181,291,0,VideoPacket
1773458962828142,39182,291,0,VideoPacket
1773458962828242,39183,291,0,VideoPacket
1773458962828342,39184,291,0,VideoPacket
1773458962828441,39185,291,0,VideoPacket
1773458962828541,39186,291,0,VideoPacket
1773458962828656,39187,291,0,VideoPacket
1773458962828756,39188,291,0,VideoPacket
1773458962828857,39189,291,1,VideoPacket
1773458962828956,39190,291,1,VideoPacket
1773458962829057,39191,291,1,VideoPacket
1773458962829156,39192,291,1,VideoPacket
1773458962867336,39193,291,1,VideoPacket
1773458962867473,39194,291,1,VideoPacket
1773458962867614,39195,291,1,VideoPacket
1773458962867717,39196,291,1,VideoPacket
1773458962867812,39197,291,1,VideoPacket
1773458962867912,39198,291,1,VideoPacket
1773458962868016,39199,291,1,VideoPacket
1773458962868138,39200,291,1,VideoPacket
1773458962868236,39201,291,1,VideoPacket
1773458962868337,39202,291,1,VideoPacket
1773458962868432,39203,291,1,VideoPacket
1773458962868527,39204,291,1,VideoPacket
1773458962868632,39205,291,1,VideoPacket
1773458962907443,39206,291,1,VideoPacket
1773458962907565,39207,291,1,VideoPacket
1773458962907668,39208,291,1,VideoPacket
1773458962907764,39209,291,1,VideoPacket
1773458962907854,39210,291,1,VideoPacket
1773458962907945,39211,291,1,VideoPacket
1773458962908029,39212,291,1,VideoPacket
1773458962908131,39213,291,1,VideoPacket
1773458962908198,39214,291,1,VideoPacket
1773458962908262,39215,291,1,VideoPacket
1773458962908330,39216,291,1,VideoPacket
1773458962908400,39217,291,1,VideoPacket
1773458962908465,39218,291,1,VideoPacket
1773458962948285,39219,291,1,VideoPacket
1773458962948404,39220,291,0,VideoPacket
1773458962948473,39221,291,0,VideoPacket
1773458962948537,39222,291,0,VideoPacket
1773458962948615,39223,291,0,VideoPacket
1773458962948681,39224,291,0,VideoPacket
1773458962948745,39225,291,0,VideoPacket
1773458962948809,39226,291,0,VideoPacket
1773458962948871,39227,291,0,VideoPacket
1773458962948935,39228,291,0,VideoPacket
1773458962949000,39229,291,0,VideoPacket
1773458962949074,39230,291,0,VideoPacket
1773458962949138,39231,291,0,VideoPacket
1773458962987826,39232,291,0,VideoPacket
1773458962987943,39233,291,0,VideoPacket
1773458962988009,39234,291,0,VideoPacket
1773458962988090,39235,291,0,VideoPacket
1773458962988154,39236,291,0,VideoPacket
1773458962988222,39237,803,0,VideoPacket
1773458962988299,39238,803,0,VideoPacket
1773458962988370,39239,803,0,VideoPacket
1773458962988434,39240,291,0,VideoPacket
1773458963034361,39241,291,0,VideoPacket
1773458963034503,39242,291,0,VideoPacket
1773458963034592,39243,291,0,VideoPacket
1773458963034659,39244,291,0,VideoPacket
1773458963034723,39245,291,0,VideoPacket
1773458963034786,39246,291,0,VideoPacket
1773458963034852,39247,291,0,VideoPacket
1773458963034917,39248,291,0,VideoPacket
1773458963034978,39249,291,0,VideoPacket
1773458963035043,39250,291,0,VideoPacket
1773458963035104,39251,291,0,VideoPacket
1773458963035165,39252,291,0,VideoPacket
1773458963035230,39253,291,0,VideoPacket
1773458963071421,39254,291,0,VideoPacket
1773458963071535,39255,291,0,VideoPacket
1773458963071609,39256,291,0,VideoPacket
1773458963071673,39257,291,0,VideoPacket
1773458963071735,39258,547,0,VideoPacket
1773458963071796,39259,547,0,VideoPacket
1773458963071861,39260,291,0,VideoPacket
1773458963071922,39261,291,0,VideoPacket
1773458963071985,39262,291,0,VideoPacket
1773458963072061,39263,291,0,VideoPacket
1773458963072129,39264,291,0,VideoPacket
1773458963072194,39265,291,0,VideoPacket
1773458963114713,39266,291,0,VideoPacket
1773458963114814,39267,291,0,VideoPacket
1773458963114880,39268,291,0,VideoPacket
1773458963114945,39269,291,0,VideoPacket
1773458963115008,39270,291,0,VideoPacket
1773458963115069,39271,291,0,VideoPacket
1773458963115135,39272,291,0,VideoPacket
1773458963115203,39273,291,0,VideoPacket
1773458963115278,39274,291,0,VideoPacket
1773458963115345,39275,291,0,VideoPacket
1773458963115411,39276,291,0,VideoPacket
1773458963115477,39277,291,0,VideoPacket
1773458963115541,39278,291,0,VideoPacket
1773458963153506,17428,549,0,Retransmission:38781
1773458963153601,17429,549,0,Retransmission:38785
1773458963153660,39279,291,0,VideoPacket
1773458963153730,39280,291,0,VideoPacket
1773458963153791,39281,291,0,VideoPacket
1773458963153850,39282,291,0,VideoPacket
1773458963153910,39283,291,0,VideoPacket
1773458963153972,39284,291,0,VideoPacket
1773458963154033,39285,291,0,VideoPacket
1773458963154096,39286,291,0,VideoPacket
1773458963154157,39287,291,0,VideoPacket
1773458963154233,39288,291,0,VideoPacket
1773458963154296,39289,291,0,VideoPacket
1773458963154357,39290,291,0,VideoPacket
1773458963154421,39291,291,0,VideoPacket
1773458963154482,39292,547,0,VideoPacket
1773458963154545,39293,547,0,VideoPacket
1773458963154623,39294,547,0,VideoPacket
1773458963154688,39295,547,0,VideoPacket
1773458963154748,39296,547,0,VideoPacket
1773458963154811,39297,547,0,VideoPacket
1773458963154872,39298,291,0,VideoPacket
1773458963154936,39299,291,0,VideoPacket
1773458963154999,39300,291,0,VideoPacket
1773458963155064,39301,291,0,VideoPacket
1773458963155130,39302,291,0,VideoPacket
1773458963155195,39303,291,0,VideoPacket
1773458963155255,39304,291,0,VideoPacket
1773458963155318,39305,291,0,VideoPacket
1773458963155377,39306,291,0,VideoPacket
1773458963155440,39307,291,0,VideoPacket
1773458963155501,39308,291,0,VideoPacket
1773458963155579,39309,291,0,VideoPacket
1773458963155646,39310,291,0,VideoPacket
1773458963155711,39311,291,0,VideoPacket
1773458963155771,39312,291,0,VideoPacket
1773458963155834,39313,291,0,VideoPacket
1773458963155896,39314,291,0,VideoPacket
1773458963155956,39315,291,0,VideoPacket
1773458963156017,39316,291,0,VideoPacket
1773458963156098,39317,291,0,VideoPacket
1773458963156162,39318,291,0,VideoPacket
1773458963165805,17430,293,0,Retransmission:38817
1773458963204518,39319,291,0,VideoPacket
1773458963204640,39320,291,0,VideoPacket
1773458963204721,39321,291,0,VideoPacket
1773458963216329,17431,293,0,Retransmission:38846
1773458963251609,17432,293,0,Retransmission:38877
1773458963266148,17433,293,0,Retransmission:38886
1773458963295661,39322,291,0,VideoPacket
1773458963295753,39323,291,0,VideoPacket
1773458963295820,39324,291,0,VideoPacket
1773458963332267,17434,293,0,Retransmission:38934
1773458963343745,17435,293,0,Retransmission:38943
1773458963362755,17436,293,0,Retransmission:38957
1773458963368421,17437,549,0,Retransmission:38963
1773458963371620,39325,291,0,VideoPacket
1773458963371740,39326,291,0,VideoPacket
1773458963371806,39327,291,0,VideoPacket
1773458963379752,17438,293,0,Retransmission:38969
1773458963413040,17439,293,0,Retransmission:38998
1773458963430141,17440,549,0,Retransmission:39015
1773458963455171,39328,291,0,VideoPacket
1773458963455284,39329,291,0,VideoPacket
1773458963455354,39330,291,0,VideoPacket
1773458963466347,17441,293,0,Retransmission:39033
1773458963466444,17442,293,0,Retransmission:39036
1773458963466523,17443,293,0,Retransmission:39040
1773458963513391,17444,293,0,Retransmission:39074
1773458963538248,39331,291,0,VideoPacket
1773458963538340,39332,291,0,VideoPacket
1773458963538409,39333,291,0,VideoPacket
1773458963563452,17445,293,0,Retransmission:39110
1773458963577775,17446,293,0,Retransmission:39120
1773458963625280,17447,293,0,Retransmission:39145
1773458963666891,17448,293,0,Retransmission:39170
1773458963709235,39334,291,0,VideoPacket
1773458963709352,39335,291,0,VideoPacket
1773458963709442,39336,291,0,VideoPacket
1773458963709526,39337,291,0,VideoPacket
1773458963709605,39338,291,0,VideoPacket
1773458963709674,39339,291,0,VideoPacket
1773458963709746,39340,291,0,VideoPacket
1773458963709813,39341,291,0,VideoPacket
1773458963709878,39342,291,0,VideoPacket
1773458963709942,39343,291,0,VideoPacket
1773458963710004,39344,291,0,VideoPacket
1773458963710070,39345,291,0,VideoPacket
1773458963710138,39346,291,0,VideoPacket
1773458963710204,39347,291,0,VideoPacket
1773458963710268,39348,291,0,VideoPacket
1773458963710329,39349,291,0,VideoPacket
1773458963710393,39350,291,0,VideoPacket
1773458963710456,39351,291,0,VideoPacket
1773458963710516,39352,291,0,VideoPacket
1773458963710593,39353,291,0,VideoPacket
1773458963710659,39354,291,0,VideoPacket
1773458963710725,39355,291,0,VideoPacket
1773458963710789,39356,291,0,VideoPacket
1773458963710850,39357,291,0,VideoPacket
1773458963773426,17449,293,0,Retransmission:39205
1773458963791999,39358,291,0,VideoPacket
1773458963792111,39359,291,0,VideoPacket
1773458963792200,39360,291,0,VideoPacket
1773458963792271,39361,291,0,VideoPacket
1773458963792336,39362,291,0,VideoPacket
1773458963792398,39363,291,0,VideoPacket
1773458963792462,39364,291,0,VideoPacket
1773458963792524,39365,291,0,VideoPacket
1773458963792597,39366,291,0,VideoPacket
1773458963792661,39367,291,0,VideoPacket
1773458963792724,39368,291,0,VideoPacket
1773458963792785,39369,291,0,VideoPacket
1773458963792845,39370,291,0,VideoPacket
1773458963792920,39371,291,0,VideoPacket
1773458963793022,39372,291,0,VideoPacket
1773458963793119,39373,291,0,VideoPacket
1773458963793215,39374,291,0,VideoPacket
1773458963820778,17450,293,0,Retransmission:39227
1773458963874299,39375,291,0,VideoPacket
1773458963874430,39376,291,0,VideoPacket
1773458963874531,39377,291,0,VideoPacket
1773458963874645,39378,291,0,VideoPacket
1773458963874746,39379,291,0,VideoPacket
1773458963874847,39380,291,0,VideoPacket
1773458963874940,39381,291,0,VideoPacket
1773458963875033,39382,291,0,VideoPacket
1773458963875126,39383,291,0,VideoPacket
1773458963875240,39384,291,0,VideoPacket
1773458963892112,17451,549,0,Retransmission:39292
1773458963906876,17452,293,0,Retransmission:39301
1773458963921612,17453,293,0,Retransmission:39311
1773458963949278,17454,293,0,Retransmission:39321
1773458963957125,39385,1059,0,VideoPacket
1773458963957224,39386,1059,0,VideoPacket
1773458963957296,39387,1059,0,VideoPacket
1773458963957363,39388,1059,0,VideoPacket
1773458963957431,39389,1059,0,VideoPacket
1773458964026039,17455,293,0,Retransmission:39368
1773458964054725,39390,291,1,VideoPacket
1773458964054825,39391,291,1,VideoPacket
1773458964054895,39392,291,1,VideoPacket
1773458964054961,39393,291,1,VideoPacket
1773458964055028,39394,291,1,VideoPacket
1773458964055093,39395,291,1,VideoPacket
1773458964055160,39396,291,1,VideoPacket
1773458964055225,39397,291,1,VideoPacket
1773458964055294,39398,291,1,VideoPacket
1773458964055361,39399,291,1,VideoPacket
1773458964055427,39400,291,1,VideoPacket
1773458964055491,39401,291,1,VideoPacket
1773458964055557,39402,291,1,VideoPacket
1773458964055636,39403,291,1,VideoPacket
1773458964055719,39404,291,1,VideoPacket
1773458964055786,39405,291,1,VideoPacket
1773458964055853,39406,291,1,VideoPacket
1773458964055919,39407,291,1,VideoPacket
1773458964055985,39408,291,1,VideoPacket
1773458964056064,39409,291,1,VideoPacket
1773458964056153,39410,291,1,VideoPacket
1773458964056221,39411,291,1,VideoPacket
1773458964056289,39412,291,1,VideoPacket
1773458964056354,39413,291,1,VideoPacket
1773458964056422,39414,291,1,VideoPacket
1773458964056492,39415,291,1,VideoPacket
1773458964056583,39416,291,1,VideoPacket
1773458964056665,39417,291,1,VideoPacket
1773458964056732,39418,291,1,VideoPacket
1773458964056798,39419,291,1,VideoPacket
1773458964056866,39420,291,1,VideoPacket
1773458964056932,39421,291,1,VideoPacket
1773458964056995,39422,291,1,VideoPacket
1773458964057054,39423,291,1,VideoPacket
1773458964057118,39424,291,1,VideoPacket
1773458964057185,39425,291,1,VideoPacket
1773458964057249,39426,291,1,VideoPacket
1773458964057310,39427,291,1,VideoPacket
1773458964057372,39428,291,1,VideoPacket
1773458964057436,39429,291,1,VideoPacket
1773458964057501,39430,291,1,VideoPacket
1773458964057564,39431,291,1,VideoPacket
1773458964057639,39432,291,1,VideoPacket
1773458964057706,39433,1315,1,VideoPacket
1773458964057769,39434,1315,1,VideoPacket
1773458964057832,39435,1315,1,VideoPacket
1773458964057902,39436,1315,1,VideoPacket
1773458964057967,39437,1315,1,VideoPacket
1773458964099509,39438,1315,1,VideoPacket
1773458964099612,39439,1315,1,VideoPacket
1773458964099694,39440,1315,1,VideoPacket
1773458964132272,39441,291,0,VideoPacket
1773458964132363,39442,291,0,VideoPacket
1773458964132425,39443,291,0,VideoPacket
1773458964132484,39444,291,0,VideoPacket
1773458964132544,39445,291,0,VideoPacket
1773458964164309,39446,291,0,VideoPacket
1773458964164427,39447,291,0,VideoPacket
1773458964164499,39448,291,0,VideoPacket
1773458964164585,39449,291,0,VideoPacket
1773458964164655,39450,291,0,VideoPacket
1773458964164723,39451,291,0,VideoPacket
1773458964164790,39452,291,0,VideoPacket
1773458964164855,39453,291,0,VideoPacket
1773458964164921,39454,291,0,VideoPacket
1773458964164988,39455,291,0,VideoPacket
1773458964165053,39456,291,0,VideoPacket
1773458964165120,39457,291,0,VideoPacket
1773458964165191,39458,291,0,VideoPacket
1773458964165251,39459,291,0,VideoPacket
1773458964165311,39460,291,0,VideoPacket
1773458964165371,39461,291,0,VideoPacket
1773458964165433,39462,291,0,VideoPacket
1773458964165492,39463,291,0,VideoPacket
1773458964165552,39464,291,0,VideoPacket
1773458964206167,39465,291,0,VideoPacket
1773458964206250,39466,291,0,VideoPacket
1773458964206315,39467,291,0,VideoPacket
1773458964206377,39468,291,0,VideoPacket
1773458964206440,39469,291,0,VideoPacket
1773458964206502,39470,291,0,VideoPacket
1773458964206566,39471,291,0,VideoPacket
1773458964206649,39472,291,0,VideoPacket
1773458964206714,39473,291,0,VideoPacket
1773458964206774,39474,291,0,VideoPacket
1773458964206833,39475,291,0,VideoPacket
1773458964206892,39476,291,0,VideoPacket
1773458964206951,39477,291,0,VideoPacket
1773458964207010,39478,291,0,VideoPacket
1773458964207069,39479,291,0,VideoPacket
1773458964207127,39480,291,0,VideoPacket
1773458964207189,39481,291,0,VideoPacket
1773458964207248,39482,291,0,VideoPacket
1773458964207309,39483,291,0,VideoPacket
1773458964247327,39484,291,0,VideoPacket
1773458964247409,39485,291,0,VideoPacket
1773458964339584,39486,291,0,VideoPacket
1773458964339666,39487,291,0,VideoPacket
1773458964339755,39488,291,0,VideoPacket
1773458964339822,39489,291,0,VideoPacket
1773458964394861,39490,291,0,VideoPacket
1773458964394953,39491,291,0,VideoPacket
1773458964395193,17456,1061,0,Retransmission:39387
1773458964395283,17457,293,0,Retransmission:39396
1773458964395378,17458,293,0,Retransmission:39404
1773458964398334,17459,293,0,Retransmission:39446
1773458964433274,39492,291,0,VideoPacket
1773458964433363,39493,291,0,VideoPacket
1773458964433426,39494,291,0,VideoPacket
1773458964434153,17460,293,0,Retransmission:39473
1773458964434248,17461,293,0,Retransmission:39474
1773458964434340,17462,293,0,Retransmission:39477
1773458964537618,39495,291,0,VideoPacket
1773458964537712,39496,291,0,VideoPacket
1773458964537795,39497,291,0,VideoPacket
1773458964559589,39498,291,0,VideoPacket
1773458964559672,39499,291,0,VideoPacket
1773458964559753,39500,291,0,VideoPacket
1773458964584835,39501,291,0,VideoPacket
1773458964584919,39502,291,0,VideoPacket
1773458964584999,39503,291,0,VideoPacket
1773458964603678,39504,291,0,VideoPacket
1773458964603763,39505,291,0,VideoPacket
1773458964603833,39506,291,0,VideoPacket
1773458964603914,39507,291,0,VideoPacket
1773458964603998,39508,291,0,VideoPacket
1773458964604094,39509,291,0,VideoPacket
1773458964604179,39510,291,0,VideoPacket
1773458964604259,39511,291,0,VideoPacket
1773458964604342,39512,291,0,VideoPacket
1773458964604421,39513,291,0,VideoPacket
1773458964604503,39514,291,0,VideoPacket
1773458964604591,39515,291,0,VideoPacket
1773458964604675,39516,291,0,VideoPacket
1773458964604760,39517,291,0,VideoPacket
1773458964604843,39518,291,0,VideoPacket
1773458964604923,39519,291,0,VideoPacket
1773458964605006,39520,291,0,VideoPacket
1773458964605085,39521,291,0,VideoPacket
1773458964605168,39522,291,0,VideoPacket
1773458964605246,39523,291,0,VideoPacket
1773458964605332,39524,291,0,VideoPacket
1773458964605414,39525,291,0,VideoPacket
1773458964605496,39526,291,0,VideoPacket
1773458964605582,39527,291,0,VideoPacket
1773458964605664,39528,291,0,VideoPacket
1773458964605744,39529,291,0,VideoPacket
1773458964605826,39530,291,0,VideoPacket
1773458964605905,39531,291,0,VideoPacket
1773458964605987,39532,291,0,VideoPacket
1773458964606066,39533,291,0,VideoPacket
1773458964606148,39534,291,0,VideoPacket
1773458964606228,39535,291,0,VideoPacket
1773458964606311,39536,291,0,VideoPacket
1773458964606397,39537,291,0,VideoPacket
1773458964606503,39538,291,0,VideoPacket
1773458964606614,39539,291,0,VideoPacket
1773458964606724,39540,291,0,VideoPacket
1773458964606828,39541,291,0,VideoPacket
1773458964606931,39542,291,0,VideoPacket
1773458964607034,39543,291,0,VideoPacket
1773458964607143,39544,291,0,VideoPacket
1773458964607242,39545,291,0,VideoPacket
1773458964607343,39546,291,0,VideoPacket
1773458964607440,39547,291,0,VideoPacket
1773458964607541,39548,291,0,VideoPacket
1773458964607651,39549,291,0,VideoPacket
1773458964607750,39550,291,0,VideoPacket
1773458964607852,39551,291,0,VideoPacket
1773458964607953,39552,291,0,VideoPacket
1773458964608063,39553,291,0,VideoPacket
1773458964608167,39554,291,0,VideoPacket
1773458964608270,39555,291,0,VideoPacket
1773458964608369,39556,291,0,VideoPacket
1773458964608467,39557,291,0,VideoPacket
1773458964608582,39558,291,0,VideoPacket
1773458964608683,39559,291,0,VideoPacket
1773458964608780,39560,291,0,VideoPacket
1773458964608878,39561,291,0,VideoPacket
1773458964608969,39562,291,0,VideoPacket
1773458964609060,39563,291,0,VideoPacket
1773458964644460,39564,291,0,VideoPacket
1773458964644587,39565,291,0,VideoPacket
1773458964644705,39566,291,0,VideoPacket
1773458964644819,39567,291,0,VideoPacket
1773458964644934,39568,291,0,VideoPacket
1773458964645049,39569,291,0,VideoPacket
1773458964674029,39570,291,0,VideoPacket
1773458964674146,39571,291,0,VideoPacket
1773458964674249,39572,291,0,VideoPacket
1773458964674336,39573,291,0,VideoPacket
1773458964674450,39574,291,0,VideoPacket
1773458964674549,39575,291,0,VideoPacket
1773458964727430,39576,291,0,VideoPacket
1773458964727539,39577,291,0,VideoPacket
1773458964727648,39578,291,0,VideoPacket
1773458964727747,39579,291,0,VideoPacket
1773458964727847,39580,291,0,VideoPacket
1773458964727946,39581,291,0,VideoPacket
1773458964728057,39582,291,0,VideoPacket
1773458964728158,39583,291,0,VideoPacket
1773458964728260,39584,291,0,VideoPacket
1773458964728351,39585,291,0,VideoPacket
1773458964728449,39586,291,0,VideoPacket
1773458964728544,39587,291,0,VideoPacket
1773458964728653,39588,291,0,VideoPacket
1773458964728752,39589,291,0,VideoPacket
1773458964728852,39590,291,0,VideoPacket
1773458964728950,39591,291,0,VideoPacket
1773458964729050,39592,291,0,VideoPacket
1773458964729153,39593,291,0,VideoPacket
1773458964729253,39594,291,0,VideoPacket
1773458964729364,39595,291,0,VideoPacket
1773458964729464,39596,291,0,VideoPacket
1773458964729563,39597,291,0,VideoPacket
1773458964729676,39598,291,0,VideoPacket
1773458964729775,39599,291,0,VideoPacket
1773458964729874,39600,291,0,VideoPacket
1773458964729972,39601,291,0,VideoPacket
1773458964730065,39602,291,0,VideoPacket
1773458964730154,39603,291,0,VideoPacket
1773458964730251,39604,291,0,VideoPacket
1773458964730347,39605,291,0,VideoPacket
1773458964730444,39606,291,0,VideoPacket
1773458964730545,39607,291,0,VideoPacket
1773458964730654,39608,291,0,VideoPacket
1773458964730752,39609,291,0,VideoPacket
1773458964730851,39610,291,0,VideoPacket
1773458964730950,39611,291,0,VideoPacket
1773458964731049,39612,291,0,VideoPacket
1773458964731146,39613,291,0,VideoPacket
1773458964731244,39614,291,0,VideoPacket
1773458964731345,39615,291,0,VideoPacket
1773458964731444,39616,291,0,VideoPacket
1773458964731546,39617,291,0,VideoPacket
1773458964731654,39618,291,0,VideoPacket
1773458964731753,39619,291,0,VideoPacket
1773458964731853,39620,291,0,VideoPacket
1773458964731943,39621,291,0,VideoPacket
1773458964732051,39622,291,0,VideoPacket
1773458964732152,39623,291,0,VideoPacket
1773458964732252,39624,291,0,VideoPacket
1773458964732350,39625,291,0,VideoPacket
1773458964732448,39626,291,0,VideoPacket
1773458964732546,39627,291,0,VideoPacket
1773458964732655,39628,291,0,VideoPacket
1773458964732754,39629,291,0,VideoPacket
1773458964732853,39630,291,0,VideoPacket
1773458964732952,39631,291,0,VideoPacket
1773458964733052,39632,291,0,VideoPacket
1773458964733151,39633,291,0,VideoPacket
1773458964733249,39634,291,0,VideoPacket
1773458964733347,39635,291,0,VideoPacket
1773458964773739,17463,293,0,Retransmission:39502
1773458964773854,39636,291,0,VideoPacket
1773458964773959,39637,291,0,VideoPacket
1773458964774059,39638,291,0,VideoPacket
1773458964774159,39639,291,0,VideoPacket
1773458964774257,39640,291,0,VideoPacket
1773458964774379,39641,291,0,VideoPacket
1773458964774473,39642,291,0,VideoPacket
1773458964774586,39643,291,0,VideoPacket
1773458964774688,39644,291,0,VideoPacket
1773458964774788,39645,291,0,VideoPacket
1773458964774887,39646,291,0,VideoPacket
1773458964774986,39647,291,0,VideoPacket
1773458964775084,39648,291,0,VideoPacket
1773458964775183,39649,291,0,VideoPacket
1773458964775282,39650,291,0,VideoPacket
1773458964775380,39651,291,0,VideoPacket
1773458964775481,39652,291,0,VideoPacket
1773458964775588,39653,291,0,VideoPacket
1773458964775689,39654,291,0,VideoPacket
1773458964775789,39655,291,0,VideoPacket
1773458964775888,39656,291,0,VideoPacket
1773458964775987,39657,291,0,VideoPacket
1773458964776101,39658,291,0,VideoPacket
1773458964776201,39659,291,0,VideoPacket
1773458964776303,39660,291,0,VideoPacket
1773458964776402,39661,291,0,VideoPacket
1773458964776500,39662,291,0,VideoPacket
1773458964776608,39663,291,0,VideoPacket
1773458964776709,39664,291,0,VideoPacket
1773458964776808,39665,291,0,VideoPacket
1773458964776909,39666,291,0,VideoPacket
1773458964777009,39667,291,0,VideoPacket
1773458964777110,39668,291,0,VideoPacket
1773458964777209,39669,291,0,VideoPacket
1773458964777308,39670,291,0,VideoPacket
1773458964777408,39671,291,0,VideoPacket
1773458964777508,39672,291,0,VideoPacket
1773458964777619,39673,291,0,VideoPacket
1773458964777722,39674,291,0,VideoPacket
1773458964777822,39675,291,0,VideoPacket
1773458964777923,39676,291,0,VideoPacket
1773458964778023,39677,291,0,VideoPacket
1773458964778122,39678,291,0,VideoPacket
1773458964778223,39679,803,0,VideoPacket
1773458964778323,39680,803,0,VideoPacket
1773458964790947,39681,291,0,VideoPacket
1773458964791059,39682,291,0,VideoPacket
1773458964791164,39683,291,0,VideoPacket
1773458964791267,39684,291,0,VideoPacket
1773458964791371,39685,291,0,VideoPacket
1773458964791475,39686,291,0,VideoPacket
1773458964791601,39687,291,0,VideoPacket
1773458964791710,39688,291,0,VideoPacket
1773458964791816,39689,291,0,VideoPacket
1773458964791920,39690,291,0,VideoPacket
1773458964792028,39691,291,0,VideoPacket
1773458964792147,39692,291,0,VideoPacket
1773458964792247,39693,291,0,VideoPacket
1773458964792349,39694,291,0,VideoPacket
1773458964792454,39695,291,0,VideoPacket
1773458964792557,39696,291,0,VideoPacket
1773458964792674,39697,291,0,VideoPacket
1773458964792779,39698,291,0,VideoPacket
1773458964792883,39699,291,0,VideoPacket
1773458964792987,39700,291,0,VideoPacket
1773458964793091,39701,291,0,VideoPacket
1773458964793194,39702,291,0,VideoPacket
1773458964793299,39703,291,0,VideoPacket
1773458964793404,39704,291,0,VideoPacket
1773458964793509,39705,291,0,VideoPacket
1773458964866700,39706,547,0,VideoPacket
1773458964866811,39707,547,0,VideoPacket
1773458964866919,39708,547,0,VideoPacket
1773458964867018,39709,547,0,VideoPacket
1773458964867118,39710,547,0,VideoPacket
1773458964867219,39711,547,0,VideoPacket
1773458964867311,39712,547,0,VideoPacket
1773458964867413,39713,547,0,VideoPacket
1773458964867514,39714,547,0,VideoPacket
1773458964867624,39715,547,0,VideoPacket
1773458964867723,39716,547,0,VideoPacket
1773458964867823,39717,547,0,VideoPacket
1773458964867921,39718,547,0,VideoPacket
1773458964868022,39719,547,0,VideoPacket
1773458964868134,39720,547,0,VideoPacket
1773458964868235,39721,547,0,VideoPacket
1773458964868333,39722,547,0,VideoPacket
1773458964868436,39723,547,0,VideoPacket
1773458964868533,39724,547,0,VideoPacket
1773458964868641,39725,547,0,VideoPacket
1773458964868738,39726,547,0,VideoPacket
1773458964868837,39727,547,0,VideoPacket
1773458964868935,39728,547,0,VideoPacket
1773458964869037,39729,547,0,VideoPacket
1773458964869141,39730,547,0,VideoPacket
1773458964869241,39731,547,0,VideoPacket
1773458964869339,39732,547,0,VideoPacket
1773458964869444,39733,547,0,VideoPacket
1773458964869545,39734,547,0,VideoPacket
1773458964869659,39735,547,0,VideoPacket
1773458964869758,39736,547,0,VideoPacket
1773458964869861,39737,547,0,VideoPacket
1773458964869963,39738,547,0,VideoPacket
1773458964870062,39739,547,0,VideoPacket
1773458964870160,39740,547,0,VideoPacket
1773458964911183,39741,547,0,VideoPacket
1773458964911328,39742,547,0,VideoPacket
1773458964911431,39743,547,0,VideoPacket
1773458964911531,39744,547,0,VideoPacket
1773458964911643,39745,547,0,VideoPacket
1773458964911744,39746,547,0,VideoPacket
1773458964911844,39747,547,0,VideoPacket
1773458964911944,39748,547,0,VideoPacket
1773458964912061,39749,547,0,VideoPacket
1773458964912165,39750,291,0,VideoPacket
1773458964912264,39751,291,0,VideoPacket
1773458964912361,39752,291,0,VideoPacket
1773458964912461,39753,291,0,VideoPacket
1773458964912560,39754,291,0,VideoPacket
1773458964912671,39755,291,0,VideoPacket
1773458964912768,39756,291,0,VideoPacket
1773458964912872,39757,291,0,VideoPacket
1773458964912970,39758,291,0,VideoPacket
1773458964915413,39759,291,0,VideoPacket
1773458964915514,39760,291,0,VideoPacket
1773458964915623,39761,291,0,VideoPacket
1773458964915729,39762,291,0,VideoPacket
1773458964915827,39763,291,0,VideoPacket
1773458964915925,39764,291,0,VideoPacket
1773458964916023,39765,291,0,VideoPacket
1773458964916135,39766,291,0,VideoPacket
1773458964916234,39767,291,0,VideoPacket
1773458964916332,39768,291,0,VideoPacket
1773458964916430,39769,291,0,VideoPacket
1773458964916528,39770,291,0,VideoPacket
1773458964916635,39771,291,0,VideoPacket
1773458964916734,39772,291,0,VideoPacket
1773458964916832,39773,291,0,VideoPacket
1773458964916931,39774,291,0,VideoPacket
1773458964917029,39775,291,0,VideoPacket
1773458964917127,39776,291,0,VideoPacket
1773458964917226,39777,291,0,VideoPacket
1773458964917324,39778,291,0,VideoPacket
1773458964917422,39779,291,0,VideoPacket
1773458964917520,39780,291,0,VideoPacket
1773458964917628,39781,291,0,VideoPacket
1773458964939754,17464,293,0,Retransmission:39504
1773458964939868,17465,293,0,Retransmission:39538
1773458964939976,17466,293,0,Retransmission:39545
1773458964940096,17467,293,0,Retransmission:39550
1773458964940207,17468,293,0,Retransmission:39558
1773458964940314,17469,293,0,Retransmission:39571
1773458964964036,39782,291,0,VideoPacket
1773458964964165,39783,291,0,VideoPacket
1773458964964266,39784,291,0,VideoPacket
1773458964964364,39785,291,0,VideoPacket
1773458964964470,39786,291,0,VideoPacket
1773458964964560,39787,291,0,VideoPacket
1773458964964672,39788,291,0,VideoPacket
1773458964964771,39789,291,0,VideoPacket
1773458964964869,39790,291,0,VideoPacket
1773458964964967,39791,291,0,VideoPacket
1773458964965065,39792,291,0,VideoPacket
1773458964965165,39793,291,0,VideoPacket
1773458964965264,39794,291,0,VideoPacket
1773458964965363,39795,291,0,VideoPacket
1773458964965462,39796,291,0,VideoPacket
1773458964965553,39797,291,0,VideoPacket
1773458964965660,39798,291,0,VideoPacket
1773458964965752,39799,291,0,VideoPacket
1773458964965850,39800,291,0,VideoPacket
1773458964965948,39801,291,0,VideoPacket
1773458964966045,39802,291,0,VideoPacket
1773458964966143,39803,291,0,VideoPacket
1773458964966242,39804,291,0,VideoPacket
1773458964966344,39805,291,0,VideoPacket
1773458964966442,39806,291,0,VideoPacket
1773458964966541,39807,291,0,VideoPacket
1773458964966655,39808,291,0,VideoPacket
1773458964966754,39809,291,0,VideoPacket
1773458964966852,39810,291,0,VideoPacket
1773458964966951,39811,291,0,VideoPacket
1773458964967050,39812,291,0,VideoPacket
1773458964967150,39813,291,0,VideoPacket
1773458964967250,39814,291,0,VideoPacket
1773458964967350,39815,291,0,VideoPacket
1773458964967449,39816,291,0,VideoPacket
1773458964967549,39817,291,0,VideoPacket
1773458964967657,39818,291,0,VideoPacket
1773458964967756,39819,291,0,VideoPacket
1773458964967855,39820,291,0,VideoPacket
1773458964967956,39821,291,0,VideoPacket
1773458964968067,39822,291,0,VideoPacket
1773458964968170,39823,291,0,VideoPacket
1773458964968268,39824,291,0,VideoPacket
1773458964968367,39825,291,0,VideoPacket
1773458964968465,39826,291,0,VideoPacket
1773458964968565,39827,291,0,VideoPacket
1773458964968677,39828,291,0,VideoPacket
1773458964968775,39829,291,0,VideoPacket
1773458964968873,39830,291,0,VideoPacket
1773458964968971,39831,291,0,VideoPacket
1773458964969072,39832,291,0,VideoPacket
1773458964969170,39833,291,0,VideoPacket
1773458964969268,39834,291,0,VideoPacket
1773458964969365,39835,291,0,VideoPacket
1773458964969464,39836,291,0,VideoPacket
1773458964969562,39837,291,0,VideoPacket
1773458964969669,39838,291,0,VideoPacket
1773458964969767,39839,291,0,VideoPacket
1773458964969865,39840,291,0,VideoPacket
1773458964969965,39841,291,0,VideoPacket
1773458965010207,39842,291,0,VideoPacket
1773458965010314,39843,291,0,VideoPacket
1773458965010434,39844,291,0,VideoPacket
1773458965010564,39845,291,0,VideoPacket
1773458965010724,39846,291,0,VideoPacket
1773458965010869,39847,291,0,VideoPacket
1773458965010993,39848,291,0,VideoPacket
1773458965011111,39849,291,0,VideoPacket
1773458965011214,39850,291,0,VideoPacket
1773458965011319,39851,291,0,VideoPacket
1773458965011418,39852,291,0,VideoPacket
1773458965011518,39853,291,0,VideoPacket
1773458965011629,39854,291,0,VideoPacket
1773458965011731,39855,291,0,VideoPacket
1773458965011833,39856,291,0,VideoPacket
1773458965011932,39857,291,0,VideoPacket
1773458965012032,39858,291,0,VideoPacket
1773458965012150,39859,291,0,VideoPacket
1773458965012250,39860,291,0,VideoPacket
1773458965012350,39861,291,0,VideoPacket
1773458965012451,39862,291,0,VideoPacket
1773458965012552,39863,291,0,VideoPacket
1773458965012667,39864,291,0,VideoPacket
1773458965012768,39865,291,0,VideoPacket
1773458965012869,39866,291,0,VideoPacket
1773458965012971,39867,291,0,VideoPacket
1773458965013072,39868,291,0,VideoPacket
1773458965013173,39869,291,0,VideoPacket
1773458965041270,39870,291,0,VideoPacket
1773458965041404,39871,291,0,VideoPacket
1773458965041507,39872,291,0,VideoPacket
1773458965041621,39873,291,0,VideoPacket
1773458965041721,39874,291,0,VideoPacket
1773458965041821,39875,291,0,VideoPacket
1773458965041919,39876,291,0,VideoPacket
1773458965042020,39877,291,0,VideoPacket
1773458965042120,39878,291,0,VideoPacket
1773458965042220,39879,291,0,VideoPacket
1773458965203712,39880,1059,0,VideoPacket
1773458965203828,39881,1059,0,VideoPacket
1773458965203900,39882,1059,0,VideoPacket
1773458965203967,39883,1059,0,VideoPacket
1773458965204032,39884,1059,0,VideoPacket
1773458965204113,39885,1059,0,VideoPacket
1773458965204192,39886,1059,0,VideoPacket
1773458965204260,39887,1059,0,VideoPacket
1773458965204327,39888,1059,0,VideoPacket
1773458965204393,39889,1059,0,VideoPacket
1773458965204457,39890,1059,0,VideoPacket
1773458965204524,39891,1059,0,VideoPacket
1773458965204601,39892,1059,0,VideoPacket
1773458965204670,39893,1059,0,VideoPacket
1773458965204734,39894,1059,0,VideoPacket
1773458965204795,39895,1059,0,VideoPacket
1773458965204855,39896,1059,0,VideoPacket
1773458965204914,39897,547,0,VideoPacket
1773458965204973,39898,547,0,VideoPacket
1773458965205038,39899,547,0,VideoPacket
1773458965246914,39900,547,0,VideoPacket
1773458965247012,39901,547,0,VideoPacket
1773458965247080,39902,547,0,VideoPacket
1773458965247145,39903,547,0,VideoPacket
1773458965247251,39904,547,0,VideoPacket
1773458965247340,39905,547,0,VideoPacket
1773458965247407,39906,547,0,VideoPacket
1773458965247474,39907,547,0,VideoPacket
1773458965247541,39908,547,0,VideoPacket
1773458965247616,39909,547,0,VideoPacket
1773458965247685,39910,547,0,VideoPacket
1773458965247752,39911,547,0,VideoPacket
1773458965247818,39912,547,0,VideoPacket
1773458965247881,39913,547,0,VideoPacket
1773458965247947,39914,547,0,VideoPacket
1773458965248010,39915,547,0,VideoPacket
1773458965248095,39916,1059,0,VideoPacket
1773458965248164,39917,1059,0,VideoPacket
1773458965248229,39918,1059,0,VideoPacket
1773458965248295,39919,1059,0,VideoPacket
1773458965248362,39920,1059,0,VideoPacket
1773458965248427,39921,1059,0,VideoPacket
1773458965248492,39922,1059,0,VideoPacket
1773458965248557,39923,803,0,VideoPacket
1773458965248634,39924,803,0,VideoPacket
1773458965248700,39925,803,0,VideoPacket
1773458965248767,39926,803,0,VideoPacket
1773458965286799,39927,803,0,VideoPacket
1773458965286889,39928,803,0,VideoPacket
1773458965286958,39929,803,0,VideoPacket
1773458965287025,39930,803,0,VideoPacket
1773458965287091,39931,803,0,VideoPacket
1773458965287159,39932,803,0,VideoPacket
1773458965287225,39933,803,0,VideoPacket
1773458965287287,39934,803,0,VideoPacket
1773458965287355,39935,803,0,VideoPacket
1773458965287421,39936,803,0,VideoPacket
1773458965287487,39937,803,0,VideoPacket
1773458965287552,39938,803,0,VideoPacket
1773458965287634,39939,803,0,VideoPacket
1773458965287700,39940,803,0,VideoPacket
1773458965287774,39941,803,0,VideoPacket
1773458965287844,39942,803,0,VideoPacket
1773458965287912,39943,803,0,VideoPacket
1773458965287978,39944,803,0,VideoPacket
1773458965288058,39945,803,0,VideoPacket
1773458965288128,39946,803,0,VideoPacket
1773458965288194,39947,803,0,VideoPacket
1773458965288261,39948,803,0,VideoPacket
1773458965288327,39949,803,0,VideoPacket
1773458965288405,39950,803,0,VideoPacket
1773458965288502,39951,803,0,VideoPacket
1773458965328649,39952,803,0,VideoPacket
1773458965328755,39953,803,0,VideoPacket
1773458965328824,39954,803,0,VideoPacket
1773458965328897,39955,803,0,VideoPacket
1773458965328958,39956,803,0,VideoPacket
1773458965329019,39957,803,0,VideoPacket
1773458965329082,39958,803,0,VideoPacket
1773458965329147,39959,803,0,VideoPacket
1773458965329211,39960,803,0,VideoPacket
1773458965329276,39961,803,0,VideoPacket
1773458965329341,39962,803,0,VideoPacket
1773458965329401,39963,803,0,VideoPacket
1773458965329464,39964,803,0,VideoPacket
1773458965329555,39965,803,0,VideoPacket
1773458965329649,39966,803,0,VideoPacket
1773458965329716,39967,803,0,VideoPacket
1773458965329780,39968,803,0,VideoPacket
1773458965329846,39969,803,0,VideoPacket
1773458965329910,39970,803,0,VideoPacket
1773458965329974,39971,803,0,VideoPacket
1773458965330038,39972,803,0,VideoPacket
1773458965330102,39973,803,0,VideoPacket
1773458965330166,39974,803,0,VideoPacket
1773458965330230,39975,803,0,VideoPacket
1773458965330293,39976,803,0,VideoPacket
1773458965369679,39977,803,0,VideoPacket
1773458965369776,39978,803,0,VideoPacket
1773458965369872,39979,803,0,VideoPacket
1773458965369976,39980,291,0,VideoPacket
1773458965370112,39981,291,0,VideoPacket
1773458965370196,39982,291,0,VideoPacket
1773458965370282,39983,291,0,VideoPacket
1773458965370347,39984,291,0,VideoPacket
1773458965370417,39985,291,0,VideoPacket
1773458965370477,39986,291,0,VideoPacket
1773458965370537,39987,291,0,VideoPacket
1773458965370661,39988,291,0,VideoPacket
1773458965370745,39989,291,0,VideoPacket
1773458965370811,39990,291,0,VideoPacket
1773458965370872,39991,291,0,VideoPacket
1773458965370936,39992,291,0,VideoPacket
1773458965371001,39993,291,0,VideoPacket
1773458965371073,39994,291,0,VideoPacket
1773458965371134,39995,291,0,VideoPacket
1773458965371198,39996,291,0,VideoPacket
1773458965371259,39997,291,0,VideoPacket
1773458965371324,39998,291,0,VideoPacket
1773458965371388,39999,291,0,VideoPacket
1773458965371454,40000,291,0,VideoPacket
1773458965371517,40001,291,0,VideoPacket
1773458965371592,40002,291,0,VideoPacket
1773458965371661,40003,291,0,VideoPacket
1773458965371725,40004,291,0,VideoPacket
1773458965371789,40005,291,0,VideoPacket
1773458965371848,40006,291,0,VideoPacket
1773458965371912,40007,291,0,VideoPacket
1773458965371973,40008,291,0,VideoPacket
1773458965372051,40009,291,0,VideoPacket
1773458965372123,40010,291,0,VideoPacket
1773458965372188,40011,291,0,VideoPacket
1773458965372249,40012,291,0,VideoPacket
1773458965372312,40013,291,0,VideoPacket
1773458965372374,40014,291,0,VideoPacket
1773458965372433,40015,291,0,VideoPacket
1773458965372496,40016,291,0,VideoPacket
1773458965372557,40017,291,0,VideoPacket
1773458965372636,40018,291,0,VideoPacket
1773458965372701,40019,291,0,VideoPacket
1773458965372768,40020,291,0,VideoPacket
1773458965372831,40021,291,0,VideoPacket
1773458965372913,40022,291,0,VideoPacket
1773458965372988,40023,291,0,VideoPacket
1773458965373053,40024,291,0,VideoPacket
1773458965373117,40025,291,0,VideoPacket
1773458965373181,40026,291,0,VideoPacket
1773458965373251,40027,291,0,VideoPacket
1773458965373316,40028,291,0,VideoPacket
1773458965373378,40029,291,0,VideoPacket
1773458965373442,40030,291,0,VideoPacket
1773458965373501,40031,291,0,VideoPacket
1773458965373599,40032,291,0,VideoPacket
1773458965437905,40033,291,0,VideoPacket
1773458965437990,40034,291,0,VideoPacket
1773458965438055,40035,291,0,VideoPacket
1773458965438120,40036,291,0,VideoPacket
1773458965438214,40037,291,0,VideoPacket
1773458965438289,40038,291,0,VideoPacket
1773458965438353,40039,291,0,VideoPacket
1773458965438416,40040,291,0,VideoPacket
1773458965438485,40041,291,0,VideoPacket
1773458965438551,40042,291,0,VideoPacket
1773458965438626,40043,291,0,VideoPacket
1773458965438703,40044,291,0,VideoPacket
1773458965438770,40045,291,0,VideoPacket
1773458965438837,40046,291,0,VideoPacket
1773458965438900,40047,291,0,VideoPacket
1773458965438961,40048,291,0,VideoPacket
1773458965439025,40049,291,0,VideoPacket
1773458965439088,40050,291,0,VideoPacket
1773458965439152,40051,291,0,VideoPacket
1773458965439218,40052,291,0,VideoPacket
1773458965439283,40053,291,0,VideoPacket
1773458965439375,40054,291,0,VideoPacket
1773458965439451,40055,291,0,VideoPacket
1773458965439514,40056,291,0,VideoPacket
1773458965439584,40057,291,0,VideoPacket
1773458965439647,40058,291,0,VideoPacket
1773458965439712,40059,291,0,VideoPacket
1773458965439773,40060,291,0,VideoPacket
1773458965439837,40061,291,0,VideoPacket
1773458965439900,40062,291,0,VideoPacket
1773458965439964,40063,291,0,VideoPacket
1773458965440025,40064,291,0,VideoPacket
1773458965440108,40065,291,0,VideoPacket
1773458965440174,40066,291,0,VideoPacket
1773458965440235,40067,291,0,VideoPacket
1773458965440298,40068,291,0,VideoPacket
1773458965440359,40069,291,0,VideoPacket
1773458965440437,40070,291,0,VideoPacket
1773458965440507,40071,291,0,VideoPacket
1773458965440578,40072,291,0,VideoPacket
1773458965440644,40073,291,0,VideoPacket
1773458965440716,40074,291,0,VideoPacket
1773458965440793,40075,291,0,VideoPacket
1773458965440870,40076,291,0,VideoPacket
1773458965440948,40077,291,0,VideoPacket
1773458965441026,40078,291,0,VideoPacket
1773458965441108,40079,291,0,VideoPacket
1773458965441185,40080,291,0,VideoPacket
1773458965441253,40081,291,0,VideoPacket
1773458965441318,40082,291,0,VideoPacket
1773458965441384,40083,291,0,VideoPacket
1773458965441450,40084,291,0,VideoPacket
1773458965441521,40085,291,0,VideoPacket
1773458965441605,40086,291,0,VideoPacket
1773458965441676,40087,291,0,VideoPacket
1773458965441741,40088,291,0,VideoPacket
1773458965441802,40089,291,0,VideoPacket
1773458965441865,40090,291,0,VideoPacket
1773458965441927,40091,291,0,VideoPacket
1773458965441991,40092,291,0,VideoPacket
1773458965448548,40093,291,0,VideoPacket
1773458965448656,40094,291,0,VideoPacket
1773458965448718,40095,291,0,VideoPacket
1773458965448781,40096,291,0,VideoPacket
1773458965448841,40097,291,0,VideoPacket
1773458965448901,40098,291,0,VideoPacket
1773458965448961,40099,291,0,VideoPacket
1773458965449021,40100,291,0,VideoPacket
1773458965449081,40101,291,0,VideoPacket
1773458965449141,40102,291,0,VideoPacket
1773458965449203,40103,291,0,VideoPacket
1773458965449264,40104,291,0,VideoPacket
1773458965449324,40105,291,0,VideoPacket
1773458965449384,40106,291,0,VideoPacket
1773458965449443,40107,291,0,VideoPacket
1773458965449503,40108,291,0,VideoPacket
1773458965449564,40109,291,0,VideoPacket
1773458965449636,40110,291,0,VideoPacket
1773458965449697,40111,291,0,VideoPacket
1773458965449757,40112,291,0,VideoPacket
1773458965449816,40113,291,0,VideoPacket
1773458965449876,40114,291,0,VideoPacket
1773458965449936,40115,291,0,VideoPacket
1773458965450001,40116,291,0,VideoPacket
1773458965450063,40117,291,0,VideoPacket
1773458965450123,40118,291,0,VideoPacket
1773458965450182,40119,291,0,VideoPacket
1773458965450243,40120,291,0,VideoPacket
1773458965450303,40121,291,0,VideoPacket
1773458965450363,40122,291,0,VideoPacket
1773458965450433,40123,291,0,VideoPacket
1773458965450498,40124,291,0,VideoPacket
1773458965450560,40125,291,0,VideoPacket
1773458965450634,40126,291,0,VideoPacket
1773458965450695,40127,291,0,VideoPacket
1773458965450755,40128,291,0,VideoPacket
1773458965450818,40129,291,0,VideoPacket
1773458965450881,40130,291,0,VideoPacket
1773458965450941,40131,291,0,VideoPacket
1773458965451000,40132,291,0,VideoPacket
1773458965451069,40133,291,0,VideoPacket
1773458965451159,40134,291,0,VideoPacket
1773458965451227,40135,291,0,VideoPacket
1773458965451287,40136,291,0,VideoPacket
1773458965451347,40137,291,0,VideoPacket
1773458965451407,40138,291,0,VideoPacket
1773458965451466,40139,291,0,VideoPacket
1773458965451525,40140,291,0,VideoPacket
1773458965451592,40141,291,0,VideoPacket
1773458965451654,40142,291,0,VideoPacket
1773458965451713,40143,291,0,VideoPacket
1773458965451773,40144,291,0,VideoPacket
1773458965451834,40145,291,0,VideoPacket
1773458965451894,40146,291,0,VideoPacket
1773458965451954,40147,291,0,VideoPacket
1773458965452022,40148,291,0,VideoPacket
1773458965452096,40149,291,0,VideoPacket
1773458965452158,40150,291,0,VideoPacket
1773458965452220,40151,291,0,VideoPacket
1773458965452281,40152,291,0,VideoPacket
1773458965492449,17470,293,0,Retransmission:39646
1773458965492551,17471,293,0,Retransmission:39648
1773458965492632,17472,293,0,Retransmission:39660
1773458965492699,17473,293,0,Retransmission:39674
1773458965492766,40153,291,0,VideoPacket
1773458965492840,40154,291,0,VideoPacket
1773458965492920,40155,291,0,VideoPacket
1773458965492992,40156,291,0,VideoPacket
1773458965493070,40157,291,0,VideoPacket
1773458965493153,40158,291,0,VideoPacket
1773458965493217,40159,547,0,VideoPacket
1773458965493279,40160,547,0,VideoPacket
1773458965493341,40161,547,0,VideoPacket
1773458965493403,40162,547,0,VideoPacket
1773458965493464,40163,547,0,VideoPacket
1773458965493523,40164,547,0,VideoPacket
1773458965493595,40165,547,0,VideoPacket
1773458965493656,40166,547,0,VideoPacket
1773458965493717,40167,547,0,VideoPacket
1773458965493782,40168,547,0,VideoPacket
1773458965493848,40169,547,0,VideoPacket
1773458965493912,40170,547,0,VideoPacket
1773458965493980,40171,547,0,VideoPacket
1773458965494044,40172,547,0,VideoPacket
1773458965494111,40173,547,0,VideoPacket
1773458965494175,40174,547,0,VideoPacket
1773458965494239,40175,547,0,VideoPacket
1773458965494303,40176,547,0,VideoPacket
1773458965494368,40177,547,0,VideoPacket
1773458965494434,40178,547,0,VideoPacket
1773458965494506,40179,547,0,VideoPacket
1773458965494586,40180,547,0,VideoPacket
1773458965494652,40181,547,0,VideoPacket
1773458965494717,40182,547,0,VideoPacket
1773458965494781,40183,547,0,VideoPacket
1773458965494843,40184,547,0,VideoPacket
1773458965494908,40185,547,0,VideoPacket
1773458965494973,40186,547,0,VideoPacket
1773458965495037,40187,547,0,VideoPacket
1773458965538110,40188,547,0,VideoPacket
1773458965538185,40189,547,0,VideoPacket
1773458965538249,40190,547,0,VideoPacket
1773458965538312,40191,547,0,VideoPacket
1773458965538376,40192,547,0,VideoPacket
1773458965538441,40193,547,0,VideoPacket
1773458965538501,40194,547,0,VideoPacket
1773458965538583,40195,547,0,VideoPacket
1773458965538665,40196,547,0,VideoPacket
1773458965538744,40197,547,0,VideoPacket
1773458965538813,40198,547,0,VideoPacket
1773458965538878,40199,547,0,VideoPacket
1773458965538940,40200,291,0,VideoPacket
1773458965539004,40201,291,0,VideoPacket
1773458965539064,40202,291,0,VideoPacket
1773458965539139,40203,291,0,VideoPacket
1773458965539239,40204,291,0,VideoPacket
1773458965539311,40205,291,0,VideoPacket
1773458965539376,40206,291,0,VideoPacket
1773458965539444,40207,291,0,VideoPacket
1773458965539509,40208,291,0,VideoPacket
1773458965539583,40209,291,0,VideoPacket
1773458965539650,40210,291,0,VideoPacket
1773458965539713,40211,291,0,VideoPacket
1773458965539777,40212,291,0,VideoPacket
1773458965539841,40213,291,0,VideoPacket
1773458965539904,40214,291,0,VideoPacket
1773458965539968,40215,291,0,VideoPacket
1773458965540034,40216,291,0,VideoPacket
1773458965540115,40217,291,0,VideoPacket
1773458965540179,40218,291,0,VideoPacket
1773458965540241,40219,291,0,VideoPacket
1773458965540305,40220,291,0,VideoPacket
1773458965540370,40221,291,0,VideoPacket
1773458965540434,40222,291,0,VideoPacket
1773458965540495,40223,291,0,VideoPacket
1773458965540560,40224,291,0,VideoPacket
1773458965540632,40225,291,0,VideoPacket
1773458965540699,40226,291,0,VideoPacket
1773458965540761,40227,291,0,VideoPacket
1773458965540826,40228,291,0,VideoPacket
1773458965540893,40229,291,0,VideoPacket
1773458965540957,40230,291,0,VideoPacket
1773458965541018,40231,291,0,VideoPacket
1773458965541081,40232,291,0,VideoPacket
1773458965541141,40233,291,0,VideoPacket
1773458965541204,40234,291,0,VideoPacket
1773458965541264,40235,291,0,VideoPacket
1773458965541332,40236,291,0,VideoPacket
1773458965541395,40237,291,0,VideoPacket
1773458965541459,40238,291,0,VideoPacket
1773458965573006,17474,293,0,Retransmission:39688
1773458965573090,17475,293,0,Retransmission:39703
1773458965573145,17476,293,0,Retransmission:39504
1773458965573199,40239,291,0,VideoPacket
1773458965573261,40240,291,0,VideoPacket
1773458965573323,40241,291,0,VideoPacket
1773458965573382,40242,291,0,VideoPacket
1773458965573442,40243,291,0,VideoPacket
1773458965573501,40244,291,0,VideoPacket
1773458965573560,40245,291,0,VideoPacket
1773458965573636,40246,291,0,VideoPacket
1773458965573696,40247,291,0,VideoPacket
1773458965573755,40248,291,0,VideoPacket
1773458965573813,40249,291,0,VideoPacket
1773458965573873,40250,291,0,VideoPacket
1773458965573932,40251,291,0,VideoPacket
1773458965573991,40252,291,0,VideoPacket
1773458965574049,40253,291,0,VideoPacket
1773458965574108,40254,291,0,VideoPacket
1773458965574167,40255,291,0,VideoPacket
1773458965574226,40256,291,0,VideoPacket
1773458965574285,40257,291,0,VideoPacket
1773458965574344,40258,291,0,VideoPacket
1773458965574402,40259,291,0,VideoPacket
1773458965574461,40260,291,0,VideoPacket
1773458965574519,40261,291,0,VideoPacket
1773458965574587,40262,291,0,VideoPacket
1773458965574649,40263,291,0,VideoPacket
1773458965574709,40264,291,0,VideoPacket
1773458965574767,40265,291,0,VideoPacket
1773458965574826,40266,291,0,VideoPacket
1773458965574884,40267,291,0,VideoPacket
1773458965574942,40268,291,0,VideoPacket
1773458965575000,40269,291,0,VideoPacket
1773458965575060,40270,291,0,VideoPacket
1773458965575118,40271,291,0,VideoPacket
1773458965588820,40272,291,0,VideoPacket
1773458965588910,40273,291,0,VideoPacket
1773458965588974,40274,291,0,VideoPacket
1773458965589038,40275,291,0,VideoPacket
1773458965589100,40276,291,0,VideoPacket
1773458965589173,40277,291,0,VideoPacket
1773458965589239,40278,291,0,VideoPacket
1773458965589299,40279,291,0,VideoPacket
1773458965589364,40280,291,0,VideoPacket
1773458965589424,40281,291,0,VideoPacket
1773458965589488,40282,291,0,VideoPacket
1773458965589549,40283,291,0,VideoPacket
1773458965589623,40284,291,0,VideoPacket
1773458965589689,40285,291,0,VideoPacket
1773458965589755,40286,291,0,VideoPacket
1773458965589818,40287,291,0,VideoPacket
1773458965589884,40288,291,0,VideoPacket
1773458965589948,40289,291,0,VideoPacket
1773458965590005,40290,291,0,VideoPacket
1773458965590084,40291,291,0,VideoPacket
1773458965590174,40292,291,0,VideoPacket
1773458965590241,40293,291,0,VideoPacket
1773458965590308,40294,291,0,VideoPacket
1773458965590373,40295,291,0,VideoPacket
1773458965590437,40296,291,0,VideoPacket
1773458965590498,40297,291,0,VideoPacket
1773458965590563,40298,291,0,VideoPacket
1773458965590642,40299,291,0,VideoPacket
1773458965590703,40300,291,0,VideoPacket
1773458965590766,40301,291,0,VideoPacket
1773458965590829,40302,291,0,VideoPacket
1773458965590892,40303,291,0,VideoPacket
1773458965590956,40304,291,0,VideoPacket
1773458965591020,40305,291,0,VideoPacket
1773458965591085,40306,291,0,VideoPacket
1773458965591150,40307,291,0,VideoPacket
1773458965591219,40308,291,0,VideoPacket
1773458965591290,40309,291,0,VideoPacket
1773458965591351,40310,291,0,VideoPacket
1773458965591416,40311,291,0,VideoPacket
1773458965591477,40312,291,0,VideoPacket
1773458965591541,40313,291,0,VideoPacket
1773458965591615,40314,291,0,VideoPacket
1773458965591680,40315,291,0,VideoPacket
1773458965591740,40316,291,0,VideoPacket
1773458965591807,40317,291,0,VideoPacket
1773458965591872,40318,291,0,VideoPacket
1773458965591934,40319,291,0,VideoPacket
1773458965591996,40320,291,0,VideoPacket
1773458965592069,40321,291,0,VideoPacket
1773458965592140,40322,291,0,VideoPacket
1773458965592201,40323,291,0,VideoPacket
1773458965592265,40324,291,0,VideoPacket
1773458965592326,40325,291,0,VideoPacket
1773458965632259,40326,291,0,VideoPacket
1773458965632374,40327,291,0,VideoPacket
1773458965632450,40328,291,0,VideoPacket
1773458965632517,40329,291,0,VideoPacket
1773458965632597,40330,291,0,VideoPacket
1773458965632665,40331,291,0,VideoPacket
1773458965632733,40332,291,0,VideoPacket
1773458965632802,40333,291,0,VideoPacket
1773458965632870,40334,291,0,VideoPacket
1773458965632935,40335,291,0,VideoPacket
1773458965633002,40336,291,0,VideoPacket
1773458965633068,40337,291,0,VideoPacket
1773458965633133,40338,291,0,VideoPacket
1773458965633199,40339,291,0,VideoPacket
1773458965633264,40340,291,0,VideoPacket
1773458965633331,40341,291,0,VideoPacket
1773458965633396,40342,291,0,VideoPacket
1773458965633462,40343,291,0,VideoPacket
1773458965633528,40344,291,0,VideoPacket
1773458965633602,40345,291,0,VideoPacket
1773458965633667,40346,291,0,VideoPacket
1773458965633733,40347,291,0,VideoPacket
1773458965633801,40348,291,0,VideoPacket
1773458965633867,40349,291,0,VideoPacket
1773458965633935,40350,291,0,VideoPacket
1773458965634001,40351,291,0,VideoPacket
1773458965634072,40352,291,0,VideoPacket
1773458965634163,40353,291,0,VideoPacket
1773458965634248,40354,291,0,VideoPacket
1773458965634319,40355,291,0,VideoPacket
1773458965634387,40356,291,0,VideoPacket
1773458965634453,40357,291,0,VideoPacket
1773458965634519,40358,291,0,VideoPacket
1773458965634594,40359,291,0,VideoPacket
1773458965634662,40360,291,0,VideoPacket
1773458965634731,40361,291,0,VideoPacket
1773458965634807,40362,291,0,VideoPacket
1773458965634874,40363,291,0,VideoPacket
1773458965634949,40364,291,0,VideoPacket
1773458965635018,40365,291,0,VideoPacket
1773458965635084,40366,291,0,VideoPacket
1773458965635151,40367,291,0,VideoPacket
1773458965635222,40368,291,0,VideoPacket
1773458965635287,40369,291,0,VideoPacket
1773458965635351,40370,291,0,VideoPacket
1773458965635423,40371,291,0,VideoPacket
1773458965635517,40372,291,0,VideoPacket
1773458965635614,40373,291,0,VideoPacket
1773458965635682,40374,291,0,VideoPacket
1773458965635749,40375,291,0,VideoPacket
1773458965635823,40376,291,0,VideoPacket
1773458965635890,40377,291,0,VideoPacket
1773458965635957,40378,291,0,VideoPacket
1773458965636022,40379,291,0,VideoPacket
1773458965636104,40380,291,0,VideoPacket
1773458965636175,40381,291,0,VideoPacket
1773458965636241,40382,291,0,VideoPacket
1773458965636307,40383,291,0,VideoPacket
1773458965636374,40384,291,0,VideoPacket
1773458965636439,40385,291,0,VideoPacket
1773458965669062,40386,291,0,VideoPacket
1773458965669151,40387,291,0,VideoPacket
1773458965669220,40388,1315,0,VideoPacket
1773458965669289,40389,1315,0,VideoPacket
1773458965669358,40390,1315,0,VideoPacket
1773458965669424,40391,1315,0,VideoPacket
1773458965669494,40392,1315,0,VideoPacket
1773458965669560,40393,1315,0,VideoPacket
1773458965669641,40394,1315,0,VideoPacket
1773458965669709,40395,1315,0,VideoPacket
1773458965724617,40396,291,0,VideoPacket
1773458965724716,40397,291,0,VideoPacket
1773458965724786,40398,291,0,VideoPacket
1773458965724873,40399,291,0,VideoPacket
1773458965724967,40400,291,0,VideoPacket
1773458965725037,40401,291,0,VideoPacket
1773458965725104,40402,291,0,VideoPacket
1773458965725170,40403,291,0,VideoPacket
1773458965725238,40404,291,0,VideoPacket
1773458965725303,40405,291,0,VideoPacket
1773458965725371,40406,291,0,VideoPacket
1773458965725438,40407,291,0,VideoPacket
1773458965725504,40408,291,0,VideoPacket
1773458965725579,40409,291,0,VideoPacket
1773458965725642,40410,291,0,VideoPacket
1773458965725702,40411,291,0,VideoPacket
1773458965725762,40412,291,0,VideoPacket
1773458965725825,40413,291,0,VideoPacket
1773458965725890,40414,291,0,VideoPacket
1773458965725955,40415,291,0,VideoPacket
1773458965726022,40416,291,0,VideoPacket
1773458965726087,40417,291,0,VideoPacket
1773458965726150,40418,291,0,VideoPacket
1773458965726210,40419,291,0,VideoPacket
1773458965726269,40420,291,0,VideoPacket
1773458965726328,40421,291,0,VideoPacket
1773458965726386,40422,291,0,VideoPacket
1773458965726445,40423,291,0,VideoPacket
1773458965726511,40424,291,0,VideoPacket
1773458965726586,40425,291,0,VideoPacket
1773458965726655,40426,291,0,VideoPacket
1773458965726719,40427,291,0,VideoPacket
1773458965726785,40428,291,0,VideoPacket
1773458965726848,40429,291,0,VideoPacket
1773458965726913,40430,291,0,VideoPacket
1773458965726981,40431,291,0,VideoPacket
1773458965727047,40432,291,0,VideoPacket
1773458965727115,40433,291,0,VideoPacket
1773458965727181,40434,291,0,VideoPacket
1773458965727249,40435,291,0,VideoPacket
1773458965727315,40436,291,0,VideoPacket
1773458965727382,40437,291,0,VideoPacket
1773458965727447,40438,291,0,VideoPacket
1773458965727515,40439,291,0,VideoPacket
1773458965727597,40440,291,0,VideoPacket
1773458965727665,40441,291,0,VideoPacket
1773458965727732,40442,291,0,VideoPacket
1773458965727799,40443,291,0,VideoPacket
1773458965727866,40444,291,0,VideoPacket
1773458965727932,40445,291,0,VideoPacket
1773458965727998,40446,291,0,VideoPacket
1773458965728084,40447,291,0,VideoPacket
1773458965728156,40448,291,0,VideoPacket
1773458965728223,40449,291,0,VideoPacket
1773458965728290,40450,291,0,VideoPacket
1773458965728357,40451,291,0,VideoPacket
1773458965778022,40452,291,0,VideoPacket
1773458965778135,40453,291,0,VideoPacket
1773458965778205,40454,291,0,VideoPacket
1773458965778266,40455,291,0,VideoPacket
1773458965778329,40456,291,0,VideoPacket
1773458965778393,40457,291,0,VideoPacket
1773458965778457,40458,291,0,VideoPacket
1773458965778520,40459,291,0,VideoPacket
1773458965778591,40460,291,0,VideoPacket
1773458965778656,40461,291,0,VideoPacket
1773458965778719,40462,291,0,VideoPacket
1773458965778781,40463,291,0,VideoPacket
1773458965778843,40464,291,0,VideoPacket
1773458965778905,40465,291,0,VideoPacket
1773458965778967,40466,291,0,VideoPacket
1773458965779029,40467,291,0,VideoPacket
1773458965779093,40468,291,0,VideoPacket
1773458965779154,40469,291,0,VideoPacket
1773458965779218,40470,291,0,VideoPacket
1773458965779281,40471,291,0,VideoPacket
1773458965779342,40472,291,0,VideoPacket
1773458965779404,40473,291,0,VideoPacket
1773458965779467,40474,291,0,VideoPacket
1773458965779528,40475,291,0,VideoPacket
1773458965779609,40476,291,0,VideoPacket
1773458965779674,40477,291,0,VideoPacket
1773458965779736,40478,291,0,VideoPacket
1773458965779813,40479,291,0,VideoPacket
1773458965779902,40480,291,0,VideoPacket
1773458965779966,40481,291,0,VideoPacket
1773458965780027,40482,291,0,VideoPacket
1773458965780103,40483,291,0,VideoPacket
1773458965780168,40484,291,0,VideoPacket
1773458965794363,40485,291,0,VideoPacket
1773458965794471,40486,291,0,VideoPacket
1773458965794543,40487,291,0,VideoPacket
1773458965794624,40488,291,0,VideoPacket
1773458965794693,40489,291,0,VideoPacket
1773458965794759,40490,291,0,VideoPacket
1773458965794825,40491,291,0,VideoPacket
1773458965794891,40492,291,0,VideoPacket
1773458965794957,40493,291,0,VideoPacket
1773458965795022,40494,291,0,VideoPacket
1773458965795088,40495,291,0,VideoPacket
1773458965795153,40496,291,0,VideoPacket
1773458965795218,40497,291,0,VideoPacket
1773458965795284,40498,291,0,VideoPacket
1773458965795351,40499,291,0,VideoPacket
1773458965795417,40500,291,0,VideoPacket
1773458965795483,40501,291,0,VideoPacket
1773458965795549,40502,291,0,VideoPacket
1773458965795623,40503,291,0,VideoPacket
1773458965795689,40504,291,0,VideoPacket
1773458965795753,40505,291,0,VideoPacket
1773458965795819,40506,291,0,VideoPacket
1773458965795886,40507,291,0,VideoPacket
1773458965795952,40508,291,0,VideoPacket
1773458965796020,40509,291,0,VideoPacket
1773458965796100,40510,291,0,VideoPacket
1773458965796168,40511,291,0,VideoPacket
1773458965796235,40512,291,0,VideoPacket
1773458965796301,40513,291,0,VideoPacket
1773458965796367,40514,291,0,VideoPacket
1773458965796433,40515,291,0,VideoPacket
1773458965796505,40516,291,0,VideoPacket
1773458965796581,40517,291,0,VideoPacket
1773458965796649,40518,291,0,VideoPacket
1773458965796715,40519,291,0,VideoPacket
1773458965796782,40520,291,0,VideoPacket
1773458965796849,40521,291,0,VideoPacket
1773458965875369,40522,803,0,VideoPacket
1773458965875470,40523,803,0,VideoPacket
1773458965875542,40524,803,0,VideoPacket
1773458965875624,40525,803,0,VideoPacket
1773458965875688,40526,803,0,VideoPacket
1773458965875747,40527,803,0,VideoPacket
1773458965875810,40528,803,0,VideoPacket
1773458965875870,40529,803,0,VideoPacket
1773458965875934,40530,803,0,VideoPacket
1773458965875999,40531,803,0,VideoPacket
1773458965876077,40532,803,0,VideoPacket
1773458965876142,40533,803,0,VideoPacket
1773458965876206,40534,803,0,VideoPacket
1773458965876267,40535,803,0,VideoPacket
1773458965877054,40536,1059,0,VideoPacket
1773458965877139,40537,1059,0,VideoPacket
1773458965877203,40538,1059,0,VideoPacket
1773458965877263,40539,1059,0,VideoPacket
1773458965877329,40540,1059,0,VideoPacket
1773458965877390,40541,1059,0,VideoPacket
1773458965877452,40542,1059,0,VideoPacket
1773458965877512,40543,1059,0,VideoPacket
1773458965877584,40544,1059,0,VideoPacket
1773458965919996,40545,291,0,VideoPacket
1773458965920106,40546,291,0,VideoPacket
1773458965920174,40547,291,0,VideoPacket
1773458965920237,40548,291,0,VideoPacket
1773458965920301,40549,291,0,VideoPacket
1773458965920365,40550,291,0,VideoPacket
1773458965920429,40551,291,0,VideoPacket
1773458965920493,40552,291,0,VideoPacket
1773458965920555,40553,291,0,VideoPacket
1773458965920629,40554,291,0,VideoPacket
1773458965920701,40555,291,0,VideoPacket
1773458965920795,40556,291,0,VideoPacket
1773458965920866,40557,291,0,VideoPacket
1773458965920931,40558,291,0,VideoPacket
1773458965920996,40559,291,0,VideoPacket
1773458965921060,40560,291,0,VideoPacket
1773458965921123,40561,291,0,VideoPacket
1773458965921188,40562,291,0,VideoPacket
1773458965921251,40563,291,0,VideoPacket
1773458965921315,40564,291,0,VideoPacket
1773458965921379,40565,291,0,VideoPacket
1773458965921441,40566,291,0,VideoPacket
1773458965921504,40567,291,0,VideoPacket
1773458965921565,40568,291,0,VideoPacket
1773458965921639,40569,291,0,VideoPacket
1773458965921700,40570,291,0,VideoPacket
1773458965921764,40571,291,0,VideoPacket
1773458965921823,40572,291,0,VideoPacket
1773458965921886,40573,291,0,VideoPacket
1773458965921946,40574,291,0,VideoPacket
1773458965922009,40575,291,0,VideoPacket
1773458965922083,40576,291,0,VideoPacket
1773458965922147,40577,291,0,VideoPacket
1773458965922208,40578,291,0,VideoPacket
1773458965922271,40579,291,0,VideoPacket
1773458965922331,40580,291,0,VideoPacket
1773458965922394,40581,291,0,VideoPacket
1773458965922454,40582,291,0,VideoPacket
1773458965922517,40583,291,0,VideoPacket
1773458965922588,40584,291,0,VideoPacket
1773458965962497,40585,291,0,VideoPacket
1773458965962595,40586,291,0,VideoPacket
1773458965962662,40587,291,0,VideoPacket
1773458965962726,40588,291,0,VideoPacket
1773458965962789,40589,291,0,VideoPacket
1773458965962849,40590,291,0,VideoPacket
1773458965962933,40591,291,0,VideoPacket
1773458965963019,40592,291,0,VideoPacket
1773458965963085,40593,291,0,VideoPacket
1773458965963147,40594,291,0,VideoPacket
1773458965963210,40595,291,0,VideoPacket
1773458965963270,40596,291,0,VideoPacket
1773458965963333,40597,291,0,VideoPacket
1773458965963393,40598,291,0,VideoPacket
1773458965963455,40599,291,0,VideoPacket
1773458965963516,40600,291,0,VideoPacket
1773458965963590,40601,291,0,VideoPacket
1773458965963653,40602,291,0,VideoPacket
1773458965963716,40603,291,0,VideoPacket
1773458965963776,40604,291,0,VideoPacket
1773458965963839,40605,291,0,VideoPacket
1773458965963899,40606,291,0,VideoPacket
1773458965963962,40607,291,0,VideoPacket
1773458965964023,40608,291,0,VideoPacket
1773458965964106,40609,291,0,VideoPacket
1773458965964171,40610,291,0,VideoPacket
1773458965964232,40611,291,0,VideoPacket
1773458965964295,40612,291,0,VideoPacket
1773458965964356,40613,291,0,VideoPacket
1773458965964419,40614,291,0,VideoPacket
1773458965964479,40615,291,0,VideoPacket
1773458965964544,40616,291,0,VideoPacket
1773458965964617,40617,291,0,VideoPacket
1773458965964682,40618,291,0,VideoPacket
1773458965964743,40619,291,0,VideoPacket
1773458965964806,40620,291,0,VideoPacket
1773458965964870,40621,291,0,VideoPacket
1773458965964935,40622,291,0,VideoPacket
1773458965964996,40623,291,0,VideoPacket
1773458965965061,40624,291,0,VideoPacket
1773458965965124,40625,291,0,VideoPacket
1773458965965184,40626,291,0,VideoPacket
1773458965965248,40627,291,0,VideoPacket
1773458965965308,40628,291,0,VideoPacket
1773458965965371,40629,291,0,VideoPacket
1773458965965433,40630,291,0,VideoPacket
1773458965965499,40631,291,0,VideoPacket
1773458965965560,40632,291,0,VideoPacket
1773458965965637,40633,291,0,VideoPacket
1773458965965698,40634,291,0,VideoPacket
1773458965965762,40635,291,0,VideoPacket
1773458965965821,40636,291,0,VideoPacket
1773458965965885,40637,291,0,VideoPacket
1773458965965945,40638,291,0,VideoPacket
1773458965966009,40639,291,0,VideoPacket
1773458965966071,40640,291,0,VideoPacket
1773458965966136,40641,291,0,VideoPacket
1773458966003547,40642,1059,0,VideoPacket
1773458966003667,40643,1059,0,VideoPacket
1773458966003734,40644,1059,0,VideoPacket
1773458966003800,40645,1059,0,VideoPacket
1773458966003862,40646,1059,0,VideoPacket
1773458966003920,40647,1059,0,VideoPacket
1773458966003984,40648,1059,0,VideoPacket
1773458966004063,40649,1059,0,VideoPacket
1773458966004132,40650,1059,0,VideoPacket
1773458966004196,40651,1059,0,VideoPacket
1773458966004260,40652,1059,0,VideoPacket
1773458966004322,40653,1059,0,VideoPacket
1773458966004388,40654,1059,0,VideoPacket
1773458966043684,40655,1315,0,VideoPacket
1773458966043788,40656,1315,0,VideoPacket
1773458966043854,40657,1315,0,VideoPacket
1773458966043926,40658,1315,0,VideoPacket
1773458966043995,40659,1315,0,VideoPacket
1773458966044069,40660,1315,0,VideoPacket
1773458966044137,40661,1315,0,VideoPacket
1773458966044198,40662,1315,0,VideoPacket
1773458966088149,40663,547,0,VideoPacket
1773458966088243,40664,547,0,VideoPacket
1773458966088309,40665,547,0,VideoPacket
1773458966088372,40666,547,0,VideoPacket
1773458966088437,40667,547,0,VideoPacket
1773458966088504,40668,547,0,VideoPacket
1773458966088581,40669,547,0,VideoPacket
1773458966088648,40670,547,0,VideoPacket
1773458966088713,40671,547,0,VideoPacket
1773458966088777,40672,547,0,VideoPacket
1773458966088838,40673,547,0,VideoPacket
1773458966088901,40674,547,0,VideoPacket
1773458966088975,40675,547,0,VideoPacket
1773458966089039,40676,547,0,VideoPacket
1773458966089105,40677,547,0,VideoPacket
1773458966089170,40678,547,0,VideoPacket
1773458966089234,40679,547,0,VideoPacket
1773458966089299,40680,547,0,VideoPacket
1773458966089364,40681,547,0,VideoPacket
1773458966089430,40682,547,0,VideoPacket
1773458966089518,40683,547,0,VideoPacket
1773458966089610,40684,547,0,VideoPacket
1773458966089676,40685,547,0,VideoPacket
1773458966089743,40686,547,0,VideoPacket
1773458966089809,40687,547,0,VideoPacket
1773458966089873,40688,547,0,VideoPacket
1773458966089940,40689,547,0,VideoPacket
1773458966090005,40690,547,0,VideoPacket
1773458966090072,40691,547,0,VideoPacket
1773458966090160,40692,547,0,VideoPacket
1773458966090229,40693,547,0,VideoPacket
1773458966090294,40694,547,0,VideoPacket
1773458966090359,40695,547,0,VideoPacket
1773458966090423,40696,547,0,VideoPacket
1773458966127730,40697,547,0,VideoPacket
1773458966127823,40698,547,0,VideoPacket
1773458966127890,40699,547,0,VideoPacket
1773458966127955,40700,547,0,VideoPacket
1773458966128019,40701,547,0,VideoPacket
1773458966128102,40702,547,0,VideoPacket
1773458966128165,40703,547,0,VideoPacket
1773458966128229,40704,547,0,VideoPacket
1773458966128288,40705,547,0,VideoPacket
1773458966128351,40706,547,0,VideoPacket
1773458966128412,40707,547,0,VideoPacket
1773458966128476,40708,547,0,VideoPacket
1773458966128536,40709,547,0,VideoPacket
1773458966128615,40710,547,0,VideoPacket
1773458966128680,40711,547,0,VideoPacket
1773458966128745,40712,547,0,VideoPacket
1773458966128809,40713,547,0,VideoPacket
1773458966128872,40714,547,0,VideoPacket
1773458966128935,40715,547,0,VideoPacket
1773458966128995,40716,547,0,VideoPacket
1773458966129058,40717,547,0,VideoPacket
1773458966129117,40718,547,0,VideoPacket
1773458966129181,40719,547,0,VideoPacket
1773458966171368,40720,291,0,VideoPacket
1773458966171457,40721,291,0,VideoPacket
1773458966171524,40722,291,0,VideoPacket
1773458966171601,40723,291,0,VideoPacket
1773458966171666,40724,291,0,VideoPacket
1773458966171728,40725,291,0,VideoPacket
1773458966171792,40726,291,0,VideoPacket
1773458966171853,40727,291,0,VideoPacket
1773458966171916,40728,291,0,VideoPacket
1773458966171977,40729,291,0,VideoPacket
1773458966172054,40730,291,0,VideoPacket
1773458966172123,40731,291,0,VideoPacket
1773458966172189,40732,291,0,VideoPacket
1773458966172252,40733,291,0,VideoPacket
1773458966172318,40734,291,0,VideoPacket
1773458966172382,40735,291,0,VideoPacket
1773458966172444,40736,291,0,VideoPacket
1773458966172507,40737,291,0,VideoPacket
1773458966172578,40738,291,0,VideoPacket
1773458966172644,40739,291,0,VideoPacket
1773458966172705,40740,291,0,VideoPacket
1773458966172769,40741,291,0,VideoPacket
1773458966172830,40742,291,0,VideoPacket
1773458966172892,40743,291,0,VideoPacket
1773458966172952,40744,291,0,VideoPacket
1773458966173016,40745,291,0,VideoPacket
1773458966173079,40746,291,0,VideoPacket
1773458966173146,40747,291,0,VideoPacket
1773458966173215,40748,291,0,VideoPacket
1773458966173279,40749,291,0,VideoPacket
1773458966173340,40750,291,0,VideoPacket
1773458966173403,40751,291,0,VideoPacket
1773458966173465,40752,291,0,VideoPacket
1773458966173529,40753,291,0,VideoPacket
1773458966173602,40754,291,0,VideoPacket
1773458966173669,40755,291,0,VideoPacket
1773458966173732,40756,291,0,VideoPacket
1773458966173798,40757,291,0,VideoPacket
1773458966173874,40758,291,0,VideoPacket
1773458966173966,40759,291,0,VideoPacket
1773458966174035,40760,291,0,VideoPacket
1773458966174101,40761,291,0,VideoPacket
1773458966174166,40762,291,0,VideoPacket
1773458966174229,40763,291,0,VideoPacket
1773458966174292,40764,291,0,VideoPacket
1773458966174355,40765,291,0,VideoPacket
1773458966174424,40766,291,0,VideoPacket
1773458966174490,40767,291,0,VideoPacket
1773458966174554,40768,291,0,VideoPacket
1773458966174633,40769,291,0,VideoPacket
1773458966174699,40770,291,0,VideoPacket
1773458966174764,40771,291,0,VideoPacket
1773458966174828,40772,291,0,VideoPacket
1773458966174889,40773,291,0,VideoPacket
1773458966174952,40774,291,0,VideoPacket
1773458966175024,40775,291,0,VideoPacket
1773458966175089,40776,291,0,VideoPacket
1773458966212892,40777,291,0,VideoPacket
1773458966212989,40778,291,0,VideoPacket
1773458966213056,40779,291,0,VideoPacket
1773458966213120,40780,291,0,VideoPacket
1773458966213183,40781,291,0,VideoPacket
1773458966213248,40782,291,0,VideoPacket
1773458966213312,40783,291,0,VideoPacket
1773458966213376,40784,291,0,VideoPacket
1773458966213436,40785,291,0,VideoPacket
1773458966213499,40786,291,0,VideoPacket
1773458966213562,40787,291,0,VideoPacket
1773458966213637,40788,291,0,VideoPacket
1773458966213701,40789,291,0,VideoPacket
1773458966213766,40790,291,0,VideoPacket
1773458966213829,40791,291,0,VideoPacket
1773458966213893,40792,291,0,VideoPacket
1773458966213956,40793,291,0,VideoPacket
1773458966214021,40794,291,0,VideoPacket
1773458966214084,40795,291,0,VideoPacket
1773458966214148,40796,291,0,VideoPacket
1773458966214211,40797,291,0,VideoPacket
1773458966214281,40798,291,0,VideoPacket
1773458966214344,40799,291,0,VideoPacket
1773458966214408,40800,291,0,VideoPacket
1773458966214471,40801,291,0,VideoPacket
1773458966214535,40802,291,0,VideoPacket
1773458966214609,40803,291,0,VideoPacket
1773458966214674,40804,291,0,VideoPacket
1773458966214739,40805,291,0,VideoPacket
1773458966214804,40806,291,0,VideoPacket
1773458966214867,40807,291,0,VideoPacket
1773458966214932,40808,291,0,VideoPacket
1773458966214995,40809,291,0,VideoPacket
1773458966215060,40810,291,0,VideoPacket
1773458966215124,40811,291,0,VideoPacket
1773458966215188,40812,291,0,VideoPacket
1773458966215252,40813,291,0,VideoPacket
1773458966215317,40814,291,0,VideoPacket
1773458966215380,40815,291,0,VideoPacket
1773458966215443,40816,291,0,VideoPacket
1773458966215507,40817,291,0,VideoPacket
1773458966215581,40818,291,0,VideoPacket
1773458966215647,40819,291,0,VideoPacket
1773458966215710,40820,291,0,VideoPacket
1773458966215773,40821,291,0,VideoPacket
1773458966215839,40822,291,0,VideoPacket
1773458966215903,40823,291,0,VideoPacket
1773458966215966,40824,291,0,VideoPacket
1773458966216033,40825,291,0,VideoPacket
1773458966216124,40826,291,0,VideoPacket
1773458966216190,40827,291,0,VideoPacket
1773458966216255,40828,291,0,VideoPacket
1773458966216318,40829,291,0,VideoPacket
1773458966216382,40830,291,0,VideoPacket
1773458966216446,40831,291,0,VideoPacket
1773458966216510,40832,291,0,VideoPacket
1773458966216586,40833,291,0,VideoPacket
1773458966216652,40834,291,0,VideoPacket
1773458966253083,40835,291,0,VideoPacket
1773458966253187,40836,291,0,VideoPacket
1773458966253253,40837,291,0,VideoPacket
1773458966253318,40838,291,0,VideoPacket
1773458966253381,40839,291,0,VideoPacket
1773458966253444,40840,291,0,VideoPacket
1773458966253510,40841,291,0,VideoPacket
1773458966253587,40842,291,0,VideoPacket
1773458966253653,40843,291,0,VideoPacket
1773458966253715,40844,291,0,VideoPacket
1773458966253779,40845,291,0,VideoPacket
1773458966253841,40846,291,0,VideoPacket
1773458966253904,40847,291,0,VideoPacket
1773458966253964,40848,291,0,VideoPacket
1773458966254028,40849,291,0,VideoPacket
1773458966254090,40850,291,0,VideoPacket
1773458966254155,40851,291,0,VideoPacket
1773458966254228,40852,291,0,VideoPacket
1773458966254298,40853,291,0,VideoPacket
1773458966254363,40854,291,0,VideoPacket
1773458966254423,40855,291,0,VideoPacket
1773458966254487,40856,291,0,VideoPacket
1773458966254547,40857,291,0,VideoPacket
1773458966254622,40858,291,0,VideoPacket
1773458966254688,40859,291,0,VideoPacket
1773458966254748,40860,291,0,VideoPacket
1773458966254812,40861,291,0,VideoPacket
1773458966254874,40862,291,0,VideoPacket
1773458966254938,40863,291,0,VideoPacket
1773458966254998,40864,291,0,VideoPacket
1773458966255063,40865,291,0,VideoPacket
1773458966255129,40866,291,0,VideoPacket
1773458966255189,40867,291,0,VideoPacket
1773458966255253,40868,291,0,VideoPacket
1773458966255312,40869,291,0,VideoPacket
1773458966255380,40870,291,0,VideoPacket
1773458966255445,40871,291,0,VideoPacket
1773458966255506,40872,291,0,VideoPacket
1773458966255579,40873,291,0,VideoPacket
1773458966255643,40874,291,0,VideoPacket
1773458966296189,40875,291,0,VideoPacket
1773458966296302,40876,291,0,VideoPacket
1773458966296368,40877,291,0,VideoPacket
1773458966296429,40878,291,0,VideoPacket
1773458966296489,40879,291,0,VideoPacket
1773458966296549,40880,291,0,VideoPacket
1773458966296622,40881,291,0,VideoPacket
1773458966296688,40882,291,0,VideoPacket
1773458966296751,40883,291,0,VideoPacket
1773458966296815,40884,291,0,VideoPacket
1773458966296878,40885,291,0,VideoPacket
1773458966296942,40886,291,0,VideoPacket
1773458966297002,40887,291,0,VideoPacket
1773458966297067,40888,291,0,VideoPacket
1773458966297127,40889,291,0,VideoPacket
1773458966297190,40890,291,0,VideoPacket
1773458966297251,40891,291,0,VideoPacket
1773458966297314,40892,291,0,VideoPacket
1773458966297375,40893,291,0,VideoPacket
1773458966297437,40894,291,0,VideoPacket
1773458966297498,40895,291,0,VideoPacket
1773458966297562,40896,291,0,VideoPacket
1773458966297634,40897,291,0,VideoPacket
1773458966297699,40898,291,0,VideoPacket
1773458966297760,40899,291,0,VideoPacket
1773458966297823,40900,291,0,VideoPacket
1773458966297882,40901,291,0,VideoPacket
1773458966297946,40902,291,0,VideoPacket
1773458966298005,40903,291,0,VideoPacket
1773458966298068,40904,291,0,VideoPacket
1773458966298128,40905,291,0,VideoPacket
1773458966298192,40906,291,0,VideoPacket
1773458966298265,40907,291,0,VideoPacket
1773458966298335,40908,291,0,VideoPacket
1773458966298400,40909,291,0,VideoPacket
1773458966298466,40910,291,0,VideoPacket
1773458966298527,40911,291,0,VideoPacket
1773458966298601,40912,291,0,VideoPacket
1773458966298666,40913,291,0,VideoPacket
1773458966298727,40914,291,0,VideoPacket
1773458966298791,40915,291,0,VideoPacket
1773458966298854,40916,291,0,VideoPacket
1773458966298919,40917,291,0,VideoPacket
1773458966298979,40918,291,0,VideoPacket
1773458966299042,40919,291,0,VideoPacket
1773458966299102,40920,291,0,VideoPacket
1773458966299165,40921,291,0,VideoPacket
1773458966299224,40922,291,0,VideoPacket
1773458966299288,40923,291,0,VideoPacket
1773458966299348,40924,291,0,VideoPacket
1773458966299411,40925,291,0,VideoPacket
1773458966299470,40926,291,0,VideoPacket
1773458966299535,40927,291,0,VideoPacket
1773458966299613,40928,291,0,VideoPacket
1773458966299679,40929,291,0,VideoPacket
1773458966337253,40930,803,0,VideoPacket
1773458966337349,40931,803,0,VideoPacket
1773458966337415,40932,803,0,VideoPacket
1773458966337475,40933,803,0,VideoPacket
1773458966337539,40934,803,0,VideoPacket
1773458966337614,40935,803,0,VideoPacket
1773458966337678,40936,803,0,VideoPacket
1773458966337738,40937,803,0,VideoPacket
1773458966337801,40938,803,0,VideoPacket
1773458966337860,40939,803,0,VideoPacket
1773458966337923,40940,803,0,VideoPacket
1773458966337982,40941,803,0,VideoPacket
1773458966338045,40942,803,0,VideoPacket
1773458966338106,40943,803,0,VideoPacket
1773458966338169,40944,803,0,VideoPacket
1773458966338230,40945,803,0,VideoPacket
1773458966338294,40946,803,0,VideoPacket
1773458966379206,40947,547,0,VideoPacket
1773458966379321,40948,547,0,VideoPacket
1773458966379396,40949,547,0,VideoPacket
1773458966379461,40950,547,0,VideoPacket
1773458966379526,40951,547,0,VideoPacket
1773458966379599,40952,547,0,VideoPacket
1773458966379665,40953,547,0,VideoPacket
1773458966379729,40954,547,0,VideoPacket
1773458966379793,40955,547,0,VideoPacket
1773458966379854,40956,547,0,VideoPacket
1773458966379917,40957,547,0,VideoPacket
1773458966379977,40958,547,0,VideoPacket
1773458966380055,40959,547,0,VideoPacket
1773458966380124,40960,547,0,VideoPacket
1773458966380191,40961,547,0,VideoPacket
1773458966380252,40962,547,0,VideoPacket
1773458966380315,40963,547,0,VideoPacket
1773458966380378,40964,547,0,VideoPacket
1773458966380443,40965,547,0,VideoPacket
1773458966380505,40966,547,0,VideoPacket
1773458966380579,40967,547,0,VideoPacket
1773458966380640,40968,547,0,VideoPacket
1773458966380705,40969,547,0,VideoPacket
1773458966380766,40970,547,0,VideoPacket
1773458966421539,40971,291,0,VideoPacket
1773458966421645,40972,291,0,VideoPacket
1773458966421712,40973,291,0,VideoPacket
1773458966421777,40974,291,0,VideoPacket
1773458966421849,40975,291,0,VideoPacket
1773458966421914,40976,291,0,VideoPacket
1773458966421977,40977,291,0,VideoPacket
1773458966422044,40978,291,0,VideoPacket
1773458966422108,40979,291,0,VideoPacket
1773458966422171,40980,291,0,VideoPacket
1773458966422235,40981,291,0,VideoPacket
1773458966422300,40982,291,0,VideoPacket
1773458966422363,40983,291,0,VideoPacket
1773458966422428,40984,291,0,VideoPacket
1773458966422491,40985,291,0,VideoPacket
1773458966422557,40986,291,0,VideoPacket
1773458966422633,40987,291,0,VideoPacket
1773458966422699,40988,291,0,VideoPacket
1773458966422761,40989,291,0,VideoPacket
1773458966422824,40990,291,0,VideoPacket
1773458966422889,40991,291,0,VideoPacket
1773458966422953,40992,291,0,VideoPacket
1773458966423018,40993,291,0,VideoPacket
1773458966423082,40994,291,0,VideoPacket
1773458966423145,40995,291,0,VideoPacket
1773458966423221,40996,291,0,VideoPacket
1773458966423290,40997,291,0,VideoPacket
1773458966423355,40998,291,0,VideoPacket
1773458966423418,40999,291,0,VideoPacket
1773458966423482,41000,291,0,VideoPacket
1773458966423547,41001,291,0,VideoPacket
1773458966423623,41002,291,0,VideoPacket
1773458966423687,41003,291,0,VideoPacket
1773458966423752,41004,291,0,VideoPacket
1773458966423815,41005,291,0,VideoPacket
1773458966423877,41006,291,0,VideoPacket
1773458966423940,41007,291,0,VideoPacket
1773458966424005,41008,291,0,VideoPacket
1773458966424097,41009,291,0,VideoPacket
1773458966424166,41010,291,0,VideoPacket
1773458966424230,41011,291,0,VideoPacket
1773458966424299,41012,291,0,VideoPacket
1773458966424363,41013,291,0,VideoPacket
1773458966424428,41014,291,0,VideoPacket
1773458966424490,41015,291,0,VideoPacket
1773458966424554,41016,291,0,VideoPacket
1773458966424632,41017,291,0,VideoPacket
1773458966424697,41018,291,0,VideoPacket
1773458966424760,41019,291,0,VideoPacket
1773458966424824,41020,291,0,VideoPacket
1773458966424889,41021,291,0,VideoPacket
1773458966424953,41022,291,0,VideoPacket
1773458966425017,41023,291,0,VideoPacket
1773458966463620,41024,291,0,VideoPacket
1773458966463761,41025,291,0,VideoPacket
1773458966463834,41026,291,0,VideoPacket
1773458966463899,41027,291,0,VideoPacket
1773458966463960,41028,291,0,VideoPacket
1773458966464027,41029,291,0,VideoPacket
1773458966464107,41030,291,0,VideoPacket
1773458966464171,41031,291,0,VideoPacket
1773458966464233,41032,291,0,VideoPacket
1773458966464317,41033,291,0,VideoPacket
1773458966464389,41034,291,0,VideoPacket
1773458966464456,41035,291,0,VideoPacket
1773458966464521,41036,291,0,VideoPacket
1773458966464594,41037,291,0,VideoPacket
1773458966464660,41038,291,0,VideoPacket
1773458966464722,41039,291,0,VideoPacket
1773458966464785,41040,291,0,VideoPacket
1773458966464846,41041,291,0,VideoPacket
1773458966464910,41042,291,0,VideoPacket
1773458966464971,41043,291,0,VideoPacket
1773458966465033,41044,291,0,VideoPacket
1773458966465095,41045,291,0,VideoPacket
1773458966465158,41046,291,0,VideoPacket
1773458966465218,41047,291,0,VideoPacket
1773458966465282,41048,291,0,VideoPacket
1773458966465345,41049,291,0,VideoPacket
1773458966465410,41050,291,0,VideoPacket
1773458966465471,41051,291,0,VideoPacket
1773458966465534,41052,291,0,VideoPacket
1773458966465604,41053,291,0,VideoPacket
1773458966465670,41054,291,0,VideoPacket
1773458966465735,41055,291,0,VideoPacket
1773458966465794,41056,291,0,VideoPacket
1773458966465857,41057,291,0,VideoPacket
1773458966465919,41058,291,0,VideoPacket
1773458966465979,41059,291,0,VideoPacket
1773458966466043,41060,291,0,VideoPacket
1773458966466107,41061,291,0,VideoPacket
1773458966466168,41062,291,0,VideoPacket
1773458966466231,41063,291,0,VideoPacket
1773458966466290,41064,291,0,VideoPacket
1773458966466353,41065,291,0,VideoPacket
1773458966466412,41066,291,0,VideoPacket
1773458966466475,41067,291,0,VideoPacket
1773458966466534,41068,291,0,VideoPacket
1773458966466607,41069,291,0,VideoPacket
1773458966466674,41070,291,0,VideoPacket
1773458966466738,41071,291,0,VideoPacket
1773458966466801,41072,291,0,VideoPacket
1773458966466865,41073,291,0,VideoPacket
1773458966466933,41074,291,0,VideoPacket
1773458966467002,41075,291,0,VideoPacket
1773458966467069,41076,291,0,VideoPacket
1773458966467130,41077,291,0,VideoPacket
1773458966467193,41078,291,0,VideoPacket
1773458966467265,41079,291,0,VideoPacket
1773458966504183,41080,291,0,VideoPacket
1773458966504290,41081,291,0,VideoPacket
1773458966504356,41082,291,0,VideoPacket
1773458966504422,41083,291,0,VideoPacket
1773458966504487,41084,291,0,VideoPacket
1773458966504546,41085,291,0,VideoPacket
1773458966504622,41086,291,0,VideoPacket
1773458966504686,41087,291,0,VideoPacket
1773458966504750,41088,291,0,VideoPacket
1773458966504814,41089,291,0,VideoPacket
1773458966504877,41090,291,0,VideoPacket
1773458966504942,41091,291,0,VideoPacket
1773458966505007,41092,291,0,VideoPacket
1773458966505066,41093,291,0,VideoPacket
1773458966505129,41094,291,0,VideoPacket
1773458966505192,41095,291,0,VideoPacket
1773458966505256,41096,291,0,VideoPacket
1773458966505316,41097,291,0,VideoPacket
1773458966505380,41098,291,0,VideoPacket
1773458966505457,41099,291,0,VideoPacket
1773458966505525,41100,291,0,VideoPacket
1773458966505599,41101,291,0,VideoPacket
1773458966505662,41102,291,0,VideoPacket
1773458966505728,41103,291,0,VideoPacket
1773458966505788,41104,291,0,VideoPacket
1773458966505850,41105,291,0,VideoPacket
1773458966505910,41106,291,0,VideoPacket
1773458966505974,41107,291,0,VideoPacket
1773458966506035,41108,291,0,VideoPacket
1773458966506098,41109,291,0,VideoPacket
1773458966506159,41110,291,0,VideoPacket
1773458966506224,41111,291,0,VideoPacket
1773458966506285,41112,291,0,VideoPacket
1773458966506349,41113,291,0,VideoPacket
1773458966506410,41114,291,0,VideoPacket
1773458966506474,41115,291,0,VideoPacket
1773458966506535,41116,291,0,VideoPacket
1773458966506607,41117,291,0,VideoPacket
1773458966506668,41118,291,0,VideoPacket
1773458966506733,41119,291,0,VideoPacket
1773458966506793,41120,291,0,VideoPacket
1773458966506857,41121,291,0,VideoPacket
1773458966506918,41122,291,0,VideoPacket
1773458966506981,41123,291,0,VideoPacket
1773458966507044,41124,291,0,VideoPacket
1773458966580608,41125,803,0,VideoPacket
1773458966581375,41126,803,0,VideoPacket
1773458966581456,41127,803,0,VideoPacket
1773458966581521,41128,803,0,VideoPacket
1773458966581593,41129,803,0,VideoPacket
1773458966581659,41130,803,0,VideoPacket
1773458966581725,41131,803,0,VideoPacket
1773458966581802,41132,803,0,VideoPacket
1773458966581868,41133,803,0,VideoPacket
1773458966581931,41134,803,0,VideoPacket
1773458966581991,41135,803,0,VideoPacket
1773458966582052,41136,803,0,VideoPacket
1773458966582114,41137,803,0,VideoPacket
1773458966582176,41138,803,0,VideoPacket
1773458966582237,41139,803,0,VideoPacket
1773458966582298,41140,803,0,VideoPacket
1773458966582359,41141,803,0,VideoPacket
1773458966582420,41142,803,0,VideoPacket
1773458966585848,41143,547,0,VideoPacket
1773458966585935,41144,547,0,VideoPacket
1773458966586000,41145,547,0,VideoPacket
1773458966586062,41146,547,0,VideoPacket
1773458966586125,41147,547,0,VideoPacket
1773458966586189,41148,547,0,VideoPacket
1773458966586253,41149,547,0,VideoPacket
1773458966586320,41150,547,0,VideoPacket
1773458966586381,41151,547,0,VideoPacket
1773458966586440,41152,547,0,VideoPacket
1773458966586500,41153,547,0,VideoPacket
1773458966586561,41154,547,0,VideoPacket
1773458966586635,41155,547,0,VideoPacket
1773458966586699,41156,547,0,VideoPacket
1773458966627181,41157,547,0,VideoPacket
1773458966627341,41158,547,0,VideoPacket
1773458966627413,41159,547,0,VideoPacket
1773458966628647,41160,291,0,VideoPacket
1773458966628739,41161,291,0,VideoPacket
1773458966628810,41162,291,0,VideoPacket
1773458966628875,41163,291,0,VideoPacket
1773458966628939,41164,291,0,VideoPacket
1773458966629003,41165,291,0,VideoPacket
1773458966629067,41166,291,0,VideoPacket
1773458966629132,41167,291,0,VideoPacket
1773458966629191,41168,291,0,VideoPacket
1773458966629254,41169,291,0,VideoPacket
1773458966629313,41170,291,0,VideoPacket
1773458966629377,41171,291,0,VideoPacket
1773458966629437,41172,291,0,VideoPacket
1773458966629502,41173,291,0,VideoPacket
1773458966629562,41174,291,0,VideoPacket
1773458966629643,41175,291,0,VideoPacket
1773458966629710,41176,291,0,VideoPacket
1773458966629771,41177,291,0,VideoPacket
1773458966629835,41178,291,0,VideoPacket
1773458966629899,41179,291,0,VideoPacket
1773458966629963,41180,291,0,VideoPacket
1773458966630024,41181,291,0,VideoPacket
1773458966630088,41182,291,0,VideoPacket
1773458966630148,41183,291,0,VideoPacket
1773458966630211,41184,291,0,VideoPacket
1773458966630271,41185,291,0,VideoPacket
1773458966630334,41186,291,0,VideoPacket
1773458966682022,41187,547,0,VideoPacket
1773458966682196,41188,547,0,VideoPacket
1773458966682266,41189,547,0,VideoPacket
1773458966682331,41190,547,0,VideoPacket
1773458966682391,41191,547,0,VideoPacket
1773458966682455,41192,547,0,VideoPacket
1773458966682516,41193,547,0,VideoPacket
1773458966682591,41194,547,0,VideoPacket
1773458966682654,41195,547,0,VideoPacket
1773458966682717,41196,547,0,VideoPacket
1773458966682781,41197,547,0,VideoPacket
1773458966682846,41198,547,0,VideoPacket
1773458966682911,41199,547,0,VideoPacket
1773458966682972,41200,547,0,VideoPacket
1773458966683034,41201,547,0,VideoPacket
1773458966683097,41202,547,0,VideoPacket
1773458966683161,41203,547,0,VideoPacket
1773458966717181,41204,291,0,VideoPacket
1773458966717255,41205,291,0,VideoPacket
1773458966717312,41206,291,0,VideoPacket
1773458966717371,41207,291,0,VideoPacket
1773458966717431,41208,291,0,VideoPacket
1773458966717492,41209,291,0,VideoPacket
1773458966717557,41210,291,0,VideoPacket
1773458966717641,41211,291,0,VideoPacket
1773458966717703,41212,291,0,VideoPacket
1773458966717762,41213,291,0,VideoPacket
1773458966717827,41214,291,0,VideoPacket
1773458966717891,41215,291,0,VideoPacket
1773458966717956,41216,291,0,VideoPacket
1773458966718020,41217,291,0,VideoPacket
1773458966718084,41218,291,0,VideoPacket
1773458966718149,41219,291,0,VideoPacket
1773458966718213,41220,291,0,VideoPacket
1773458966718277,41221,291,0,VideoPacket
1773458966718341,41222,291,0,VideoPacket
1773458966718405,41223,291,0,VideoPacket
1773458966718468,41224,291,0,VideoPacket
1773458966718531,41225,291,0,VideoPacket
1773458966718603,41226,291,0,VideoPacket
1773458966718668,41227,291,0,VideoPacket
1773458966718731,41228,291,0,VideoPacket
1773458966778453,41229,291,0,VideoPacket
1773458966778619,41230,291,0,VideoPacket
1773458966778695,41231,291,0,VideoPacket
1773458966778758,41232,291,0,VideoPacket
1773458966778820,41233,291,0,VideoPacket
1773458966778881,41234,291,0,VideoPacket
1773458966778942,41235,291,0,VideoPacket
1773458966779003,41236,291,0,VideoPacket
1773458966779064,41237,291,0,VideoPacket
1773458966779127,41238,291,0,VideoPacket
1773458966779188,41239,291,0,VideoPacket
1773458966779250,41240,291,0,VideoPacket
1773458966779312,41241,291,0,VideoPacket
1773458966779376,41242,291,0,VideoPacket
1773458966779441,41243,291,0,VideoPacket
1773458966779503,41244,291,0,VideoPacket
1773458966779564,41245,291,0,VideoPacket
1773458966779637,41246,291,0,VideoPacket
1773458966779700,41247,291,0,VideoPacket
1773458966779770,41248,291,0,VideoPacket
1773458966779832,41249,291,0,VideoPacket
1773458966779897,41250,291,0,VideoPacket
1773458966779960,41251,291,0,VideoPacket
1773458966780025,41252,291,0,VideoPacket
1773458966780101,41253,291,0,VideoPacket
1773458966780168,41254,291,0,VideoPacket
1773458966780231,41255,291,0,VideoPacket
1773458966780295,41256,291,0,VideoPacket
1773458966780356,41257,291,0,VideoPacket
1773458966780420,41258,291,0,VideoPacket
1773458966905124,41259,1059,0,VideoPacket
1773458966905242,41260,1059,0,VideoPacket
1773458966905313,41261,1059,0,VideoPacket
1773458966905376,41262,1059,0,VideoPacket
1773458966905440,41263,1059,0,VideoPacket
1773458966905501,41264,1059,0,VideoPacket
1773458966905565,41265,1059,0,VideoPacket
1773458966905642,41266,1059,0,VideoPacket
1773458966905708,41267,1059,0,VideoPacket
1773458966905777,41268,1059,0,VideoPacket
1773458966946125,41269,1059,0,VideoPacket
1773458966946259,41270,1059,0,VideoPacket
1773458966946345,41271,1059,0,VideoPacket
1773458966946414,41272,291,0,VideoPacket
1773458966946476,41273,291,0,VideoPacket
1773458966946552,41274,291,0,VideoPacket
1773458966946631,41275,291,0,VideoPacket
1773458966946698,41276,291,0,VideoPacket
1773458966946764,41277,291,0,VideoPacket
1773458966986593,41278,291,0,VideoPacket
1773458966986745,41279,291,0,VideoPacket
1773458966986808,41280,291,0,VideoPacket
1773458966986869,41281,291,0,VideoPacket
1773458966986933,41282,291,0,VideoPacket
1773458966986995,41283,291,0,VideoPacket
1773458966987061,41284,291,0,VideoPacket
1773458966987121,41285,291,0,VideoPacket
1773458966987182,41286,291,0,VideoPacket
1773458966987241,41287,291,0,VideoPacket
1773458966987301,41288,291,0,VideoPacket
1773458966987360,41289,291,0,VideoPacket
1773458966987438,41290,291,0,VideoPacket
1773458966987522,41291,291,0,VideoPacket
1773458966987596,41292,291,0,VideoPacket
1773458966987657,41293,291,0,VideoPacket
1773458967030635,41294,291,0,VideoPacket
1773458967030743,41295,291,0,VideoPacket
1773458967030806,41296,291,0,VideoPacket
1773458967030866,41297,291,0,VideoPacket
1773458967030926,41298,291,0,VideoPacket
1773458967030985,41299,291,0,VideoPacket
1773458967031045,41300,291,0,VideoPacket
1773458967031106,41301,291,0,VideoPacket
1773458967031167,41302,291,0,VideoPacket
1773458967031227,41303,291,0,VideoPacket
1773458967031286,41304,291,0,VideoPacket
1773458967031344,41305,291,0,VideoPacket
1773458967031404,41306,291,0,VideoPacket
1773458967031485,41307,291,0,VideoPacket
1773458967031576,41308,291,0,VideoPacket
1773458967031640,41309,291,0,VideoPacket
1773458967073555,41310,291,0,VideoPacket
1773458967073654,41311,291,0,VideoPacket
1773458967073717,41312,291,0,VideoPacket
1773458967073776,41313,291,0,VideoPacket
1773458967073837,41314,291,0,VideoPacket
1773458967073897,41315,291,0,VideoPacket
1773458967073956,41316,291,0,VideoPacket
1773458967074017,41317,291,0,VideoPacket
1773458967083309,41318,291,0,VideoPacket
1773458967083392,41319,291,0,VideoPacket
1773458967260595,41320,291,0,VideoPacket
1773458967260754,41321,291,0,VideoPacket
1773458967260827,41322,291,0,VideoPacket
1773458967260890,41323,291,0,VideoPacket
1773458967260955,41324,291,0,VideoPacket
1773458967261022,41325,291,0,VideoPacket
1773458967261089,41326,291,0,VideoPacket
1773458967261155,41327,291,0,VideoPacket
1773458967261220,41328,291,0,VideoPacket
1773458967261286,41329,291,0,VideoPacket
1773458967261354,41330,291,0,VideoPacket
1773458967261419,41331,291,0,VideoPacket
1773458967261483,41332,291,0,VideoPacket
1773458967261551,41333,291,0,VideoPacket
1773458967261628,41334,291,0,VideoPacket
1773458967261696,41335,291,0,VideoPacket
1773458967305134,41336,291,0,VideoPacket
1773458967335036,41337,291,0,VideoPacket
1773458967335131,41338,291,0,VideoPacket
1773458967335199,41339,291,0,VideoPacket
1773458967335261,41340,291,0,VideoPacket
1773458967335328,41341,291,0,VideoPacket
1773458967416743,41342,291,0,VideoPacket
1773458967416851,41343,291,0,VideoPacket
1773458967416920,41344,291,0,VideoPacket
1773458967500712,41345,1059,0,VideoPacket
1773458967500850,41346,1059,0,VideoPacket
1773458967500925,41347,1059,0,VideoPacket
1773458967583722,41348,291,0,VideoPacket
1773458967583834,41349,291,0,VideoPacket
1773458967583907,41350,291,0,VideoPacket
1773458967583973,41351,291,0,VideoPacket
1773458967584054,41352,291,0,VideoPacket
1773458967667529,41353,291,0,VideoPacket
1773458967667654,41354,291,0,VideoPacket
1773458967667728,41355,291,0,VideoPacket
1773458967667794,41356,291,0,VideoPacket
1773458967667861,41357,291,0,VideoPacket
1773458967667928,41358,291,0,VideoPacket
1773458967750600,41359,291,0,VideoPacket
1773458967750710,41360,291,0,VideoPacket
1773458967750778,41361,291,0,VideoPacket
1773458967750845,41362,291,0,VideoPacket
1773458967750912,41363,291,0,VideoPacket
1773458967848721,41364,291,0,VideoPacket
1773458967848814,41365,291,0,VideoPacket
1773458967848884,41366,291,0,VideoPacket
1773458967848949,41367,291,0,VideoPacket
1773458967849011,41368,291,0,VideoPacket
1773458967849075,41369,291,0,VideoPacket
1773458967849140,41370,291,0,VideoPacket
1773458967934196,41371,803,0,VideoPacket
1773458967934295,41372,803,0,VideoPacket
1773458967934401,41373,803,0,VideoPacket
1773458968000845,41374,547,0,VideoPacket
1773458968000980,41375,547,0,VideoPacket
1773458968001089,41376,547,0,VideoPacket
1773458968084307,41377,291,0,VideoPacket
1773458968084426,41378,291,0,VideoPacket
1773458968084528,41379,291,0,VideoPacket
1773458968084636,41380,291,0,VideoPacket
1773458968084739,41381,291,0,VideoPacket
1773458968084835,41382,291,0,VideoPacket
1773458968084938,41383,291,0,VideoPacket
1773458968171911,41384,803,0,VideoPacket
1773458968172018,41385,803,0,VideoPacket
1773458968251019,41386,547,0,VideoPacket
1773458968251122,41387,547,0,VideoPacket
1773458968251218,41388,547,0,VideoPacket
1773458968334372,41389,547,0,VideoPacket
1773458968334493,41390,547,0,VideoPacket
1773458968334605,41391,547,0,VideoPacket
1773458968417872,41392,291,0,VideoPacket
1773458968417981,41393,291,0,VideoPacket
1773458968418088,41394,291,0,VideoPacket
1773458968418182,41395,291,0,VideoPacket
1773458968418275,41396,291,0,VideoPacket
1773458968501426,41397,547,0,VideoPacket
1773458968501542,41398,547,0,VideoPacket
1773458968501653,41399,547,0,VideoPacket
1773458968501749,41400,547,0,VideoPacket
1773458968584364,41401,547,0,VideoPacket
1773458968584470,41402,547,0,VideoPacket
1773458968668091,41403,547,0,VideoPacket
1773458968668196,41404,547,0,VideoPacket
1773458968751804,41405,291,0,VideoPacket
1773458968751913,41406,291,0,VideoPacket
1773458968752011,41407,291,0,VideoPacket
1773458968752138,41408,291,0,VideoPacket
1773458968752240,41409,291,0,VideoPacket
1773458968752337,41410,291,0,VideoPacket
1773458968752438,41411,291,0,VideoPacket
1773458968840576,41412,291,0,VideoPacket
1773458968840677,41413,291,0,VideoPacket
1773458968840820,41414,291,0,VideoPacket
1773458968840926,41415,291,0,VideoPacket
1773458968927203,41416,291,1,VideoPacket
1773458968927309,41417,291,1,VideoPacket
1773458968927421,41418,291,1,VideoPacket
1773458968927527,41419,291,1,VideoPacket
1773458968927638,41420,291,1,VideoPacket
1773458968927751,41421,291,1,VideoPacket
1773458968927855,41422,291,1,VideoPacket
1773458968927962,41423,291,1,VideoPacket
1773458968928074,41424,291,1,VideoPacket
1773458968928171,41425,291,1,VideoPacket
1773458968928273,41426,291,1,VideoPacket
1773458968928367,41427,291,1,VideoPacket
1773458968928478,41428,291,1,VideoPacket
1773458968969389,41429,291,1,VideoPacket
1773458968969492,41430,291,1,VideoPacket
1773458968969600,41431,291,1,VideoPacket
1773458968969680,41432,291,1,VideoPacket
1773458968969745,41433,291,1,VideoPacket
1773458968969809,41434,291,1,VideoPacket
1773458968969871,41435,291,1,VideoPacket
1773458968969934,41436,291,1,VideoPacket
1773458968969996,41437,291,1,VideoPacket
1773458968970059,41438,291,1,VideoPacket
1773458968970121,41439,291,1,VideoPacket
1773458968970183,41440,291,1,VideoPacket
1773458968970244,41441,291,1,VideoPacket
1773458969004305,41442,291,0,VideoPacket
1773458969004403,41443,291,0,VideoPacket
1773458969004469,41444,291,0,VideoPacket
1773458969004529,41445,291,0,VideoPacket
1773458969004603,41446,291,0,VideoPacket
1773458969004684,41447,291,0,VideoPacket
1773458969004750,41448,291,0,VideoPacket
1773458969004812,41449,291,0,VideoPacket
1773458969004878,41450,291,0,VideoPacket
1773458969004938,41451,291,0,VideoPacket
1773458969005002,41452,291,0,VideoPacket
1773458969005064,41453,291,0,VideoPacket
1773458969046746,41454,291,0,VideoPacket
1773458969046870,41455,291,0,VideoPacket
1773458969046979,41456,291,0,VideoPacket
1773458969085338,41457,547,0,VideoPacket
1773458969085448,41458,547,0,VideoPacket
1773458969169228,41459,291,0,VideoPacket
1773458969169336,41460,291,0,VideoPacket
1773458969169440,41461,291,0,VideoPacket
1773458969169540,41462,291,0,VideoPacket
1773458969169654,41463,291,0,VideoPacket
1773458969169754,41464,291,0,VideoPacket
1773458969169856,41465,291,0,VideoPacket
1773458969169972,41466,291,0,VideoPacket
1773458969170071,41467,291,0,VideoPacket
1773458969170171,41468,291,0,VideoPacket
1773458969170271,41469,291,0,VideoPacket
1773458969170370,41470,291,0,VideoPacket
1773458969170471,41471,291,0,VideoPacket
1773458969211786,41472,291,0,VideoPacket
1773458969211898,41473,291,0,VideoPacket
1773458969212017,41474,291,0,VideoPacket
1773458969252665,41475,291,0,VideoPacket
1773458969252805,41476,291,0,VideoPacket
1773458969252936,41477,291,0,VideoPacket
1773458969253014,41478,291,0,VideoPacket
1773458969253088,41479,291,0,VideoPacket
1773458969253155,41480,291,0,VideoPacket
1773458969253221,41481,291,0,VideoPacket
1773458969253292,41482,291,0,VideoPacket
1773458969253361,41483,291,0,VideoPacket
1773458969253427,41484,291,0,VideoPacket
1773458969345805,41485,291,0,VideoPacket
1773458969345907,41486,291,0,VideoPacket
1773458969346010,41487,291,0,VideoPacket
1773458969346111,41488,291,0,VideoPacket
1773458969346208,41489,291,0,VideoPacket
1773458969346313,41490,291,0,VideoPacket
1773458969419334,41491,291,0,VideoPacket
1773458969419444,41492,291,0,VideoPacket
1773458969419546,41493,291,0,VideoPacket
1773458969419663,41494,291,0,VideoPacket
1773458969419764,41495,291,0,VideoPacket
1773458969503755,41496,547,0,VideoPacket
1773458969503875,41497,547,0,VideoPacket
1773458969503978,41498,547,0,VideoPacket
1773458969504090,41499,547,0,VideoPacket
1773458969504189,41500,547,0,VideoPacket
1773458969504287,41501,547,0,VideoPacket
1773458969556173,41502,547,0,VideoPacket
1773458969556268,41503,547,0,VideoPacket
1773458969585417,41504,291,0,VideoPacket
1773458969585521,41505,291,0,VideoPacket
1773458969585632,41506,291,0,VideoPacket
1773458969585725,41507,291,0,VideoPacket
1773458969585836,41508,291,0,VideoPacket
1773458969669032,41509,547,0,VideoPacket
1773458969669156,41510,547,0,VideoPacket
1773458969669258,41511,547,0,VideoPacket
1773458969752868,41512,291,0,VideoPacket
1773458969752977,41513,291,0,VideoPacket
1773458969753083,41514,291,0,VideoPacket
1773458969753187,41515,291,0,VideoPacket
1773458969753293,41516,291,0,VideoPacket
1773458969753397,41517,291,0,VideoPacket
1773458969753501,41518,291,0,VideoPacket
1773458969753617,41519,291,0,VideoPacket
1773458969753724,41520,291,0,VideoPacket
1773458969753828,41521,291,0,VideoPacket
1773458969753933,41522,291,0,VideoPacket
1773458969796561,41523,291,0,VideoPacket
1773458969855943,41524,291,0,VideoPacket
1773458969856054,41525,291,0,VideoPacket
1773458969856159,41526,291,0,VideoPacket
1773458969856280,41527,291,0,VideoPacket
1773458969856375,41528,291,0,VideoPacket
1773458969925940,41529,547,0,VideoPacket
1773458969926046,41530,547,0,VideoPacket
1773458969926159,41531,547,0,VideoPacket
1773458970003964,41532,291,0,VideoPacket
1773458970004124,41533,291,0,VideoPacket
1773458970004230,41534,291,0,VideoPacket
1773458970004331,41535,291,0,VideoPacket
1773458970004433,41536,291,0,VideoPacket
1773458970004556,41537,291,0,VideoPacket
1773458970004674,41538,291,0,VideoPacket
1773458970086186,41539,547,0,VideoPacket
1773458970086295,41540,547,0,VideoPacket
1773458970086395,41541,547,0,VideoPacket
1773458970086496,41542,547,0,VideoPacket
1773458970171908,41543,547,0,VideoPacket
1773458970172013,41544,547,0,VideoPacket
1773458970253903,41545,291,0,VideoPacket
1773458970254088,41546,291,0,VideoPacket
1773458970254246,41547,291,0,VideoPacket
1773458970254423,41548,291,0,VideoPacket
1773458970254627,41549,291,0,VideoPacket
1773458970254818,41550,291,0,VideoPacket
1773458970255012,41551,291,0,VideoPacket
1773458970255179,41552,291,0,VideoPacket
1773458970255303,41553,291,0,VideoPacket
1773458970336469,41554,291,0,VideoPacket
1773458970336633,41555,291,0,VideoPacket
1773458970336741,41556,291,0,VideoPacket
1773458970336842,41557,291,0,VideoPacket
1773458970336944,41558,291,0,VideoPacket
1773458970420465,41559,291,0,VideoPacket
1773458970420586,41560,291,0,VideoPacket
1773458970420687,41561,291,0,VideoPacket
1773458970420788,41562,291,0,VideoPacket
1773458970420891,41563,291,0,VideoPacket
1773458970420990,41564,291,0,VideoPacket
1773458970421089,41565,291,0,VideoPacket
1773458970421188,41566,291,0,VideoPacket
1773458970503415,41567,547,0,VideoPacket
1773458970503540,41568,547,0,VideoPacket
1773458970503648,41569,547,0,VideoPacket
1773458970587581,41570,291,0,VideoPacket
1773458970587690,41571,291,0,VideoPacket
1773458970587796,41572,291,0,VideoPacket
1773458970670301,41573,291,0,VideoPacket
1773458970670429,41574,291,0,VideoPacket
1773458970670530,41575,291,0,VideoPacket
1773458970670638,41576,291,0,VideoPacket
1773458970670760,41577,291,0,VideoPacket
1773458970670856,41578,291,0,VideoPacket
1773458970670956,41579,291,0,VideoPacket
1773458970755496,41580,291,0,VideoPacket
1773458970755611,41581,291,0,VideoPacket
1773458970755713,41582,291,0,VideoPacket
1773458970755812,41583,291,0,VideoPacket
1773458970755912,41584,291,0,VideoPacket
1773458970756014,41585,291,0,VideoPacket
1773458970836931,41586,291,0,VideoPacket
1773458970837061,41587,291,0,VideoPacket
1773458970837165,41588,291,0,VideoPacket
1773458970837265,41589,291,0,VideoPacket
1773458970921174,41590,291,0,VideoPacket
1773458970921280,41591,291,0,VideoPacket
1773458970921381,41592,291,0,VideoPacket
1773458970921479,41593,291,0,VideoPacket
1773458970921587,41594,291,0,VideoPacket
1773458970921693,41595,291,0,VideoPacket
1773458970921792,41596,291,0,VideoPacket
1773458970921890,41597,291,0,VideoPacket
1773458970921987,41598,291,0,VideoPacket
1773458971008675,41599,803,0,VideoPacket
1773458971008787,41600,803,0,VideoPacket
1773458971088082,41601,291,0,VideoPacket
1773458971088197,41602,291,0,VideoPacket
1773458971088301,41603,291,0,VideoPacket
1773458971088400,41604,291,0,VideoPacket
1773458971088508,41605,291,0,VideoPacket
1773458971088619,41606,291,0,VideoPacket
1773458971088717,41607,291,0,VideoPacket
1773458971088816,41608,291,0,VideoPacket
1773458971088915,41609,291,0,VideoPacket
1773458971133131,41610,291,0,VideoPacket
1773458971133249,41611,291,0,VideoPacket
1773458971133355,41612,291,0,VideoPacket
1773458971133454,41613,291,0,VideoPacket
1773458971133552,41614,291,0,VideoPacket
1773458971133672,41615,291,0,VideoPacket
1773458971170814,41616,547,0,VideoPacket
1773458971170921,41617,547,0,VideoPacket
1773458971171023,41618,547,0,VideoPacket
1773458971254069,41619,291,0,VideoPacket
1773458971254192,41620,291,0,VideoPacket
1773458971254294,41621,291,0,VideoPacket
1773458971254395,41622,291,0,VideoPacket
1773458971254493,41623,291,0,VideoPacket
1773458971337885,41624,291,0,VideoPacket
1773458971338094,41625,291,0,VideoPacket
1773458971338192,41626,291,0,VideoPacket
1773458971338292,41627,291,0,VideoPacket
1773458971338388,41628,291,0,VideoPacket
1773458971338487,41629,291,0,VideoPacket
1773458971338596,41630,291,0,VideoPacket
1773458971338697,41631,291,0,VideoPacket
1773458971338802,41632,291,0,VideoPacket
1773458971382426,41633,291,0,VideoPacket
1773458971382643,41634,291,0,VideoPacket
1773458971440212,41635,291,0,VideoPacket
1773458971440353,41636,291,0,VideoPacket
1773458971440448,41637,291,0,VideoPacket
1773458971440542,41638,291,0,VideoPacket
1773458971440657,41639,291,0,VideoPacket
1773458971504007,41640,547,0,VideoPacket
1773458971504214,41641,547,0,VideoPacket
1773458971588081,41642,291,0,VideoPacket
1773458971588247,41643,291,0,VideoPacket
1773458971588339,41644,291,0,VideoPacket
1773458971588433,41645,291,0,VideoPacket
1773458971588527,41646,291,0,VideoPacket
1773458971673575,41647,291,0,VideoPacket
1773458971673682,41648,291,0,VideoPacket
1773458971673756,41649,291,0,VideoPacket
1773458971673829,41650,291,0,VideoPacket
1773458971673901,41651,291,0,VideoPacket
1773458971770338,41652,291,0,VideoPacket
1773458971770428,41653,291,0,VideoPacket
1773458971770502,41654,291,0,VideoPacket
1773458971837531,41655,547,0,VideoPacket
1773458971837638,41656,547,0,VideoPacket
1773458971921098,41657,291,0,VideoPacket
1773458971921203,41658,291,0,VideoPacket
1773458971921277,41659,291,0,VideoPacket
1773458971921348,41660,291,0,VideoPacket
1773458971921420,41661,291,0,VideoPacket
1773458972004778,41662,291,0,VideoPacket
1773458972004892,41663,291,0,VideoPacket
1773458972004966,41664,291,0,VideoPacket
1773458972005037,41665,291,0,VideoPacket
1773458972005109,41666,291,0,VideoPacket
1773458972087858,41667,291,0,VideoPacket
1773458972087948,41668,291,0,VideoPacket
1773458972088022,41669,291,0,VideoPacket
1773458972179594,41670,547,0,VideoPacket
1773458972179684,41671,547,0,VideoPacket
1773458972179756,41672,547,0,VideoPacket
1773458972179827,41673,547,0,VideoPacket
1773458972254988,41674,547,0,VideoPacket
1773458972255081,41675,547,0,VideoPacket
1773458972338199,41676,291,0,VideoPacket
1773458972338310,41677,291,0,VideoPacket
1773458972338384,41678,291,0,VideoPacket
1773458972450859,41679,803,0,VideoPacket
1773458972450978,41680,803,0,VideoPacket
1773458972505021,41681,291,0,VideoPacket
1773458972505145,41682,291,0,VideoPacket
1773458972505275,41683,291,0,VideoPacket
1773458972505390,41684,291,0,VideoPacket
1773458972588259,41685,291,0,VideoPacket
1773458972588366,41686,291,0,VideoPacket
1773458972588473,41687,291,0,VideoPacket
1773458972672016,41688,291,0,VideoPacket
1773458972672130,41689,291,0,VideoPacket
1773458972672237,41690,291,0,VideoPacket
1773458972672338,41691,291,0,VideoPacket
1773458972672439,41692,291,0,VideoPacket
1773458972755329,41693,291,0,VideoPacket
1773458972755452,41694,291,0,VideoPacket
1773458972755556,41695,291,0,VideoPacket
1773458972755671,41696,291,0,VideoPacket
1773458972755771,41697,291,0,VideoPacket
1773458972838867,41698,291,0,VideoPacket
1773458972838989,41699,291,0,VideoPacket
1773458972839092,41700,291,0,VideoPacket
1773458972839193,41701,291,0,VideoPacket
1773458972839295,41702,291,0,VideoPacket
1773458972839396,41703,291,0,VideoPacket
1773458972922404,41704,291,0,VideoPacket
1773458972922654,41705,291,0,VideoPacket
1773458972922835,41706,291,0,VideoPacket
1773458972922998,41707,291,0,VideoPacket
1773458972923159,41708,291,0,VideoPacket
1773458973005522,41709,547,0,VideoPacket
1773458973005710,41710,547,0,VideoPacket
1773458973088864,41711,803,0,VideoPacket
1773458973088978,41712,803,0,VideoPacket
1773458973172589,41713,547,0,VideoPacket
1773458973172699,41714,547,0,VideoPacket
1773458973172800,41715,547,0,VideoPacket
1773458973255833,41716,291,0,VideoPacket
1773458973255961,41717,291,0,VideoPacket
1773458973256075,41718,291,0,VideoPacket
1773458973360671,41719,291,0,VideoPacket
1773458973360777,41720,291,0,VideoPacket
1773458973360876,41721,291,0,VideoPacket
1773458973360970,41722,291,0,VideoPacket
1773458973361056,41723,291,0,VideoPacket
1773458973422858,41724,547,0,VideoPacket
1773458973423041,41725,547,0,VideoPacket
1773458973423138,41726,547,0,VideoPacket
1773458973506007,41727,291,0,VideoPacket
1773458973506156,41728,291,0,VideoPacket
1773458973589427,41729,291,0,VideoPacket
1773458973589539,41730,291,0,VideoPacket
1773458973589657,41731,291,0,VideoPacket
1773458973673050,41732,547,0,VideoPacket
1773458973673194,41733,547,0,VideoPacket
1773458973756303,41734,291,0,VideoPacket
1773458973756417,41735,291,0,VideoPacket
1773458973756518,41736,291,0,VideoPacket
1773458973839674,41737,291,0,VideoPacket
1773458973839786,41738,291,0,VideoPacket
1773458973839886,41739,291,0,VideoPacket
1773458973923432,41740,291,0,VideoPacket
1773458973923551,41741,291,0,VideoPacket
1773458973923663,41742,291,0,VideoPacket
1773458973923763,41743,291,0,VideoPacket
1773458974006609,41744,291,0,VideoPacket
1773458974006738,41745,291,0,VideoPacket
1773458974006840,41746,291,0,VideoPacket
1773458974090024,41747,291,0,VideoPacket
1773458974090135,41748,291,0,VideoPacket
1773458974090235,41749,291,0,VideoPacket
1773458974090335,41750,291,0,VideoPacket
1773458974173502,41751,291,0,VideoPacket
1773458974173655,41752,291,0,VideoPacket
1773458974173764,41753,291,0,VideoPacket
1773458974173862,41754,291,0,VideoPacket
1773458974173967,41755,291,0,VideoPacket
1773458974258117,41756,291,0,VideoPacket
1773458974258221,41757,291,0,VideoPacket
1773458974258319,41758,291,0,VideoPacket
1773458974340488,41759,291,0,VideoPacket
1773458974340625,41760,291,0,VideoPacket
1773458974340727,41761,291,0,VideoPacket
1773458974340829,41762,291,0,VideoPacket
1773458974340929,41763,291,0,VideoPacket
1773458974423715,41764,547,0,VideoPacket
1773458974423832,41765,547,0,VideoPacket
1773458974507407,41766,291,0,VideoPacket
1773458974507589,41767,291,0,VideoPacket
1773458974507682,41768,291,0,VideoPacket
1773458974507785,41769,291,0,VideoPacket
1773458974507886,41770,291,0,VideoPacket
1773458974590420,41771,291,0,VideoPacket
1773458974590534,41772,291,0,VideoPacket
1773458974590644,41773,291,0,VideoPacket
1773458974673980,41774,291,0,VideoPacket
1773458974674089,41775,291,0,VideoPacket
1773458974674191,41776,291,0,VideoPacket
1773458974674308,41777,291,0,VideoPacket
1773458974757298,41778,547,0,VideoPacket
1773458974757426,41779,547,0,VideoPacket
1773458974845930,41780,291,0,VideoPacket
1773458974846038,41781,291,0,VideoPacket
1773458974846134,41782,291,0,VideoPacket
1773458974924529,41783,547,0,VideoPacket
1773458974924651,41784,547,0,VideoPacket
1773458974966536,41785,547,0,VideoPacket
1773458975007538,41786,291,0,VideoPacket
1773458975007706,41787,291,0,VideoPacket
1773458975090883,41788,291,0,VideoPacket
1773458975090994,41789,291,0,VideoPacket
1773458975091095,41790,291,0,VideoPacket
1773458975174526,41791,291,0,VideoPacket
1773458975174649,41792,291,0,VideoPacket
1773458975174748,41793,291,0,VideoPacket
1773458975174851,41794,291,0,VideoPacket
1773458975222091,41795,291,0,VideoPacket
1773458975257729,41796,291,0,VideoPacket
1773458975257853,41797,291,0,VideoPacket
1773458975341303,41798,291,0,VideoPacket
1773458975341417,41799,291,0,VideoPacket
1773458975341518,41800,291,0,VideoPacket
1773458975428892,41801,547,0,VideoPacket
1773458975429005,41802,547,0,VideoPacket
1773458975507724,41803,291,0,VideoPacket
1773458975507839,41804,291,0,VideoPacket
1773458975507942,41805,291,0,VideoPacket
1773458975592408,41806,291,0,VideoPacket
1773458975592523,41807,291,0,VideoPacket
1773458975592641,41808,291,0,VideoPacket
1773458975637584,41809,291,0,VideoPacket
1773458975637696,41810,291,0,VideoPacket
1773458975637795,41811,291,0,VideoPacket
1773458975681619,41812,291,0,VideoPacket
1773458975681727,41813,291,0,VideoPacket
1773458975681826,41814,291,0,VideoPacket
1773458975726350,41815,291,0,VideoPacket
1773458975726456,41816,291,0,VideoPacket
1773458975757993,41817,291,0,VideoPacket
1773458975758105,41818,291,0,VideoPacket
1773458975841499,41819,291,0,VideoPacket
1773458975841618,41820,291,0,VideoPacket
1773458975841714,41821,291,0,VideoPacket
1773458975886654,41822,291,0,VideoPacket
1773458975886762,41823,291,0,VideoPacket
1773458975924852,41824,291,0,VideoPacket
1773458975924969,41825,291,0,VideoPacket
1773458976008397,41826,291,0,VideoPacket
1773458976008549,41827,291,0,VideoPacket
1773458976091672,41828,291,0,VideoPacket
1773458976091784,41829,291,0,VideoPacket
1773458976120465,17477,293,0,Retransmission:41076
1773458976120599,17478,293,0,Retransmission:41077
1773458976120713,17479,293,0,Retransmission:41078
1773458976166498,17480,293,0,Retransmission:41079
1773458976166612,17481,293,0,Retransmission:41092
1773458976166700,17482,293,0,Retransmission:41093
1773458976215542,17483,293,0,Retransmission:41094
1773458976215654,17484,293,0,Retransmission:41095
1773458976215743,17485,293,0,Retransmission:41096
1773458976255399,17486,293,0,Retransmission:41097
1773458976255496,17487,293,0,Retransmission:41098
1773458976255599,17488,293,0,Retransmission:41099
1773458976301061,17489,293,0,Retransmission:41100
1773458976301168,17490,293,0,Retransmission:41101
1773458976301253,17491,293,0,Retransmission:41102
1773458976345661,17492,293,0,Retransmission:41103
1773458976345756,17493,293,0,Retransmission:41104
1773458976345830,17494,293,0,Retransmission:41105
1773458976389639,17495,293,0,Retransmission:41106
1773458976389745,17496,293,0,Retransmission:41107
1773458976389833,17497,293,0,Retransmission:41108
1773458976433729,17498,293,0,Retransmission:41109
1773458976433874,17499,293,0,Retransmission:41110
1773458976433949,17500,293,0,Retransmission:41111
1773458976478916,17501,293,0,Retransmission:41112
1773458976478995,17502,293,0,Retransmission:41113
1773458976479073,17503,293,0,Retransmission:41114
1773458976521364,17504,293,0,Retransmission:41115
1773458976521447,17505,293,0,Retransmission:41116
1773458976521510,17506,293,0,Retransmission:41117
1773458976572389,17507,293,0,Retransmission:41118
1773458976572470,17508,293,0,Retransmission:41119
1773458976572541,17509,293,0,Retransmission:41120
1773458976637457,17510,293,0,Retransmission:41121
1773458976637577,17511,293,0,Retransmission:41122
1773458976637677,17512,293,0,Retransmission:41123
1773458976639926,17513,293,0,Retransmission:41124
1773458976640024,17514,805,0,Retransmission:41135
1773458976640121,17515,549,0,Retransmission:41145
1773458976640202,17516,549,0,Retransmission:41151
1773458976640280,17517,549,0,Retransmission:41152
1773458976640354,17518,549,0,Retransmission:41153
1773458976649719,17519,549,0,Retransmission:41154
1773458976649815,17520,549,0,Retransmission:41155
1773458976649899,17521,549,0,Retransmission:41156
1773458976649984,17522,293,0,Retransmission:41162
1773458976650066,17523,293,0,Retransmission:41171
1773458976650146,17524,293,0,Retransmission:41172
1773458976650227,17525,293,0,Retransmission:41173
1773458976650310,17526,293,0,Retransmission:41174
1773458976650410,17527,293,0,Retransmission:41175
1773458976650494,17528,293,0,Retransmission:41176
1773458976650590,17529,293,0,Retransmission:41177
1773458976689958,17530,293,0,Retransmission:41178
1773458976690053,17531,293,0,Retransmission:41179
1773458976690133,17532,293,0,Retransmission:41180
1773458976690207,17533,293,0,Retransmission:41181
1773458976690284,17534,293,0,Retransmission:41182
1773458976690369,17535,293,0,Retransmission:41183
1773458976690447,17536,293,0,Retransmission:41184
1773458976690522,17537,293,0,Retransmission:41185
1773458976690619,17538,293,0,Retransmission:41186
1773458976690707,17539,549,0,Retransmission:41197
1773458976690787,17540,293,0,Retransmission:41212
1773458976690862,17541,293,0,Retransmission:41215
1773458976690954,17542,293,0,Retransmission:41216
1773458976735031,17543,293,0,Retransmission:41217
1773458976735121,17544,293,0,Retransmission:41218
1773458976735205,17545,293,0,Retransmission:41219
1773458976735283,17546,293,0,Retransmission:41220
1773458976735367,17547,293,0,Retransmission:41221
1773458976735453,17548,293,0,Retransmission:41222
1773458976735541,17549,293,0,Retransmission:41223
1773458976735634,17550,293,0,Retransmission:41224
1773458976735712,17551,293,0,Retransmission:41225
1773458976735791,17552,293,0,Retransmission:41226
1773458976735865,17553,293,0,Retransmission:41227
1773458976735947,17554,293,0,Retransmission:41228
1773458976736028,17555,293,0,Retransmission:41238
1773458976791489,17556,293,0,Retransmission:41239
1773458976791587,17557,293,0,Retransmission:41240
1773458976791671,17558,293,0,Retransmission:41241
1773458976791750,17559,293,0,Retransmission:41242
1773458976791831,17560,293,0,Retransmission:41243
1773458976791906,17561,293,0,Retransmission:41244
1773458976791992,17562,293,0,Retransmission:41245
1773458976792086,17563,293,0,Retransmission:41246
1773458976792169,17564,293,0,Retransmission:41247
1773458976792255,17565,293,0,Retransmission:41248
1773458976792336,17566,293,0,Retransmission:41249
1773458976792410,17567,293,0,Retransmission:41250
1773458976792494,17568,293,0,Retransmission:41251
1773458976825005,17569,293,0,Retransmission:41252
1773458976825101,17570,293,0,Retransmission:41253
1773458976825186,17571,293,0,Retransmission:41254
1773458976825269,17572,293,0,Retransmission:41255
1773458976825352,17573,293,0,Retransmission:41256
1773458976825437,17574,293,0,Retransmission:41257
1773458976825520,17575,293,0,Retransmission:41258
1773458976825606,17576,293,0,Retransmission:41359
1773458976825687,17577,293,0,Retransmission:41365
1773458976825767,17578,293,0,Retransmission:41369
1773458976825849,17579,549,0,Retransmission:41386
1773458976825936,17580,293,0,Retransmission:41393
1773458976826017,17581,293,0,Retransmission:41424
1773458976870591,17582,293,0,Retransmission:41426
1773458976870684,17583,293,0,Retransmission:41435
1773458976870766,17584,293,0,Retransmission:41455
1773458976870852,17585,293,0,Retransmission:41564
1773458976870934,17586,293,0,Retransmission:41589
1773458976871018,17587,549,0,Retransmission:41617
1773458976871105,17588,293,0,Retransmission:41625
1773458976871188,17589,549,0,Retransmission:41656
1773458976871270,17590,549,0,Retransmission:41675
1773458976871354,17591,293,0,Retransmission:41738
1773458976871439,17592,293,0,Retransmission:41748
1773458976913319,17593,293,0,Retransmission:41750
1773458976913412,41830,291,0,VideoPacket
1773458976913531,41831,291,0,VideoPacket
1773458976913636,41832,291,0,VideoPacket
1773458976913727,41833,291,0,VideoPacket
1773458976913819,41834,291,0,VideoPacket
1773458976913910,41835,291,0,VideoPacket
1773458976914002,41836,291,1,VideoPacket
1773458976914095,41837,291,1,VideoPacket
1773458976914181,41838,291,1,VideoPacket
1773458976914273,41839,291,1,VideoPacket
1773458976914362,41840,291,1,VideoPacket
1773458976914457,41841,291,1,VideoPacket
1773458976952080,41842,291,1,VideoPacket
1773458976952185,41843,291,1,VideoPacket
1773458976952282,41844,291,1,VideoPacket
1773458976952376,41845,291,1,VideoPacket
1773458976952466,41846,291,1,VideoPacket
1773458976952559,41847,291,1,VideoPacket
1773458976952670,41848,291,1,VideoPacket
1773458976952763,41849,291,1,VideoPacket
1773458976952859,41850,291,1,VideoPacket
1773458976952953,41851,291,1,VideoPacket
1773458976953044,41852,291,1,VideoPacket
1773458976953137,41853,291,1,VideoPacket
1773458976953233,41854,291,1,VideoPacket
1773458977008137,41855,291,1,VideoPacket
1773458977008251,41856,291,1,VideoPacket
1773458977008347,41857,291,1,VideoPacket
1773458977008444,41858,291,0,VideoPacket
1773458977008541,41859,291,0,VideoPacket
1773458977008646,41860,291,0,VideoPacket
1773458977008759,41861,291,0,VideoPacket
1773458977008855,41862,291,0,VideoPacket
1773458977008947,41863,291,0,VideoPacket
1773458977040250,17594,293,0,Retransmission:41830
1773458977138679,17595,293,0,Retransmission:41853
1773458977176928,41864,291,0,VideoPacket
1773458977177021,41865,291,0,VideoPacket
1773458977177106,41866,291,0,VideoPacket
1773458977177187,41867,291,0,VideoPacket
1773458977177268,41868,291,0,VideoPacket
1773458977311019,17596,293,0,Retransmission:41866
1773458977344818,41869,291,0,VideoPacket
1773458977344906,41870,291,0,VideoPacket
1773458977344988,41871,291,0,VideoPacket
1773458977345067,41872,291,0,VideoPacket
1773458977345148,41873,291,0,VideoPacket
1773458977345227,41874,291,0,VideoPacket
1773458977345309,41875,291,0,VideoPacket
1773458977345388,41876,291,0,VideoPacket
1773458977345470,41877,291,0,VideoPacket
1773458977345550,41878,291,0,VideoPacket
1773458977345642,41879,291,0,VideoPacket
1773458977345722,41880,291,0,VideoPacket
1773458977345802,41881,291,0,VideoPacket
1773458977386451,41882,291,0,VideoPacket
1773458977386537,41883,291,0,VideoPacket
1773458977427612,41884,291,0,VideoPacket
1773458977427706,41885,291,0,VideoPacket
1773458977427792,41886,291,0,VideoPacket
1773458977427877,41887,291,0,VideoPacket
1773458977427962,41888,291,0,VideoPacket
1773458977514375,41889,291,0,VideoPacket
1773458977514462,41890,291,0,VideoPacket
1773458977514551,41891,291,0,VideoPacket
1773458977514648,41892,291,0,VideoPacket
1773458977514732,41893,291,0,VideoPacket
1773458977602582,41894,291,0,VideoPacket
1773458977602672,41895,291,0,VideoPacket
1773458977602763,41896,291,0,VideoPacket
1773458977602845,41897,291,0,VideoPacket
1773458977602915,41898,291,0,VideoPacket
1773458977602977,41899,291,0,VideoPacket
1773458977603042,41900,291,0,VideoPacket
1773458977603107,41901,291,0,VideoPacket
1773458977603173,41902,291,0,VideoPacket
1773458977603242,41903,291,0,VideoPacket
1773458977603308,41904,291,0,VideoPacket
1773458977603372,41905,291,0,VideoPacket
1773458977603439,41906,291,0,VideoPacket
1773458977651627,41907,291,0,VideoPacket
1773458977651723,41908,291,0,VideoPacket
1773458977651796,41909,291,0,VideoPacket
1773458977651863,41910,291,0,VideoPacket
1773458977651930,41911,291,0,VideoPacket
1773458977651997,41912,291,0,VideoPacket
1773458977652090,41913,291,0,VideoPacket
1773458977652166,41914,291,0,VideoPacket
1773458977652235,41915,291,0,VideoPacket
1773458977652306,41916,291,0,VideoPacket
1773458977652372,41917,291,0,VideoPacket
1773458977652437,41918,291,0,VideoPacket
1773458977652503,41919,291,0,VideoPacket
1773458977696533,17597,293,0,Retransmission:41889
1773458977696635,41920,291,0,VideoPacket
1773458977696715,41921,291,0,VideoPacket
1773458977696778,41922,291,0,VideoPacket
1773458977696842,41923,291,0,VideoPacket
1773458977696904,41924,291,0,VideoPacket
1773458977696968,41925,291,0,VideoPacket
1773458977697048,41926,291,0,VideoPacket
1773458977697113,41927,291,0,VideoPacket
1773458977697177,41928,291,0,VideoPacket
1773458977697241,41929,291,0,VideoPacket
1773458977697316,41930,291,0,VideoPacket
1773458977697418,41931,291,0,VideoPacket
1773458977730389,41932,291,0,VideoPacket
1773458977730488,41933,291,0,VideoPacket
1773458977730598,41934,291,0,VideoPacket
1773458978006987,41935,291,0,VideoPacket
1773458978007095,41936,291,0,VideoPacket
1773458978007182,41937,291,0,VideoPacket
1773458978007243,41938,291,0,VideoPacket
1773458978007304,41939,291,0,VideoPacket
1773458978007364,41940,291,0,VideoPacket
1773458978007425,41941,291,0,VideoPacket
1773458978007486,41942,291,0,VideoPacket
1773458978007549,41943,291,0,VideoPacket
1773458978007621,41944,291,0,VideoPacket
1773458978007683,41945,291,0,VideoPacket
1773458978007742,41946,291,0,VideoPacket
1773458978007802,41947,291,0,VideoPacket
1773458978066661,17598,293,0,Retransmission:41909
1773458978066748,41948,291,0,VideoPacket
1773458978066824,41949,291,0,VideoPacket
1773458978066893,41950,291,0,VideoPacket
1773458978066959,41951,291,0,VideoPacket
1773458978067027,41952,291,0,VideoPacket
1773458978067094,41953,291,0,VideoPacket
1773458978067165,41954,291,0,VideoPacket
1773458978067273,41955,291,0,VideoPacket
1773458978067372,41956,291,0,VideoPacket
1773458978067451,41957,291,0,VideoPacket
1773458978067548,41958,291,0,VideoPacket
1773458978110267,41959,1059,0,VideoPacket
1773458978110352,41960,1059,0,VideoPacket
1773458978110426,41961,1059,0,VideoPacket
1773458978110502,41962,1059,0,VideoPacket
1773458978158901,41963,1059,0,VideoPacket
1773458978158989,41964,1059,0,VideoPacket
1773458978159060,41965,291,0,VideoPacket
1773458978159127,41966,291,0,VideoPacket
1773458978159197,41967,291,0,VideoPacket
1773458978159262,41968,291,0,VideoPacket
1773458978159324,41969,291,0,VideoPacket
1773458978159390,41970,291,0,VideoPacket
1773458978159457,41971,291,0,VideoPacket
1773458978192262,17599,293,0,Retransmission:41939
1773458978192342,17600,293,0,Retransmission:41946
1773458978192404,41972,291,0,VideoPacket
1773458978192474,41973,291,0,VideoPacket
1773458978192543,41974,291,0,VideoPacket
1773458978192635,41975,291,0,VideoPacket
1773458978192722,41976,291,0,VideoPacket
1773458978192803,41977,291,0,VideoPacket
1773458978192887,41978,291,0,VideoPacket
1773458978192975,41979,291,0,VideoPacket
1773458978193060,41980,291,0,VideoPacket
1773458978193147,41981,291,0,VideoPacket
1773458978193219,41982,291,0,VideoPacket
1773458978219483,41983,547,0,VideoPacket
1773458978219605,41984,547,0,VideoPacket
1773458978219702,41985,547,0,VideoPacket
1773458978261140,41986,291,0,VideoPacket
1773458978261244,41987,291,0,VideoPacket
1773458978261347,41988,291,0,VideoPacket
1773458978261446,41989,291,0,VideoPacket
1773458978261547,41990,291,0,VideoPacket
1773458978316146,17601,293,0,Retransmission:41958
1773458978316274,41991,291,0,VideoPacket
1773458978316372,41992,291,0,VideoPacket
1773458978316471,41993,291,0,VideoPacket
1773458978316578,41994,291,0,VideoPacket
1773458978316680,41995,291,0,VideoPacket
1773458978346439,41996,547,0,VideoPacket
1773458978346554,41997,547,0,VideoPacket
1773458978346671,41998,547,0,VideoPacket
1773458978346773,41999,547,0,VideoPacket
1773458978346875,42000,547,0,VideoPacket
1773458978346979,42001,547,0,VideoPacket
1773458978348660,17602,293,0,Retransmission:41980
1773458978386617,42002,547,0,VideoPacket
1773458978386723,42003,547,0,VideoPacket
1773458978428460,42004,547,0,VideoPacket
1773458978428579,42005,547,0,VideoPacket
1773458978428682,42006,547,0,VideoPacket
1773458978470097,42007,291,0,VideoPacket
1773458978470198,42008,291,0,VideoPacket
1773458978470299,42009,291,0,VideoPacket
1773458978470397,42010,291,0,VideoPacket
1773458978470496,42011,291,0,VideoPacket
1773458978470608,42012,291,0,VideoPacket
1773458978470708,42013,291,0,VideoPacket
1773458978470805,42014,291,0,VideoPacket
1773458978470906,42015,291,0,VideoPacket
1773458978511786,42016,291,0,VideoPacket
1773458978511908,42017,291,0,VideoPacket
1773458978512033,42018,291,0,VideoPacket
1773458978512155,42019,291,0,VideoPacket
1773458978512271,42020,291,0,VideoPacket
1773458978553708,42021,291,0,VideoPacket
1773458978553828,42022,291,0,VideoPacket
1773458978553937,42023,291,0,VideoPacket
1773458978554041,42024,291,0,VideoPacket
1773458978554152,42025,291,0,VideoPacket
1773458978554259,42026,291,0,VideoPacket
1773458978554356,42027,291,0,VideoPacket
1773458978595659,42028,291,0,VideoPacket
1773458978595763,42029,291,0,VideoPacket
1773458978595863,42030,291,0,VideoPacket
1773458978595962,42031,291,0,VideoPacket
1773458978596073,42032,291,0,VideoPacket
1773458978596175,42033,291,0,VideoPacket
1773458978596274,42034,291,0,VideoPacket
1773458978637105,42035,547,0,VideoPacket
1773458978637239,42036,547,0,VideoPacket
1773458978637337,42037,547,0,VideoPacket
1773458978645112,17603,293,0,Retransmission:42018
1773458978679185,42038,291,0,VideoPacket
1773458978679315,42039,291,0,VideoPacket
1773458978679428,42040,291,0,VideoPacket
1773458978679527,42041,291,0,VideoPacket
1773458978679638,42042,291,0,VideoPacket
1773458978679738,42043,291,0,VideoPacket
1773458978679841,42044,291,0,VideoPacket
1773458978679944,42045,291,0,VideoPacket
1773458978689717,17604,293,0,Retransmission:42023
1773458978689852,17605,293,0,Retransmission:42026
1773458978720899,42046,291,0,VideoPacket
1773458978721011,42047,291,0,VideoPacket
1773458978721115,42048,291,0,VideoPacket
1773458978721214,42049,291,0,VideoPacket
1773458978721316,42050,291,0,VideoPacket
1773458978721416,42051,291,0,VideoPacket
1773458978721517,42052,291,0,VideoPacket
1773458978721632,42053,291,0,VideoPacket
1773458978761884,17606,293,0,Retransmission:42034
1773458978762489,42054,291,0,VideoPacket
1773458978762602,42055,291,0,VideoPacket
1773458978762704,42056,291,0,VideoPacket
1773458978762807,42057,291,0,VideoPacket
1773458978762908,42058,291,0,VideoPacket
1773458978765122,17607,293,0,Retransmission:41980
1773458978804261,42059,291,0,VideoPacket
1773458978804372,42060,291,0,VideoPacket
1773458978804474,42061,291,0,VideoPacket
1773458978804582,42062,291,0,VideoPacket
1773458978804683,42063,291,0,VideoPacket
1773458978804782,42064,291,0,VideoPacket
1773458978804881,42065,291,0,VideoPacket
1773458978858029,42066,291,0,VideoPacket
1773458978858133,42067,291,0,VideoPacket
1773458978858235,42068,291,0,VideoPacket
1773458978858336,42069,291,0,VideoPacket
1773458978858437,42070,291,0,VideoPacket
1773458978858536,42071,291,0,VideoPacket
1773458978858646,42072,291,0,VideoPacket
1773458978902234,42073,547,0,VideoPacket
1773458978902322,42074,547,0,VideoPacket
1773458978902394,42075,547,0,VideoPacket
1773458978937520,42076,291,0,VideoPacket
1773458978937619,42077,291,0,VideoPacket
1773458978937692,42078,291,0,VideoPacket
1773458978937761,42079,291,0,VideoPacket
1773458978937831,42080,291,0,VideoPacket
1773458978937899,42081,291,0,VideoPacket
1773458978937969,42082,291,0,VideoPacket
1773458978977243,42083,291,0,VideoPacket
1773458978977329,42084,291,0,VideoPacket
1773458978977401,42085,291,0,VideoPacket
1773458978977470,42086,291,0,VideoPacket
1773458978977539,42087,291,0,VideoPacket
1773458978977620,42088,291,0,VideoPacket
1773458978977691,42089,291,0,VideoPacket
1773458979027053,42090,291,0,VideoPacket
1773458979027193,42091,291,0,VideoPacket
1773458979027295,42092,291,0,VideoPacket
1773458979027394,42093,291,0,VideoPacket
1773458979027494,42094,291,0,VideoPacket
1773458979027605,42095,291,0,VideoPacket
1773458979027708,42096,291,0,VideoPacket
1773458979054915,42097,291,0,VideoPacket
1773458979055010,42098,291,0,VideoPacket
1773458979055082,42099,291,0,VideoPacket
1773458979055153,42100,291,0,VideoPacket
1773458979055224,42101,291,0,VideoPacket
1773458979055293,42102,291,0,VideoPacket
1773458979055363,42103,291,0,VideoPacket
1773458979055432,42104,291,0,VideoPacket
1773458979055504,42105,291,0,VideoPacket
1773458979055589,42106,291,0,VideoPacket
1773458979073014,17608,293,0,Retransmission:42077
1773458979110414,42107,803,0,VideoPacket
1773458979110509,42108,803,0,VideoPacket
1773458979110590,42109,803,0,VideoPacket
1773458979112978,17609,293,0,Retransmission:42085
1773458979149189,42110,291,0,VideoPacket
1773458979149285,42111,291,0,VideoPacket
1773458979149359,42112,291,0,VideoPacket
1773458979149429,42113,291,0,VideoPacket
1773458979149499,42114,291,0,VideoPacket
1773458979149578,42115,291,0,VideoPacket
1773458979149650,42116,291,0,VideoPacket
1773458979149720,42117,291,0,VideoPacket
1773458979157809,17610,293,0,Retransmission:42089
1773458979188495,42118,291,0,VideoPacket
1773458979188600,42119,291,0,VideoPacket
1773458979188697,42120,291,0,VideoPacket
1773458979188798,42121,291,0,VideoPacket
1773458979188889,42122,291,0,VideoPacket
1773458979188988,42123,291,0,VideoPacket
1773458979189088,42124,291,0,VideoPacket
1773458979189190,42125,291,0,VideoPacket
1773458979189291,42126,291,0,VideoPacket
1773458979195347,17611,293,0,Retransmission:42096
1773458979195451,17612,293,0,Retransmission:42098
1773458979248925,42127,291,0,VideoPacket
1773458979249045,42128,291,0,VideoPacket
1773458979249145,42129,291,0,VideoPacket
1773458979249244,42130,291,0,VideoPacket
1773458979249345,42131,291,0,VideoPacket
1773458979249444,42132,291,0,VideoPacket
1773458979249544,42133,291,0,VideoPacket
1773458979249652,42134,291,0,VideoPacket
1773458979249753,42135,291,0,VideoPacket
1773458979249853,42136,291,0,VideoPacket
1773458979284394,42137,803,0,VideoPacket
1773458979284510,42138,803,0,VideoPacket
1773458979284629,42139,803,0,VideoPacket
1773458979284730,42140,803,0,VideoPacket
1773458979284831,42141,803,0,VideoPacket
1773458979284930,42142,803,0,VideoPacket
1773458979363670,42143,291,0,VideoPacket
1773458979363793,42144,291,0,VideoPacket
1773458979363897,42145,291,0,VideoPacket
1773458979364027,42146,291,0,VideoPacket
1773458979364170,42147,291,0,VideoPacket
1773458979364293,42148,291,0,VideoPacket
1773458979364412,42149,291,0,VideoPacket
1773458979364535,42150,291,0,VideoPacket
1773458979372705,42151,547,0,VideoPacket
1773458979372801,42152,547,0,VideoPacket
1773458979372906,42153,547,0,VideoPacket
1773458979373006,42154,547,0,VideoPacket
1773458979373107,42155,547,0,VideoPacket
1773458979417066,42156,1059,0,VideoPacket
1773458979417172,42157,1059,0,VideoPacket
1773458979417272,42158,1059,0,VideoPacket
1773458979417373,42159,1059,0,VideoPacket
1773458979473920,17613,293,0,Retransmission:42136
1773458979474012,42160,1059,0,VideoPacket
1773458979474120,42161,1059,0,VideoPacket
1773458979474220,42162,1059,0,VideoPacket
1773458979474320,42163,1059,0,VideoPacket
1773458979501448,42164,1059,0,VideoPacket
1773458979501558,42165,291,0,VideoPacket
1773458979501669,42166,291,0,VideoPacket
1773458979501767,42167,291,0,VideoPacket
1773458979501868,42168,291,0,VideoPacket
1773458979501967,42169,291,0,VideoPacket
1773458979502067,42170,291,0,VideoPacket
1773458979502167,42171,291,0,VideoPacket
1773458979502267,42172,803,0,VideoPacket
1773458979502366,42173,803,0,VideoPacket
1773458979528541,42174,291,0,VideoPacket
1773458979528653,42175,291,0,VideoPacket
1773458979528755,42176,291,0,VideoPacket
1773458979528855,42177,291,0,VideoPacket
1773458979528955,42178,291,0,VideoPacket
1773458979529055,42179,291,0,VideoPacket
1773458979529155,42180,291,0,VideoPacket
1773458979574180,42181,291,0,VideoPacket
1773458979574288,42182,291,0,VideoPacket
1773458979574394,42183,291,0,VideoPacket
1773458979574494,42184,291,0,VideoPacket
1773458979574602,42185,291,0,VideoPacket
1773458979574704,42186,291,0,VideoPacket
1773458979574805,42187,291,0,VideoPacket
1773458979574907,42188,291,0,VideoPacket
1773458979575008,42189,291,0,VideoPacket
1773458979575109,42190,291,0,VideoPacket
1773458979623310,42191,547,0,VideoPacket
1773458979623436,42192,547,0,VideoPacket
1773458979623539,42193,547,0,VideoPacket
1773458979623668,42194,547,0,VideoPacket
1773458979623774,42195,547,0,VideoPacket
1773458979623876,42196,547,0,VideoPacket
1773458979623964,42197,547,0,VideoPacket
1773458979624057,42198,547,0,VideoPacket
1773458979707098,17614,1061,0,Retransmission:42159
1773458979707186,17615,1061,0,Retransmission:42163
1773458979707249,42199,547,0,VideoPacket
1773458979707324,42200,547,0,VideoPacket
1773458979707393,42201,547,0,VideoPacket
1773458979707461,42202,547,0,VideoPacket
1773458979732161,42203,547,0,VideoPacket
1773458979732253,42204,547,0,VideoPacket
1773458979732322,42205,547,0,VideoPacket
1773458979732389,42206,547,0,VideoPacket
1773458979732457,42207,547,0,VideoPacket
1773458979732524,42208,547,0,VideoPacket
1773458979732603,42209,547,0,VideoPacket
1773458979732672,42210,547,0,VideoPacket
1773458979740058,42211,291,0,VideoPacket
1773458979740153,42212,291,0,VideoPacket
1773458979740236,42213,291,0,VideoPacket
1773458979740318,42214,291,0,VideoPacket
1773458979740391,42215,291,0,VideoPacket
1773458979740474,42216,291,0,VideoPacket
1773458979740543,42217,291,0,VideoPacket
1773458979779476,42218,291,0,VideoPacket
1773458979779591,42219,291,0,VideoPacket
1773458979779665,42220,291,0,VideoPacket
1773458979779734,42221,291,0,VideoPacket
1773458979779802,42222,291,0,VideoPacket
1773458979779869,42223,291,0,VideoPacket
1773458979779939,42224,291,0,VideoPacket
1773458979780007,42225,291,0,VideoPacket
1773458979780091,42226,291,0,VideoPacket
1773458979780159,42227,291,0,VideoPacket
1773458979780221,42228,291,0,VideoPacket
1773458979780287,42229,291,0,VideoPacket
1773458979780348,42230,291,0,VideoPacket
1773458979825792,42231,291,0,VideoPacket
1773458979825884,42232,291,0,VideoPacket
1773458979825954,42233,291,0,VideoPacket
1773458979826020,42234,291,0,VideoPacket
1773458979826088,42235,291,0,VideoPacket
1773458979826154,42236,291,0,VideoPacket
1773458979826223,42237,291,0,VideoPacket
1773458979826291,42238,291,0,VideoPacket
1773458979826359,42239,291,0,VideoPacket
1773458979826427,42240,291,0,VideoPacket
1773458979826493,42241,291,0,VideoPacket
1773458979826559,42242,291,0,VideoPacket
1773458979826637,42243,291,0,VideoPacket
1773458979860118,42244,291,0,VideoPacket
1773458979860213,42245,291,0,VideoPacket
1773458979860287,42246,291,0,VideoPacket
1773458979860349,42247,291,0,VideoPacket
1773458979860410,42248,291,0,VideoPacket
1773458979860469,42249,803,0,VideoPacket
1773458979860529,42250,803,0,VideoPacket
1773458979860598,42251,803,0,VideoPacket
1773458979860662,42252,803,0,VideoPacket
1773458979907209,17616,293,0,Retransmission:42178
1773458979907293,17617,293,0,Retransmission:42179
1773458979907355,17618,293,0,Retransmission:42180
1773458979907411,17619,549,0,Retransmission:42204
1773458979907473,42253,291,0,VideoPacket
1773458979907536,42254,291,0,VideoPacket
1773458979907614,42255,291,0,VideoPacket
1773458979907683,42256,291,0,VideoPacket
1773458979907750,42257,291,0,VideoPacket
1773458979907816,42258,291,0,VideoPacket
1773458979907885,42259,291,0,VideoPacket
1773458979907951,42260,291,0,VideoPacket
1773458979908020,42261,291,0,VideoPacket
1773458979976547,42262,291,0,VideoPacket
1773458979976667,42263,291,0,VideoPacket
1773458979976738,42264,291,0,VideoPacket
1773458979976806,42265,291,0,VideoPacket
1773458979976874,42266,291,0,VideoPacket
1773458979976940,42267,291,0,VideoPacket
1773458979977008,42268,803,0,VideoPacket
1773458979977078,42269,803,0,VideoPacket
1773458979977147,42270,803,0,VideoPacket
1773458979998109,42271,291,0,VideoPacket
1773458979998199,42272,291,0,VideoPacket
1773458979998269,42273,291,0,VideoPacket
1773458979998337,42274,291,0,VideoPacket
1773458979998405,42275,291,0,VideoPacket
1773458979998473,42276,291,0,VideoPacket
1773458979998543,42277,291,0,VideoPacket
1773458979998621,42278,291,0,VideoPacket
1773458979998691,42279,291,0,VideoPacket
1773458979998758,42280,291,0,VideoPacket
1773458979998825,42281,291,0,VideoPacket
1773458979998885,42282,291,0,VideoPacket
1773458979998953,42283,291,0,VideoPacket
1773458980040161,42284,291,0,VideoPacket
1773458980040255,42285,803,0,VideoPacket
1773458980040325,42286,803,0,VideoPacket
1773458980040392,42287,803,0,VideoPacket
1773458980040460,42288,803,0,VideoPacket
1773458980040525,42289,803,0,VideoPacket
1773458980040679,42290,291,0,VideoPacket
1773458980040747,42291,291,0,VideoPacket
1773458980040815,42292,291,0,VideoPacket
1773458980084034,42293,291,0,VideoPacket
1773458980084168,42294,291,0,VideoPacket
1773458980084270,42295,291,0,VideoPacket
1773458980084368,42296,291,0,VideoPacket
1773458980084477,42297,291,0,VideoPacket
1773458980084593,42298,291,0,VideoPacket
1773458980084692,42299,291,0,VideoPacket
1773458980084789,42300,291,0,VideoPacket
1773458980084886,42301,291,0,VideoPacket
1773458980084980,42302,291,0,VideoPacket
1773458980085076,42303,291,0,VideoPacket
1773458980085171,42304,291,0,VideoPacket
1773458980085267,42305,291,0,VideoPacket
1773458980143071,17620,1061,0,Retransmission:42163
1773458980143185,42306,291,0,VideoPacket
1773458980143288,42307,291,0,VideoPacket
1773458980143395,42308,291,0,VideoPacket
1773458980143495,42309,291,0,VideoPacket
1773458980143609,42310,291,0,VideoPacket
1773458980143711,42311,291,0,VideoPacket
1773458980143807,42312,291,0,VideoPacket
1773458980143910,42313,291,0,VideoPacket
1773458980144012,42314,291,0,VideoPacket
1773458980144128,42315,291,0,VideoPacket
1773458980170993,17621,293,0,Retransmission:42266
1773458980171077,17622,293,0,Retransmission:42272
1773458980171140,17623,293,0,Retransmission:42276
1773458980171198,42316,291,0,VideoPacket
1773458980171272,42317,291,0,VideoPacket
1773458980171349,42318,291,0,VideoPacket
1773458980171416,42319,291,0,VideoPacket
1773458980171484,42320,291,0,VideoPacket
1773458980171552,42321,291,0,VideoPacket
1773458980171628,42322,291,0,VideoPacket
1773458980171697,42323,1315,0,VideoPacket
1773458980243218,17624,293,0,Retransmission:42284
1773458980243296,42324,1315,0,VideoPacket
1773458980243370,42325,291,0,VideoPacket
1773458980243436,42326,291,0,VideoPacket
1773458980243510,42327,291,0,VideoPacket
1773458980243586,42328,291,0,VideoPacket
1773458980243651,42329,291,0,VideoPacket
1773458980243716,42330,291,0,VideoPacket
1773458980243780,42331,291,0,VideoPacket
1773458980243846,42332,291,0,VideoPacket
1773458980290857,42333,291,0,VideoPacket
1773458980290965,42334,291,0,VideoPacket
1773458980291023,42335,291,0,VideoPacket
1773458980291083,42336,291,0,VideoPacket
1773458980291144,42337,291,0,VideoPacket
1773458980291203,42338,291,0,VideoPacket
1773458980291264,42339,291,0,VideoPacket
1773458980291326,42340,291,0,VideoPacket
1773458980291386,42341,291,0,VideoPacket
1773458980291446,42342,291,0,VideoPacket
1773458980291506,42343,291,0,VideoPacket
1773458980291581,42344,291,0,VideoPacket
1773458980291644,42345,291,0,VideoPacket
1773458980291703,42346,291,0,VideoPacket
1773458980291764,42347,291,0,VideoPacket
1773458980291824,42348,291,0,VideoPacket
1773458980291884,42349,291,0,VideoPacket
1773458980291944,42350,291,0,VideoPacket
1773458980292005,42351,291,0,VideoPacket
1773458980292089,42352,291,0,VideoPacket
1773458980292164,42353,291,1,VideoPacket
1773458980292227,42354,291,1,VideoPacket
1773458980292292,42355,291,1,VideoPacket
1773458980292356,42356,291,1,VideoPacket
1773458980292420,42357,291,1,VideoPacket
1773458980292479,42358,291,1,VideoPacket
1773458980292943,42359,291,1,VideoPacket
1773458980367807,42360,291,1,VideoPacket
1773458980367894,42361,291,1,VideoPacket
1773458980367961,42362,291,1,VideoPacket
1773458980368027,42363,291,1,VideoPacket
1773458980368122,42364,291,1,VideoPacket
1773458980368190,42365,291,1,VideoPacket
1773458980368257,42366,291,1,VideoPacket
1773458980368324,42367,291,1,VideoPacket
1773458980368391,42368,291,1,VideoPacket
1773458980368456,42369,291,1,VideoPacket
1773458980368522,42370,291,1,VideoPacket
1773458980368596,42371,291,1,VideoPacket
1773458980368663,42372,291,1,VideoPacket
1773458980368728,42373,291,1,VideoPacket
1773458980373162,42374,291,1,VideoPacket
1773458980373249,42375,291,1,VideoPacket
1773458980373318,42376,291,1,VideoPacket
1773458980373383,42377,291,1,VideoPacket
1773458980373446,42378,291,1,VideoPacket
1773458980373510,42379,291,1,VideoPacket
1773458980373588,42380,291,1,VideoPacket
1773458980373655,42381,291,1,VideoPacket
1773458980373723,42382,291,1,VideoPacket
1773458980373793,42383,291,1,VideoPacket
1773458980373858,42384,291,1,VideoPacket
1773458980373922,42385,291,1,VideoPacket
1773458980373986,42386,291,1,VideoPacket
1773458980374050,42387,291,1,VideoPacket
1773458980476987,17625,293,0,Retransmission:42310
1773458980477069,17626,293,0,Retransmission:42315
1773458980477130,17627,293,0,Retransmission:42319
1773458980477198,17628,293,0,Retransmission:42284
1773458980477256,42388,291,1,VideoPacket
1773458980477325,42389,291,1,VideoPacket
1773458980477392,42390,291,1,VideoPacket
1773458980477460,42391,291,1,VideoPacket
1773458980477526,42392,291,1,VideoPacket
1773458980477597,42393,291,1,VideoPacket
1773458980477665,42394,291,1,VideoPacket
1773458980477732,42395,291,1,VideoPacket
1773458980477795,42396,291,1,VideoPacket
1773458980477859,42397,291,1,VideoPacket
1773458980477923,42398,291,1,VideoPacket
1773458980477988,42399,291,1,VideoPacket
1773458980478055,42400,291,1,VideoPacket
1773458980478121,42401,291,1,VideoPacket
1773458980478181,42402,291,1,VideoPacket
1773458980478242,42403,291,1,VideoPacket
1773458980478303,42404,291,1,VideoPacket
1773458980478356,42405,291,1,VideoPacket
1773458980478409,42406,291,1,VideoPacket
1773458980478463,42407,291,1,VideoPacket
1773458980478517,42408,291,1,VideoPacket
1773458980478592,42409,547,0,VideoPacket
1773458980478658,42410,547,0,VideoPacket
1773458980501809,17629,1317,0,Retransmission:42324
1773458980501887,17630,293,0,Retransmission:42325
1773458980501947,17631,293,0,Retransmission:42350
1773458980502005,42411,547,0,VideoPacket
1773458980502073,42412,291,0,VideoPacket
1773458980502139,42413,291,0,VideoPacket
1773458980502206,42414,291,0,VideoPacket
1773458980502271,42415,291,0,VideoPacket
1773458980502341,42416,291,0,VideoPacket
1773458980502407,42417,291,0,VideoPacket
1773458980555943,17632,293,0,Retransmission:42352
1773458980556028,42418,291,0,VideoPacket
1773458980556124,42419,291,0,VideoPacket
1773458980556194,42420,291,0,VideoPacket
1773458980556258,42421,291,0,VideoPacket
1773458980556318,42422,291,0,VideoPacket
1773458980556383,42423,291,0,VideoPacket
1773458980556450,42424,291,0,VideoPacket
1773458980556518,42425,291,0,VideoPacket
1773458980556590,42426,291,0,VideoPacket
1773458980556657,42427,291,0,VideoPacket
1773458980556719,42428,291,0,VideoPacket
1773458980556782,42429,291,0,VideoPacket
1773458980556841,42430,291,0,VideoPacket
1773458980624840,42431,291,0,VideoPacket
1773458980624932,42432,291,0,VideoPacket
1773458980624999,42433,291,0,VideoPacket
1773458980625065,42434,291,0,VideoPacket
1773458980625132,42435,291,0,VideoPacket
1773458980625198,42436,291,0,VideoPacket
1773458980625264,42437,291,0,VideoPacket
1773458980625332,42438,291,0,VideoPacket
1773458980625399,42439,291,0,VideoPacket
1773458980625464,42440,291,0,VideoPacket
1773458980625530,42441,291,0,VideoPacket
1773458980625607,42442,291,0,VideoPacket
1773458980625675,42443,291,0,VideoPacket
1773458980625740,42444,291,0,VideoPacket
1773458980666190,42445,291,0,VideoPacket
1773458980666294,42446,291,0,VideoPacket
1773458980666365,42447,291,0,VideoPacket
1773458980666429,42448,291,0,VideoPacket
1773458980666495,42449,291,0,VideoPacket
1773458980666571,42450,291,0,VideoPacket
1773458980666639,42451,291,0,VideoPacket
1773458980666705,42452,291,0,VideoPacket
1773458980666772,42453,291,0,VideoPacket
1773458980666837,42454,291,0,VideoPacket
1773458980666903,42455,291,0,VideoPacket
1773458980666967,42456,291,0,VideoPacket
1773458980667033,42457,291,0,VideoPacket
1773458980667099,42458,291,0,VideoPacket
1773458980679476,42459,291,0,VideoPacket
1773458980679579,42460,291,0,VideoPacket
1773458980679646,42461,291,0,VideoPacket
1773458980679712,42462,291,0,VideoPacket
1773458980679767,42463,291,0,VideoPacket
1773458980679835,42464,291,0,VideoPacket
1773458980679898,42465,291,0,VideoPacket
1773458980679960,42466,291,0,VideoPacket
1773458980680025,42467,291,0,VideoPacket
1773458980680104,42468,291,0,VideoPacket
1773458980680167,42469,291,0,VideoPacket
1773458980680232,42470,291,0,VideoPacket
1773458980680340,42471,291,0,VideoPacket
1773458980680407,42472,291,0,VideoPacket
1773458980714416,17633,293,0,Retransmission:42315
1773458980714499,17634,293,0,Retransmission:42319
1773458980714576,42473,803,0,VideoPacket
1773458980714641,42474,803,0,VideoPacket
1773458980714710,42475,291,0,VideoPacket
1773458980714775,42476,291,0,VideoPacket
1773458980714839,42477,291,0,VideoPacket
1773458980714905,42478,291,0,VideoPacket
1773458980714969,42479,291,0,VideoPacket
1773458980715043,42480,291,0,VideoPacket
1773458980715111,42481,291,0,VideoPacket
1773458980757535,42482,291,0,VideoPacket
1773458980757638,42483,291,0,VideoPacket
1773458980757707,42484,291,0,VideoPacket
1773458980757770,42485,291,0,VideoPacket
1773458980757835,42486,291,0,VideoPacket
1773458980757897,42487,291,0,VideoPacket
1773458980757962,42488,291,0,VideoPacket
1773458980758029,42489,291,0,VideoPacket
1773458980758093,42490,291,0,VideoPacket
1773458980758156,42491,291,0,VideoPacket
1773458980758219,42492,291,0,VideoPacket
1773458980758283,42493,291,0,VideoPacket
1773458980758346,42494,291,0,VideoPacket
1773458980758409,42495,291,0,VideoPacket
1773458980799188,42496,291,0,VideoPacket
1773458980799329,42497,291,0,VideoPacket
1773458980799443,42498,547,0,VideoPacket
1773458980799574,42499,547,0,VideoPacket
1773458980799682,42500,547,0,VideoPacket
1773458980799787,42501,803,0,VideoPacket
1773458980799890,42502,803,0,VideoPacket
1773458980799992,42503,803,0,VideoPacket
1773458980844720,42504,803,0,VideoPacket
1773458980844817,42505,803,0,VideoPacket
1773458980844883,42506,291,0,VideoPacket
1773458980844943,42507,291,0,VideoPacket
1773458980845006,42508,291,0,VideoPacket
1773458980845066,42509,291,0,VideoPacket
1773458980845126,42510,291,0,VideoPacket
1773458980845186,42511,291,0,VideoPacket
1773458980845247,42512,291,0,VideoPacket
1773458980845306,42513,291,0,VideoPacket
1773458980845365,42514,291,0,VideoPacket
1773458980886805,42515,291,0,VideoPacket
1773458980886896,42516,291,0,VideoPacket
1773458980886962,42517,291,0,VideoPacket
1773458980887021,42518,291,0,VideoPacket
1773458980887081,42519,291,0,VideoPacket
1773458980887140,42520,291,0,VideoPacket
1773458980887200,42521,291,0,VideoPacket
1773458980887259,42522,291,0,VideoPacket
1773458980887321,42523,291,0,VideoPacket
1773458980887381,42524,291,0,VideoPacket
1773458980887440,42525,291,0,VideoPacket
1773458980887499,42526,291,0,VideoPacket
1773458980887558,42527,291,0,VideoPacket
1773458980887629,42528,291,0,VideoPacket
1773458980929464,42529,291,0,VideoPacket
1773458980929556,42530,291,0,VideoPacket
1773458980929633,42531,547,0,VideoPacket
1773458980929689,42532,547,0,VideoPacket
1773458980929743,42533,547,0,VideoPacket
1773458980929802,42534,547,0,VideoPacket
1773458980929861,42535,547,0,VideoPacket
1773458980929922,42536,291,0,VideoPacket
1773458980929983,42537,291,0,VideoPacket
1773458980930043,42538,291,0,VideoPacket
1773458980971911,42539,291,0,VideoPacket
1773458980972002,42540,291,0,VideoPacket
1773458980972084,42541,291,0,VideoPacket
1773458980972150,42542,291,0,VideoPacket
1773458980972257,42543,803,0,VideoPacket
1773458980972326,42544,803,0,VideoPacket
1773458980972388,42545,803,0,VideoPacket
1773458980972448,42546,291,0,VideoPacket
1773458980972508,42547,291,0,VideoPacket
1773458981012061,42548,291,0,VideoPacket
1773458981012176,42549,291,0,VideoPacket
1773458981012309,42550,291,0,VideoPacket
1773458981012422,42551,291,0,VideoPacket
1773458981012555,42552,291,0,VideoPacket
1773458981012634,42553,291,0,VideoPacket
1773458981012698,42554,291,0,VideoPacket
1773458981012761,42555,291,0,VideoPacket
1773458981012824,42556,291,0,VideoPacket
1773458981012887,42557,291,0,VideoPacket
1773458981012949,42558,291,0,VideoPacket
1773458981013014,42559,291,0,VideoPacket
1773458981014740,42560,291,0,VideoPacket
1773458981014827,42561,291,0,VideoPacket
1773458981014969,42562,291,0,VideoPacket
1773458981056000,42563,291,0,VideoPacket
1773458981056107,42564,291,0,VideoPacket
1773458981056177,42565,291,0,VideoPacket
1773458981056239,42566,291,0,VideoPacket
1773458981056300,42567,291,0,VideoPacket
1773458981056362,42568,291,0,VideoPacket
1773458981056424,42569,291,0,VideoPacket
1773458981056490,42570,291,0,VideoPacket
1773458981056552,42571,291,0,VideoPacket
1773458981056627,42572,291,0,VideoPacket
1773458981056688,42573,291,0,VideoPacket
1773458981056749,42574,291,0,VideoPacket
1773458981056811,42575,291,0,VideoPacket
1773458981056873,42576,291,0,VideoPacket
1773458981099995,42577,291,0,VideoPacket
1773458981100112,42578,547,0,VideoPacket
1773458981100243,42579,547,0,VideoPacket
1773458981100344,42580,547,0,VideoPacket
1773458981100466,42581,547,0,VideoPacket
1773458981139517,42582,291,0,VideoPacket
1773458981139609,42583,291,0,VideoPacket
1773458981139667,42584,291,0,VideoPacket
1773458981139734,42585,291,0,VideoPacket
1773458981139796,42586,291,0,VideoPacket
1773458981139857,42587,291,0,VideoPacket
1773458981139917,42588,291,0,VideoPacket
1773458981139977,42589,291,0,VideoPacket
1773458981140054,42590,291,0,VideoPacket
1773458981177544,17635,293,0,Retransmission:42402
1773458981181648,42591,547,0,VideoPacket
1773458981181747,42592,547,0,VideoPacket
1773458981181812,42593,547,0,VideoPacket
1773458981181871,42594,547,0,VideoPacket
1773458981181930,42595,547,0,VideoPacket
1773458981464451,42596,291,0,VideoPacket
1773458981464571,42597,291,0,VideoPacket
1773458981464647,42598,291,0,VideoPacket
1773458981464714,42599,291,0,VideoPacket
1773458981464780,42600,291,0,VideoPacket
1773458981464849,42601,291,0,VideoPacket
1773458981464916,42602,291,0,VideoPacket
1773458981464979,42603,291,0,VideoPacket
1773458981483969,42604,291,0,VideoPacket
1773458981484072,42605,291,0,VideoPacket
1773458981484149,42606,291,0,VideoPacket
1773458981484217,42607,291,0,VideoPacket
1773458981484297,42608,291,0,VideoPacket
1773458981484381,42609,291,0,VideoPacket
1773458981484454,42610,291,0,VideoPacket
1773458981484524,42611,291,0,VideoPacket
1773458981484600,42612,291,0,VideoPacket
1773458981484667,42613,291,0,VideoPacket
1773458981510612,42614,1059,0,VideoPacket
1773458981510698,42615,1059,0,VideoPacket
1773458981535049,42616,291,0,VideoPacket
1773458981535132,42617,291,0,VideoPacket
1773458981535197,42618,291,0,VideoPacket
1773458981535258,42619,291,0,VideoPacket
1773458981535322,42620,291,0,VideoPacket
1773458981535387,42621,291,0,VideoPacket
1773458981535451,42622,291,0,VideoPacket
1773458981535510,42623,291,0,VideoPacket
1773458981535585,42624,291,0,VideoPacket
1773458981535648,42625,291,0,VideoPacket
1773458981535714,42626,291,0,VideoPacket
1773458981535776,42627,291,0,VideoPacket
1773458981535843,42628,291,0,VideoPacket
1773458981577742,42629,291,0,VideoPacket
1773458981577834,42630,291,0,VideoPacket
1773458981577918,42631,291,0,VideoPacket
1773458981578003,42632,291,0,VideoPacket
1773458981578085,42633,291,0,VideoPacket
1773458981578168,42634,291,0,VideoPacket
1773458981578249,42635,291,0,VideoPacket
1773458981578334,42636,291,0,VideoPacket
1773458981578419,42637,291,0,VideoPacket
1773458981620413,42638,291,0,VideoPacket
1773458981620504,42639,291,0,VideoPacket
1773458981620575,42640,291,0,VideoPacket
1773458981620637,42641,291,0,VideoPacket
1773458981620697,42642,291,0,VideoPacket
1773458981620750,42643,291,0,VideoPacket
1773458981620804,42644,291,0,VideoPacket
1773458981669081,42645,1315,0,VideoPacket
1773458981669187,42646,1315,0,VideoPacket
1773458981681772,42647,803,0,VideoPacket
1773458981681869,42648,803,0,VideoPacket
1773458981681948,42649,803,0,VideoPacket
1773458981682027,42650,803,0,VideoPacket
1773458981689767,17636,293,0,Retransmission:42420
1773458981694504,42651,291,0,VideoPacket
1773458981694593,42652,291,0,VideoPacket
1773458981694677,42653,291,0,VideoPacket
1773458981741682,17637,293,0,Retransmission:42441
1773458981741762,17638,293,0,Retransmission:42444
1773458981741832,17639,293,0,Retransmission:42445
1773458981741906,17640,293,0,Retransmission:42450
1773458981741963,42654,291,0,VideoPacket
1773458981742031,42655,291,0,VideoPacket
1773458981742092,42656,291,0,VideoPacket
1773458981742151,42657,291,0,VideoPacket
1773458981742225,42658,291,0,VideoPacket
1773458981742304,42659,803,0,VideoPacket
1773458981742381,42660,803,0,VideoPacket
1773458981781479,17641,549,0,Retransmission:42499
1773458981781575,42661,803,0,VideoPacket
1773458981781673,42662,1315,0,VideoPacket
1773458981781752,42663,1315,0,VideoPacket
1773458981781834,42664,291,0,VideoPacket
1773458981781915,42665,291,0,VideoPacket
1773458982080315,17642,293,0,Retransmission:42516
1773458982080404,17643,293,0,Retransmission:42526
1773458982080466,42666,291,0,VideoPacket
1773458982080577,42667,291,0,VideoPacket
1773458982080665,42668,291,0,VideoPacket
1773458982080728,42669,291,0,VideoPacket
1773458982080804,42670,291,0,VideoPacket
1773458982080906,17644,549,0,Retransmission:42533
1773458982221101,42671,291,0,VideoPacket
1773458982221194,42672,291,0,VideoPacket
1773458982221279,42673,291,0,VideoPacket
1773458982221359,42674,291,0,VideoPacket
1773458982221439,42675,291,0,VideoPacket
1773458982221516,42676,291,0,VideoPacket
1773458982221612,42677,291,0,VideoPacket
1773458982304539,42678,291,0,VideoPacket
1773458982304640,42679,291,0,VideoPacket
1773458982304709,42680,291,0,VideoPacket
1773458982304774,42681,291,0,VideoPacket
1773458982304843,42682,291,0,VideoPacket
1773458982304906,42683,291,0,VideoPacket
1773458982304969,42684,291,0,VideoPacket
1773458982305049,42685,291,0,VideoPacket
1773458982359869,42686,547,0,VideoPacket
1773458982359960,42687,547,0,VideoPacket
1773458982360030,42688,547,0,VideoPacket
1773458982399450,42689,547,0,VideoPacket
1773458982399542,42690,547,0,VideoPacket
1773458982399623,42691,547,0,VideoPacket
1773458982399688,42692,547,0,VideoPacket
1773458982399749,42693,547,0,VideoPacket
1773458982448148,42694,803,0,VideoPacket
1773458982448237,42695,803,0,VideoPacket
1773458982557458,42696,291,0,VideoPacket
1773458982557555,42697,291,0,VideoPacket
1773458982557639,42698,291,0,VideoPacket
1773458982557706,42699,291,0,VideoPacket
1773458982557773,42700,291,0,VideoPacket
1773458982557837,42701,291,0,VideoPacket
1773458982557904,42702,291,0,VideoPacket
1773458982594491,42703,547,0,VideoPacket
1773458982594577,42704,547,0,VideoPacket
1773458982594649,42705,547,0,VideoPacket
1773458982594709,42706,547,0,VideoPacket
1773458982594770,42707,547,0,VideoPacket
1773458982594829,42708,547,0,VideoPacket
1773458982594890,42709,547,0,VideoPacket
1773458982676437,42710,547,0,VideoPacket
1773458982676531,42711,547,0,VideoPacket
1773458982676611,42712,547,0,VideoPacket
1773458982741976,42713,803,0,VideoPacket
1773458982742063,42714,803,0,VideoPacket
1773458982742147,42715,803,0,VideoPacket
1773458982801048,42716,1315,0,VideoPacket
1773458982801138,42717,1315,0,VideoPacket
1773458982879031,17645,1317,0,Retransmission:42663
1773458982885621,42718,547,0,VideoPacket
1773458982885706,42719,547,0,VideoPacket
1773458982885793,42720,547,0,VideoPacket
1773458982885879,42721,547,0,VideoPacket
1773458982885963,42722,547,0,VideoPacket
1773458982886050,42723,547,0,VideoPacket
1773458982886131,42724,547,0,VideoPacket
1773458983063530,42725,291,0,VideoPacket
1773458983063631,42726,291,0,VideoPacket
1773458983063711,42727,291,0,VideoPacket
1773458983063793,42728,291,0,VideoPacket
1773458983063873,42729,291,0,VideoPacket
1773458983063953,42730,291,0,VideoPacket
1773458983064033,42731,291,0,VideoPacket
1773458983064129,42732,291,0,VideoPacket
1773458983175737,42733,291,0,VideoPacket
1773458983175828,42734,291,0,VideoPacket
1773458983175909,42735,291,0,VideoPacket
1773458983175989,42736,291,0,VideoPacket
1773458983176086,42737,291,0,VideoPacket
1773458983176167,42738,291,0,VideoPacket
1773458983176248,42739,291,0,VideoPacket
1773458983176338,42740,291,0,VideoPacket
1773458983206406,17646,293,0,Retransmission:42666
1773458983236842,42741,291,0,VideoPacket
1773458983236934,42742,291,0,VideoPacket
1773458983237000,42743,291,0,VideoPacket
1773458983237063,42744,291,0,VideoPacket
1773458983237128,42745,291,0,VideoPacket
1773458983237190,42746,291,0,VideoPacket
1773458983237252,42747,291,0,VideoPacket
1773458983237319,42748,291,0,VideoPacket
1773458983237382,42749,291,0,VideoPacket
1773458983237440,42750,291,0,VideoPacket
1773458983237503,42751,291,0,VideoPacket
1773458983237573,42752,291,0,VideoPacket
1773458983237639,42753,291,0,VideoPacket
1773458983312903,42754,291,0,VideoPacket
1773458983313012,42755,291,0,VideoPacket
1773458983313102,42756,291,0,VideoPacket
1773458983313182,42757,291,0,VideoPacket
1773458983313270,42758,291,0,VideoPacket
1773458983313349,42759,291,0,VideoPacket
1773458983313427,42760,291,0,VideoPacket
1773458983313504,42761,291,0,VideoPacket
1773458983313596,42762,291,0,VideoPacket
1773458983313692,42763,291,0,VideoPacket
1773458983358623,42764,291,0,VideoPacket
1773458983358723,42765,291,0,VideoPacket
1773458983358803,42766,291,0,VideoPacket
1773458983358886,42767,291,0,VideoPacket
1773458983358965,42768,291,0,VideoPacket
1773458983359046,42769,291,0,VideoPacket
1773458983359128,42770,291,0,VideoPacket
1773458983359207,42771,291,0,VideoPacket
1773458983359288,42772,291,0,VideoPacket
1773458983359365,42773,291,0,VideoPacket
1773458983359444,42774,291,0,VideoPacket
1773458983359521,42775,291,0,VideoPacket
1773458983359614,42776,291,0,VideoPacket
1773458983359694,42777,291,0,VideoPacket
1773458983414938,42778,291,0,VideoPacket
1773458983415033,42779,291,0,VideoPacket
1773458983415109,42780,291,0,VideoPacket
1773458983415190,42781,291,0,VideoPacket
1773458983415266,42782,291,0,VideoPacket
1773458983415345,42783,291,0,VideoPacket
1773458983415422,42784,291,0,VideoPacket
1773458983415500,42785,291,0,VideoPacket
1773458983415597,42786,291,0,VideoPacket
1773458983415673,42787,291,0,VideoPacket
1773458983415750,42788,291,0,VideoPacket
1773458983415829,42789,291,0,VideoPacket
1773458983415905,42790,291,0,VideoPacket
1773458983415981,42791,291,0,VideoPacket
1773458983441314,17647,549,0,Retransmission:42706
1773458983441388,17648,293,0,Retransmission:42732
1773458983441448,17649,293,0,Retransmission:42736
1773458983441505,42792,291,0,VideoPacket
1773458983441578,42793,291,0,VideoPacket
1773458983441684,42794,291,0,VideoPacket
1773458983441947,42795,291,0,VideoPacket
1773458983442029,42796,291,0,VideoPacket
1773458983442104,42797,291,0,VideoPacket
1773458983442181,42798,291,0,VideoPacket
1773458983442260,42799,1315,0,VideoPacket
1773458983486602,17650,293,0,Retransmission:42758
1773458983486682,42800,1315,0,VideoPacket
1773458983486762,42801,1315,0,VideoPacket
1773458983486841,42802,291,0,VideoPacket
1773458983486917,42803,291,0,VideoPacket
1773458983486997,42804,291,0,VideoPacket
1773458983487073,42805,291,0,VideoPacket
1773458983487136,42806,291,0,VideoPacket
1773458983527538,42807,291,0,VideoPacket
1773458983527635,42808,291,1,VideoPacket
1773458983527714,42809,291,1,VideoPacket
1773458983527794,42810,291,1,VideoPacket
1773458983527872,42811,291,1,VideoPacket
1773458983527949,42812,291,1,VideoPacket
1773458983528028,42813,291,1,VideoPacket
1773458983528132,42814,291,1,VideoPacket
1773458983528211,42815,291,1,VideoPacket
1773458983528288,42816,291,1,VideoPacket
1773458983528366,42817,291,1,VideoPacket
1773458983528447,42818,291,1,VideoPacket
1773458983528525,42819,291,1,VideoPacket
1773458983528611,42820,291,1,VideoPacket
1773458983568833,17651,293,0,Retransmission:42778
1773458983568915,42821,291,1,VideoPacket
1773458983568984,42822,291,1,VideoPacket
1773458983569062,42823,291,1,VideoPacket
1773458983569143,42824,291,1,VideoPacket
1773458983569222,42825,291,1,VideoPacket
1773458983569301,42826,291,1,VideoPacket
1773458983569389,42827,291,1,VideoPacket
1773458983569467,42828,291,1,VideoPacket
1773458983569548,42829,291,1,VideoPacket
1773458983569637,42830,291,1,VideoPacket
1773458983569716,42831,291,1,VideoPacket
1773458983569796,42832,291,1,VideoPacket
1773458983569874,42833,291,1,VideoPacket
1773458983609163,42834,291,1,VideoPacket
1773458983609258,42835,291,1,VideoPacket
1773458983609332,42836,291,1,VideoPacket
1773458983609407,42837,291,1,VideoPacket
1773458983609482,42838,291,1,VideoPacket
1773458983609567,42839,291,0,VideoPacket
1773458983609645,42840,291,0,VideoPacket
1773458983609721,42841,291,0,VideoPacket
1773458983609797,42842,291,0,VideoPacket
1773458983609875,42843,291,0,VideoPacket
1773458983642580,42844,291,0,VideoPacket
1773458983642670,42845,291,0,VideoPacket
1773458983642748,42846,291,0,VideoPacket
1773458983642822,42847,291,0,VideoPacket
1773458983642897,42848,291,0,VideoPacket
1773458983642973,42849,291,0,VideoPacket
1773458983643049,42850,291,0,VideoPacket
1773458983643126,42851,291,0,VideoPacket
1773458983643203,42852,291,0,VideoPacket
1773458983643277,42853,291,0,VideoPacket
1773458983643352,42854,291,0,VideoPacket
1773458983643432,42855,291,0,VideoPacket
1773458983643506,42856,291,0,VideoPacket
1773458983693795,42857,803,0,VideoPacket
1773458983693894,42858,803,0,VideoPacket
1773458983693970,42859,803,0,VideoPacket
1773458983694045,42860,803,0,VideoPacket
1773458983694126,42861,803,0,VideoPacket
1773458983694202,42862,803,0,VideoPacket
1773458983739642,42863,803,0,VideoPacket
1773458983739733,42864,803,0,VideoPacket
1773458983739809,42865,803,0,VideoPacket
1773458983739883,42866,291,0,VideoPacket
1773458983739958,42867,291,0,VideoPacket
1773458983740054,42868,291,0,VideoPacket
1773458983740131,42869,291,0,VideoPacket
1773458983740205,42870,291,0,VideoPacket
1773458983740287,42871,291,0,VideoPacket
1773458983740362,42872,291,0,VideoPacket
1773458983781853,42873,291,0,VideoPacket
1773458983781944,42874,291,0,VideoPacket
1773458983782023,42875,291,0,VideoPacket
1773458983782102,42876,291,0,VideoPacket
1773458983782183,42877,291,0,VideoPacket
1773458983782264,42878,291,0,VideoPacket
1773458983782343,42879,291,0,VideoPacket
1773458983782425,42880,291,0,VideoPacket
1773458983782504,42881,291,0,VideoPacket
1773458983782603,42882,291,0,VideoPacket
1773458983782683,42883,291,0,VideoPacket
1773458983782768,42884,291,0,VideoPacket
1773458983782845,42885,291,0,VideoPacket
1773458983782926,42886,291,0,VideoPacket
1773458983839342,17652,293,0,Retransmission:42841
1773458983839426,17653,293,0,Retransmission:42847
1773458983839501,17654,293,0,Retransmission:42851
1773458983839584,42887,291,0,VideoPacket
1773458983839657,42888,291,0,VideoPacket
1773458983839734,42889,803,0,VideoPacket
1773458983839813,42890,803,0,VideoPacket
1773458983839893,42891,803,0,VideoPacket
1773458983839971,42892,803,0,VideoPacket
1773458983866283,42893,803,0,VideoPacket
1773458983866369,42894,291,0,VideoPacket
1773458983866447,42895,291,0,VideoPacket
1773458983866523,42896,291,0,VideoPacket
1773458983866607,42897,291,0,VideoPacket
1773458983866686,42898,291,0,VideoPacket
1773458983866763,42899,291,0,VideoPacket
1773458983866843,42900,291,0,VideoPacket
1773458983866921,42901,291,0,VideoPacket
1773458983866997,42902,291,0,VideoPacket
1773458983867076,42903,291,0,VideoPacket
1773458983867152,42904,291,0,VideoPacket
1773458983892932,42905,291,0,VideoPacket
1773458983893015,42906,291,0,VideoPacket
1773458983893077,42907,291,0,VideoPacket
1773458983893142,42908,291,0,VideoPacket
1773458983893206,42909,291,0,VideoPacket
1773458983893284,42910,291,0,VideoPacket
1773458983893361,42911,291,0,VideoPacket
1773458983893439,42912,291,0,VideoPacket
1773458983893521,42913,291,0,VideoPacket
1773458983893606,42914,291,0,VideoPacket
1773458983936531,17655,293,0,Retransmission:42867
1773458983936637,42915,291,0,VideoPacket
1773458983936723,42916,291,0,VideoPacket
1773458983936803,42917,291,0,VideoPacket
1773458983936880,42918,291,0,VideoPacket
1773458983936967,42919,291,0,VideoPacket
1773458983937064,42920,291,0,VideoPacket
1773458983937169,42921,291,0,VideoPacket
1773458983937272,42922,291,0,VideoPacket
1773458983937372,42923,291,0,VideoPacket
1773458983937473,42924,291,0,VideoPacket
1773458983937601,42925,291,0,VideoPacket
1773458983937699,42926,291,0,VideoPacket
1773458983937802,42927,291,0,VideoPacket
1773458983978131,42928,291,0,VideoPacket
1773458983978244,42929,291,0,VideoPacket
1773458983978350,42930,291,0,VideoPacket
1773458983978450,42931,291,0,VideoPacket
1773458983978547,42932,291,0,VideoPacket
1773458983978660,42933,291,0,VideoPacket
1773458983978767,42934,291,0,VideoPacket
1773458983978867,42935,291,0,VideoPacket
1773458983978969,42936,291,0,VideoPacket
1773458983979068,42937,291,0,VideoPacket
1773458983979165,42938,291,0,VideoPacket
1773458983979265,42939,291,0,VideoPacket
1773458983979362,42940,291,0,VideoPacket
1773458983979461,42941,291,0,VideoPacket
1773458984010787,17656,293,0,Retransmission:42898
1773458984021810,42942,291,0,VideoPacket
1773458984021910,42943,291,0,VideoPacket
1773458984022024,42944,291,0,VideoPacket
1773458984022122,42945,291,0,VideoPacket
1773458984022218,42946,291,0,VideoPacket
1773458984022315,42947,291,0,VideoPacket
1773458984022411,42948,291,0,VideoPacket
1773458984022509,42949,291,0,VideoPacket
1773458984022615,42950,291,0,VideoPacket
1773458984022715,42951,291,0,VideoPacket
1773458984022826,42952,291,0,VideoPacket
1773458984043771,17657,293,0,Retransmission:42901
1773458984059407,42953,291,0,VideoPacket
1773458984059508,42954,291,0,VideoPacket
1773458984059620,42955,291,0,VideoPacket
1773458984059720,42956,291,0,VideoPacket
1773458984059820,42957,291,0,VideoPacket
1773458984059919,42958,291,0,VideoPacket
1773458984060022,42959,291,0,VideoPacket
1773458984060138,42960,291,0,VideoPacket
1773458984060238,42961,291,0,VideoPacket
1773458984060337,42962,291,0,VideoPacket
1773458984060437,42963,291,0,VideoPacket
1773458984092309,17658,293,0,Retransmission:42918
1773458984101205,42964,1059,0,VideoPacket
1773458984101306,42965,1059,0,VideoPacket
1773458984101421,42966,1059,0,VideoPacket
1773458984144130,42967,291,0,VideoPacket
1773458984144229,42968,291,0,VideoPacket
1773458984144336,42969,291,0,VideoPacket
1773458984144435,42970,291,0,VideoPacket
1773458984144536,42971,291,0,VideoPacket
1773458984144651,42972,291,0,VideoPacket
1773458984144752,42973,291,0,VideoPacket
1773458984144851,42974,291,0,VideoPacket
1773458984144953,42975,291,0,VideoPacket
1773458984145051,42976,291,0,VideoPacket
1773458984145152,42977,291,0,VideoPacket
1773458984145251,42978,291,0,VideoPacket
1773458984145352,42979,291,0,VideoPacket
1773458984145451,42980,291,0,VideoPacket
1773458984187771,42981,291,0,VideoPacket
1773458984187879,42982,291,0,VideoPacket
1773458984187982,42983,291,0,VideoPacket
1773458984188092,42984,291,0,VideoPacket
1773458984188193,42985,291,0,VideoPacket
1773458984188295,42986,291,0,VideoPacket
1773458984188396,42987,291,0,VideoPacket
1773458984188494,42988,291,0,VideoPacket
1773458984188604,42989,291,0,VideoPacket
1773458984188706,42990,291,0,VideoPacket
1773458984188809,42991,291,0,VideoPacket
1773458984226811,42992,547,0,VideoPacket
1773458984226909,42993,547,0,VideoPacket
1773458984226975,42994,547,0,VideoPacket
1773458984227040,42995,547,0,VideoPacket
1773458984227100,42996,547,0,VideoPacket
1773458984227159,42997,547,0,VideoPacket
1773458984227219,42998,547,0,VideoPacket
1773458984287237,42999,291,0,VideoPacket
1773458984287329,43000,291,0,VideoPacket
1773458984287402,43001,291,0,VideoPacket
1773458984287463,43002,291,0,VideoPacket
1773458984287524,43003,291,0,VideoPacket
1773458984287595,43004,291,0,VideoPacket
1773458984287657,43005,291,0,VideoPacket
1773458984287717,43006,291,0,VideoPacket
1773458984287777,43007,291,0,VideoPacket
1773458984287835,43008,291,0,VideoPacket
1773458984287895,43009,291,0,VideoPacket
1773458984287953,43010,291,0,VideoPacket
1773458984288014,43011,291,0,VideoPacket
1773458984324461,43012,291,0,VideoPacket
1773458984324557,43013,291,0,VideoPacket
1773458984324640,43014,291,0,VideoPacket
1773458984324708,43015,291,0,VideoPacket
1773458984324776,43016,291,0,VideoPacket
1773458984324843,43017,291,0,VideoPacket
1773458984324911,43018,291,0,VideoPacket
1773458984324979,43019,291,0,VideoPacket
1773458984325048,43020,291,0,VideoPacket
1773458984325113,43021,291,0,VideoPacket
1773458984325703,17659,293,0,Retransmission:42970
1773458984325796,17660,293,0,Retransmission:42973
1773458984325881,17661,293,0,Retransmission:42977
1773458984351894,43022,291,0,VideoPacket
1773458984351983,43023,291,0,VideoPacket
1773458984352079,43024,291,0,VideoPacket
1773458984352155,43025,291,0,VideoPacket
1773458984352221,43026,291,0,VideoPacket
1773458984352287,43027,291,0,VideoPacket
1773458984352352,43028,291,0,VideoPacket
1773458984352416,43029,291,0,VideoPacket
1773458984352481,43030,291,0,VideoPacket
1773458984352545,43031,291,0,VideoPacket
1773458984409425,17662,549,0,Retransmission:42993
1773458984409508,17663,549,0,Retransmission:42994
1773458984409579,43032,291,0,VideoPacket
1773458984409656,43033,291,0,VideoPacket
1773458984409725,43034,291,0,VideoPacket
1773458984410241,43035,803,0,VideoPacket
1773458984410330,43036,803,0,VideoPacket
1773458984410406,43037,803,0,VideoPacket
1773458984410473,43038,803,0,VideoPacket
1773458984431167,17664,293,0,Retransmission:43003
1773458984458943,43039,1059,0,VideoPacket
1773458984459043,43040,1059,0,VideoPacket
1773458984459118,43041,1059,0,VideoPacket
1773458984459196,43042,1059,0,VideoPacket
1773458984459270,43043,1059,0,VideoPacket
1773458984466976,17665,293,0,Retransmission:43007
1773458984496440,43044,291,0,VideoPacket
1773458984496550,43045,291,0,VideoPacket
1773458984496665,43046,291,0,VideoPacket
1773458984496767,43047,291,0,VideoPacket
1773458984496866,43048,291,0,VideoPacket
1773458984496965,43049,291,0,VideoPacket
1773458984497065,43050,291,0,VideoPacket
1773458984497165,43051,291,0,VideoPacket
1773458984497266,43052,291,0,VideoPacket
1773458984528827,43053,291,0,VideoPacket
1773458984528942,43054,291,0,VideoPacket
1773458984529042,43055,291,0,VideoPacket
1773458984529141,43056,291,0,VideoPacket
1773458984529240,43057,291,0,VideoPacket
1773458984529337,43058,291,0,VideoPacket
1773458984529438,43059,291,0,VideoPacket
1773458984529537,43060,291,0,VideoPacket
1773458984529645,43061,291,0,VideoPacket
1773458984529743,43062,291,0,VideoPacket
1773458984529845,43063,291,0,VideoPacket
1773458984529945,43064,291,0,VideoPacket
1773458984575490,17666,293,0,Retransmission:43033
1773458984575602,17667,805,0,Retransmission:43036
1773458984575687,43065,291,0,VideoPacket
1773458984575787,43066,291,0,VideoPacket
1773458984575887,43067,291,0,VideoPacket
1773458984575987,43068,291,0,VideoPacket
1773458984576100,43069,547,0,VideoPacket
1773458984576203,43070,547,0,VideoPacket
1773458984576305,43071,547,0,VideoPacket
1773458984576405,43072,547,0,VideoPacket
1773458984613087,17668,1061,0,Retransmission:43039
1773458984613192,43073,547,0,VideoPacket
1773458984613294,43074,547,0,VideoPacket
1773458984613394,43075,547,0,VideoPacket
1773458984613495,43076,291,0,VideoPacket
1773458984613607,43077,291,0,VideoPacket
1773458984613708,43078,291,0,VideoPacket
1773458984613809,43079,291,0,VideoPacket
1773458984613909,43080,291,0,VideoPacket
1773458984614010,43081,291,0,VideoPacket
1773458984656105,17669,293,0,Retransmission:43048
1773458984656212,43082,291,0,VideoPacket
1773458984656320,43083,291,0,VideoPacket
1773458984656422,43084,291,0,VideoPacket
1773458984656526,43085,291,0,VideoPacket
1773458984656638,43086,291,0,VideoPacket
1773458984656735,43087,291,0,VideoPacket
1773458984656839,43088,291,0,VideoPacket
1773458984656937,43089,803,0,VideoPacket
1773458984657044,43090,803,0,VideoPacket
1773458984657143,43091,803,0,VideoPacket
1773458984721773,17670,293,0,Retransmission:43057
1773458984721871,43092,803,0,VideoPacket
1773458984721983,43093,803,0,VideoPacket
1773458984722083,43094,291,0,VideoPacket
1773458984722185,43095,291,0,VideoPacket
1773458984722284,43096,291,0,VideoPacket
1773458984722383,43097,291,0,VideoPacket
1773458984722483,43098,291,0,VideoPacket
1773458984722594,43099,291,0,VideoPacket
1773458984722730,43100,291,0,VideoPacket
1773458984722826,43101,291,0,VideoPacket
1773458984741419,43102,291,0,VideoPacket
1773458984741536,43103,291,0,VideoPacket
1773458984741663,43104,291,0,VideoPacket
1773458984741763,43105,291,0,VideoPacket
1773458984741865,43106,291,0,VideoPacket
1773458984741966,43107,291,0,VideoPacket
1773458984742063,43108,291,0,VideoPacket
1773458984742164,43109,291,0,VideoPacket
1773458984742264,43110,291,0,VideoPacket
1773458984742361,43111,291,0,VideoPacket
1773458984742464,43112,291,0,VideoPacket
1773458984742572,43113,291,0,VideoPacket
1773458984742675,43114,291,0,VideoPacket
1773458984770419,43115,291,0,VideoPacket
1773458984770531,43116,291,0,VideoPacket
1773458984770640,43117,291,0,VideoPacket
1773458984770741,43118,291,0,VideoPacket
1773458984770840,43119,291,0,VideoPacket
1773458984770938,43120,291,0,VideoPacket
1773458984771043,43121,291,0,VideoPacket
1773458984771146,43122,291,0,VideoPacket
1773458984771247,43123,291,0,VideoPacket
1773458984771346,43124,291,0,VideoPacket
1773458984771447,43125,291,0,VideoPacket
1773458984813122,43126,291,0,VideoPacket
1773458984865318,43127,291,0,VideoPacket
1773458984865427,43128,291,0,VideoPacket
1773458984865529,43129,291,0,VideoPacket
1773458984865640,43130,291,0,VideoPacket
1773458984865742,43131,291,0,VideoPacket
1773458984865842,43132,291,0,VideoPacket
1773458984865944,43133,291,0,VideoPacket
1773458984866045,43134,291,0,VideoPacket
1773458984866157,43135,291,0,VideoPacket
1773458984866261,43136,291,0,VideoPacket
1773458984866357,43137,291,0,VideoPacket
1773458984866450,43138,291,0,VideoPacket
1773458984866550,43139,291,0,VideoPacket
1773458984866663,43140,291,0,VideoPacket
1773458984907944,43141,291,0,VideoPacket
1773458984908072,43142,291,0,VideoPacket
1773458984908176,43143,291,0,VideoPacket
1773458984908275,43144,291,0,VideoPacket
1773458984908376,43145,291,0,VideoPacket
1773458984908473,43146,291,0,VideoPacket
1773458984908587,43147,291,0,VideoPacket
1773458984908688,43148,291,0,VideoPacket
1773458984908789,43149,291,0,VideoPacket
1773458984908886,43150,291,0,VideoPacket
1773458984908988,43151,291,0,VideoPacket
1773458984909087,43152,291,0,VideoPacket
1773458984909188,43153,291,0,VideoPacket
1773458984909287,43154,291,0,VideoPacket
1773458984948677,43155,291,0,VideoPacket
1773458984948795,43156,291,0,VideoPacket
1773458984948898,43157,291,0,VideoPacket
1773458984948997,43158,291,0,VideoPacket
1773458984949100,43159,1059,0,VideoPacket
1773458984949199,43160,1059,0,VideoPacket
1773458984976981,43161,291,0,VideoPacket
1773458984977090,43162,291,0,VideoPacket
1773458984977192,43163,291,0,VideoPacket
1773458984977291,43164,291,0,VideoPacket
1773458984977394,43165,291,0,VideoPacket
1773458984977493,43166,291,0,VideoPacket
1773458984977605,43167,291,0,VideoPacket
1773458984977703,43168,291,0,VideoPacket
1773458984977807,43169,291,0,VideoPacket
1773458984977906,43170,291,0,VideoPacket
1773458984978001,43171,291,0,VideoPacket
1773458985018711,43172,803,0,VideoPacket
1773458985018858,43173,803,0,VideoPacket
1773458985018968,43174,803,0,VideoPacket
1773458985019057,43175,803,0,VideoPacket
1773458985055973,17671,293,0,Retransmission:43126
1773458985056102,17672,293,0,Retransmission:43137
1773458985056215,17673,293,0,Retransmission:43139
1773458985060458,43176,291,0,VideoPacket
1773458985060594,43177,291,0,VideoPacket
1773458985060695,43178,291,0,VideoPacket
1773458985060793,43179,291,0,VideoPacket
1773458985060893,43180,291,0,VideoPacket
1773458985060992,43181,291,0,VideoPacket
1773458985061092,43182,291,0,VideoPacket
1773458985061189,43183,291,0,VideoPacket
1773458985061290,43184,291,0,VideoPacket
1773458985101663,43185,547,0,VideoPacket
1773458985101775,43186,547,0,VideoPacket
1773458985101878,43187,547,0,VideoPacket
1773458985145810,43188,291,0,VideoPacket
1773458985145927,43189,291,0,VideoPacket
1773458985146029,43190,291,0,VideoPacket
1773458985146128,43191,291,0,VideoPacket
1773458985146231,43192,291,0,VideoPacket
1773458985146331,43193,291,0,VideoPacket
1773458985146432,43194,291,0,VideoPacket
1773458985146533,43195,291,0,VideoPacket
1773458985146645,43196,291,0,VideoPacket
1773458985146746,43197,291,0,VideoPacket
1773458985182229,17674,293,0,Retransmission:43139
1773458985185210,43198,291,0,VideoPacket
1773458985185316,43199,291,0,VideoPacket
1773458985185414,43200,291,0,VideoPacket
1773458985185506,43201,291,0,VideoPacket
1773458985185611,43202,291,0,VideoPacket
1773458985185705,43203,291,0,VideoPacket
1773458985185802,43204,291,0,VideoPacket
1773458985185896,43205,291,0,VideoPacket
1773458985185995,43206,291,0,VideoPacket
1773458985231524,43207,547,0,VideoPacket
1773458985231648,43208,547,0,VideoPacket
1773458985231742,43209,547,0,VideoPacket
1773458985231850,43210,547,0,VideoPacket
1773458985231949,43211,547,0,VideoPacket
1773458985239216,17675,293,0,Retransmission:43176
1773458985239332,17676,293,0,Retransmission:43180
1773458985239443,17677,293,0,Retransmission:43183
1773458985268730,43212,547,0,VideoPacket
1773458985268837,43213,547,0,VideoPacket
1773458985268937,43214,547,0,VideoPacket
1773458985269036,43215,547,0,VideoPacket
1773458985269129,43216,547,0,VideoPacket
1773458985288904,17678,293,0,Retransmission:43194
1773458985344183,43217,291,0,VideoPacket
1773458985344281,43218,291,0,VideoPacket
1773458985344353,43219,291,0,VideoPacket
1773458985344419,43220,291,0,VideoPacket
1773458985344500,43221,291,0,VideoPacket
1773458985344588,43222,291,0,VideoPacket
1773458985344658,43223,291,0,VideoPacket
1773458985344725,43224,291,0,VideoPacket
1773458985344807,43225,291,0,VideoPacket
1773458985344874,43226,291,0,VideoPacket
1773458985344943,43227,291,0,VideoPacket
1773458985356994,43228,291,0,VideoPacket
1773458985357087,43229,291,0,VideoPacket
1773458985357156,43230,291,0,VideoPacket
1773458985357222,43231,291,0,VideoPacket
1773458985357289,43232,291,0,VideoPacket
1773458985357355,43233,291,0,VideoPacket
1773458985357423,43234,291,0,VideoPacket
1773458985357490,43235,291,0,VideoPacket
1773458985399241,17679,549,0,Retransmission:43207
1773458985399326,43236,291,0,VideoPacket
1773458985399394,43237,803,0,VideoPacket
1773458985399460,43238,803,0,VideoPacket
1773458985399529,43239,803,0,VideoPacket
1773458985399606,43240,803,0,VideoPacket
1773458985457737,43241,1059,0,VideoPacket
1773458985457854,43242,1059,0,VideoPacket
1773458985457953,43243,1059,0,VideoPacket
1773458985458051,43244,1059,0,VideoPacket
1773458985458144,43245,1059,0,VideoPacket
1773458985505601,43246,1059,0,VideoPacket
1773458985505732,43247,1059,0,VideoPacket
1773458985505842,43248,1059,0,VideoPacket
1773458985505958,43249,291,0,VideoPacket
1773458985506061,43250,291,0,VideoPacket
1773458985506166,43251,291,0,VideoPacket
1773458985506269,43252,291,0,VideoPacket
1773458985506374,43253,291,0,VideoPacket
1773458985514553,17680,293,0,Retransmission:43229
1773458985560694,43254,291,0,VideoPacket
1773458985560809,43255,291,0,VideoPacket
1773458985560909,43256,291,0,VideoPacket
1773458985561007,43257,291,0,VideoPacket
1773458985561107,43258,291,0,VideoPacket
1773458985561204,43259,291,0,VideoPacket
1773458985561297,43260,291,0,VideoPacket
1773458985561395,43261,291,0,VideoPacket
1773458985697682,17681,549,0,Retransmission:43207
1773458985697913,43262,547,0,VideoPacket
1773458985698028,43263,547,0,VideoPacket
1773458985698127,43264,547,0,VideoPacket
1773458985698218,43265,547,0,VideoPacket
1773458985698315,43266,547,0,VideoPacket
1773458985698414,43267,547,0,VideoPacket
1773458985698513,43268,547,0,VideoPacket
1773458985698621,43269,547,0,VideoPacket
1773458985748752,43270,547,0,VideoPacket
1773458985748873,43271,547,0,VideoPacket
1773458985748970,43272,547,0,VideoPacket
1773458985749062,43273,547,0,VideoPacket
1773458985749159,43274,547,0,VideoPacket
1773458985749258,43275,547,0,VideoPacket
1773458985749358,43276,291,0,VideoPacket
1773458985749456,43277,291,0,VideoPacket
1773458985749556,43278,291,0,VideoPacket
1773458985749669,43279,291,0,VideoPacket
1773458985791029,17682,805,0,Retransmission:43240
1773458985791124,17683,1061,0,Retransmission:43241
1773458985791212,17684,293,0,Retransmission:43229
1773458985791293,17685,293,0,Retransmission:43250
1773458985791376,17686,293,0,Retransmission:43254
1773458985791466,17687,293,0,Retransmission:43255
1773458985791551,43280,547,0,VideoPacket
1773458985791663,43281,547,0,VideoPacket
1773458985791760,43282,547,0,VideoPacket
1773458985827027,43283,291,0,VideoPacket
1773458985827133,43284,291,0,VideoPacket
1773458985827231,43285,291,0,VideoPacket
1773458985827325,43286,291,0,VideoPacket
1773458985827421,43287,291,0,VideoPacket
1773458985827515,43288,291,0,VideoPacket
1773458985827623,43289,291,0,VideoPacket
1773458985827719,43290,291,0,VideoPacket
1773458985827816,43291,291,0,VideoPacket
1773458985827912,43292,291,0,VideoPacket
1773458985828006,43293,291,0,VideoPacket
1773458985828112,43294,291,0,VideoPacket
1773458985828209,43295,291,0,VideoPacket
1773458985828304,43296,291,0,VideoPacket
1773458985828399,43297,291,0,VideoPacket
1773458985868519,43298,291,0,VideoPacket
1773458985868642,43299,291,0,VideoPacket
1773458985868745,43300,291,0,VideoPacket
1773458985868837,43301,291,0,VideoPacket
1773458985868934,43302,291,0,VideoPacket
1773458985869028,43303,291,0,VideoPacket
1773458985869127,43304,291,0,VideoPacket
1773458985869227,43305,291,0,VideoPacket
1773458985869326,43306,291,0,VideoPacket
1773458985869430,43307,291,0,VideoPacket
1773458985869528,43308,291,0,VideoPacket
1773458985869637,43309,291,0,VideoPacket
1773458985869733,43310,291,0,VideoPacket
1773458985869825,43311,291,0,VideoPacket
1773458985869922,43312,291,0,VideoPacket
1773458985912578,17688,293,0,Retransmission:43260
1773458985912678,43313,547,0,VideoPacket
1773458985912778,43314,547,0,VideoPacket
1773458985912872,43315,547,0,VideoPacket
1773458985912963,43316,291,0,VideoPacket
1773458985913043,43317,291,0,VideoPacket
1773458985913127,43318,291,0,VideoPacket
1773458985913210,43319,291,0,VideoPacket
1773458985913297,43320,291,0,VideoPacket
1773458985913385,43321,291,0,VideoPacket
1773458985913481,43322,291,0,VideoPacket
1773458985913592,43323,291,0,VideoPacket
1773458985957341,43324,291,0,VideoPacket
1773458985957453,43325,291,0,VideoPacket
1773458985957547,43326,291,0,VideoPacket
1773458985957666,43327,291,0,VideoPacket
1773458985957767,43328,291,0,VideoPacket
1773458985957858,43329,547,0,VideoPacket
1773458985957956,43330,547,0,VideoPacket
1773458985958049,43331,547,0,VideoPacket
1773458985958147,43332,547,0,VideoPacket
1773458985958248,43333,547,0,VideoPacket
1773458985958348,43334,547,0,VideoPacket
1773458986003157,43335,547,0,VideoPacket
1773458986003256,43336,547,0,VideoPacket
1773458986003346,43337,547,0,VideoPacket
1773458986003421,43338,547,0,VideoPacket
1773458986003503,43339,547,0,VideoPacket
1773458986003593,43340,547,0,VideoPacket
1773458986003677,43341,547,0,VideoPacket
1773458986003757,43342,547,0,VideoPacket
1773458986003839,43343,547,0,VideoPacket
1773458986064591,17689,293,0,Retransmission:43289
1773458986064705,17690,293,0,Retransmission:43255
1773458986064791,43344,547,0,VideoPacket
1773458986064892,43345,547,0,VideoPacket
1773458986064985,43346,547,0,VideoPacket
1773458986065069,43347,547,0,VideoPacket
1773458986065157,43348,547,0,VideoPacket
1773458986065246,43349,291,0,VideoPacket
1773458986065336,43350,291,0,VideoPacket
1773458986065419,43351,291,0,VideoPacket
1773458986065505,43352,291,0,VideoPacket
1773458986109175,43353,291,0,VideoPacket
1773458986109290,43354,291,0,VideoPacket
1773458986109388,43355,291,0,VideoPacket
1773458986109483,43356,291,0,VideoPacket
1773458986109593,43357,291,0,VideoPacket
1773458986109691,43358,291,0,VideoPacket
1773458986109788,43359,291,0,VideoPacket
1773458986109888,43360,291,0,VideoPacket
1773458986109987,43361,291,0,VideoPacket
1773458986110083,43362,291,0,VideoPacket
1773458986110181,43363,291,0,VideoPacket
1773458986110277,43364,291,0,VideoPacket
1773458986110375,43365,291,0,VideoPacket
1773458986110470,43366,291,0,VideoPacket
1773458986110575,43367,291,0,VideoPacket
1773458986125390,17691,1061,0,Retransmission:43241
1773458986125489,43368,291,0,VideoPacket
1773458986125597,43369,291,0,VideoPacket
1773458986125694,43370,291,0,VideoPacket
1773458986125791,43371,291,0,VideoPacket
1773458986125886,43372,291,0,VideoPacket
1773458986125983,43373,291,0,VideoPacket
1773458986126082,43374,291,0,VideoPacket
1773458986126181,43375,291,0,VideoPacket
1773458986126276,43376,291,0,VideoPacket
1773458986126374,43377,291,0,VideoPacket
1773458986126469,43378,291,0,VideoPacket
1773458986126617,43379,291,0,VideoPacket
1773458986170178,43380,291,0,VideoPacket
1773458986170289,43381,291,0,VideoPacket
1773458986170392,43382,291,0,VideoPacket
1773458986170490,43383,291,0,VideoPacket
1773458986170601,43384,291,0,VideoPacket
1773458986170701,43385,547,0,VideoPacket
1773458986170798,43386,547,0,VideoPacket
1773458986170898,43387,547,0,VideoPacket
1773458986170999,43388,547,0,VideoPacket
1773458986171084,43389,547,0,VideoPacket
1773458986171173,43390,547,0,VideoPacket
1773458986211495,43391,547,0,VideoPacket
1773458986211616,43392,291,1,VideoPacket
1773458986211719,43393,291,1,VideoPacket
1773458986211817,43394,291,1,VideoPacket
1773458986211919,43395,291,1,VideoPacket
1773458986212019,43396,291,1,VideoPacket
1773458986212130,43397,291,1,VideoPacket
1773458986212229,43398,291,1,VideoPacket
1773458986212330,43399,291,1,VideoPacket
1773458986212442,43400,291,1,VideoPacket
1773458986212536,43401,291,1,VideoPacket
1773458986212646,43402,291,1,VideoPacket
1773458986212743,43403,291,1,VideoPacket
1773458986212838,43404,291,1,VideoPacket
1773458986288142,43405,291,1,VideoPacket
1773458986288255,43406,291,1,VideoPacket
1773458986288354,43407,291,1,VideoPacket
1773458986288459,43408,291,1,VideoPacket
1773458986288573,43409,291,1,VideoPacket
1773458986288675,43410,291,1,VideoPacket
1773458986288774,43411,291,1,VideoPacket
1773458986288876,43412,291,1,VideoPacket
1773458986288972,43413,291,1,VideoPacket
1773458986289070,43414,291,1,VideoPacket
1773458986289164,43415,291,1,VideoPacket
1773458986289261,43416,291,1,VideoPacket
1773458986289360,43417,291,1,VideoPacket
1773458986289458,43418,291,1,VideoPacket
1773458986289568,43419,291,0,VideoPacket
1773458986325449,43420,291,0,VideoPacket
1773458986325554,43421,291,0,VideoPacket
1773458986325660,43422,291,0,VideoPacket
1773458986325754,43423,291,0,VideoPacket
1773458986325849,43424,291,0,VideoPacket
1773458986325943,43425,291,0,VideoPacket
1773458986326039,43426,291,0,VideoPacket
1773458986326138,43427,291,0,VideoPacket
1773458986326238,43428,291,0,VideoPacket
1773458986326335,43429,291,0,VideoPacket
1773458986326436,43430,291,0,VideoPacket
1773458986326533,43431,291,0,VideoPacket
1773458986326635,43432,291,0,VideoPacket
1773458986326731,43433,291,0,VideoPacket
1773458986326826,43434,291,0,VideoPacket
1773458986369049,17692,293,0,Retransmission:43360
1773458986369160,43435,291,0,VideoPacket
1773458986369270,43436,291,0,VideoPacket
1773458986369366,43437,291,0,VideoPacket
1773458986369457,43438,291,0,VideoPacket
1773458986369544,43439,291,0,VideoPacket
1773458986369651,43440,291,0,VideoPacket
1773458986369741,43441,291,0,VideoPacket
1773458986369826,43442,291,0,VideoPacket
1773458986369914,43443,291,0,VideoPacket
1773458986369998,43444,291,0,VideoPacket
1773458986370086,43445,291,0,VideoPacket
1773458986370170,43446,291,0,VideoPacket
1773458986370256,43447,291,0,VideoPacket
1773458986370343,43448,291,0,VideoPacket
1773458986399123,43449,291,0,VideoPacket
1773458986399228,43450,291,0,VideoPacket
1773458986399321,43451,291,0,VideoPacket
1773458986399419,43452,291,0,VideoPacket
1773458986399520,43453,291,0,VideoPacket
1773458986399628,43454,291,0,VideoPacket
1773458986399731,43455,291,0,VideoPacket
1773458986399831,43456,291,0,VideoPacket
1773458986399928,43457,291,0,VideoPacket
1773458986400022,43458,291,0,VideoPacket
1773458986400131,43459,291,0,VideoPacket
1773458986400227,43460,291,0,VideoPacket
1773458986400327,43461,291,0,VideoPacket
1773458986400425,43462,291,0,VideoPacket
1773458986400517,43463,291,0,VideoPacket
1773458986421091,43464,291,0,VideoPacket
1773458986421195,43465,291,0,VideoPacket
1773458986421297,43466,291,0,VideoPacket
1773458986421396,43467,291,0,VideoPacket
1773458986421496,43468,803,0,VideoPacket
1773458986421605,43469,803,0,VideoPacket
1773458986421700,43470,803,0,VideoPacket
1773458986421797,43471,1059,0,VideoPacket
1773458986492358,43472,1059,0,VideoPacket
1773458986492470,43473,1059,0,VideoPacket
1773458986492583,43474,1059,0,VideoPacket
1773458986492682,43475,1059,0,VideoPacket
1773458986492781,43476,1059,0,VideoPacket
1773458986514299,43477,291,0,VideoPacket
1773458986514403,43478,291,0,VideoPacket
1773458986514506,43479,291,0,VideoPacket
1773458986514621,43480,291,0,VideoPacket
1773458986514724,43481,291,0,VideoPacket
1773458986514808,43482,291,0,VideoPacket
1773458986514888,43483,291,0,VideoPacket
1773458986514972,43484,291,0,VideoPacket
1773458986515060,43485,291,0,VideoPacket
1773458986515158,43486,291,0,VideoPacket
1773458986515251,43487,291,0,VideoPacket
1773458986515347,43488,291,0,VideoPacket
1773458986515442,43489,291,0,VideoPacket
1773458986515537,43490,291,0,VideoPacket
1773458986515638,43491,291,0,VideoPacket
1773458986551111,43492,291,0,VideoPacket
1773458986551241,43493,291,0,VideoPacket
1773458986551337,43494,291,0,VideoPacket
1773458986551431,43495,291,0,VideoPacket
1773458986551527,43496,291,0,VideoPacket
1773458986551637,43497,291,0,VideoPacket
1773458986551738,43498,291,0,VideoPacket
1773458986551838,43499,291,0,VideoPacket
1773458986551938,43500,291,0,VideoPacket
1773458986552053,43501,291,0,VideoPacket
1773458986552155,43502,547,0,VideoPacket
1773458986552254,43503,547,0,VideoPacket
1773458986552352,43504,547,0,VideoPacket
1773458986594887,43505,291,0,VideoPacket
1773458986594995,43506,291,0,VideoPacket
1773458986595096,43507,291,0,VideoPacket
1773458986595175,43508,291,0,VideoPacket
1773458986595260,43509,291,0,VideoPacket
1773458986595344,43510,291,0,VideoPacket
1773458986595431,43511,291,0,VideoPacket
1773458986595526,43512,291,0,VideoPacket
1773458986595638,43513,291,0,VideoPacket
1773458986595731,43514,291,0,VideoPacket
1773458986595835,43515,291,0,VideoPacket
1773458986595938,43516,291,0,VideoPacket
1773458986596028,43517,291,0,VideoPacket
1773458986596138,43518,291,0,VideoPacket
1773458986596240,43519,291,0,VideoPacket
1773458986658415,43520,291,0,VideoPacket
1773458986658520,43521,291,0,VideoPacket
1773458986658622,43522,291,0,VideoPacket
1773458986658734,43523,291,0,VideoPacket
1773458986658832,43524,291,0,VideoPacket
1773458986658932,43525,291,0,VideoPacket
1773458986659031,43526,291,0,VideoPacket
1773458986659124,43527,291,0,VideoPacket
1773458986659222,43528,291,0,VideoPacket
1773458986659320,43529,291,0,VideoPacket
1773458986659419,43530,291,0,VideoPacket
1773458986659519,43531,291,0,VideoPacket
1773458986659627,43532,291,0,VideoPacket
1773458986659728,43533,291,0,VideoPacket
1773458986659826,43534,291,0,VideoPacket
1773458986690474,43535,291,0,VideoPacket
1773458986690589,43536,291,0,VideoPacket
1773458986690686,43537,291,0,VideoPacket
1773458986690780,43538,291,0,VideoPacket
1773458986690874,43539,291,0,VideoPacket
1773458986690969,43540,291,0,VideoPacket
1773458986691060,43541,291,0,VideoPacket
1773458986691157,43542,291,0,VideoPacket
1773458986691256,43543,291,0,VideoPacket
1773458986691353,43544,291,0,VideoPacket
1773458986691452,43545,291,0,VideoPacket
1773458986691544,43546,291,0,VideoPacket
1773458986691653,43547,291,0,VideoPacket
1773458986691751,43548,291,0,VideoPacket
1773458986691846,43549,291,0,VideoPacket
1773458986719754,17693,293,0,Retransmission:43420
1773458986719849,17694,293,0,Retransmission:43423
1773458986719930,17695,293,0,Retransmission:43427
1773458986720015,17696,293,0,Retransmission:43464
1773458986720113,17697,293,0,Retransmission:43465
1773458986720197,17698,1061,0,Retransmission:43471
1773458986720280,17699,293,0,Retransmission:43486
1773458986720364,43550,291,0,VideoPacket
1773458986720459,43551,291,0,VideoPacket
1773458986720555,43552,291,0,VideoPacket
1773458986720665,43553,291,0,VideoPacket
1773458986720762,43554,291,0,VideoPacket
1773458986720862,43555,291,0,VideoPacket
1773458986778599,43556,291,0,VideoPacket
1773458986778709,43557,291,0,VideoPacket
1773458986778807,43558,291,0,VideoPacket
1773458986778903,43559,291,0,VideoPacket
1773458986778985,43560,291,0,VideoPacket
1773458986779068,43561,291,0,VideoPacket
1773458986779152,43562,291,0,VideoPacket
1773458986779236,43563,291,0,VideoPacket
1773458986779319,43564,291,0,VideoPacket
1773458986779413,43565,291,0,VideoPacket
1773458986779505,43566,291,0,VideoPacket
1773458986779610,43567,291,0,VideoPacket
1773458986779712,43568,291,0,VideoPacket
1773458986779811,43569,291,0,VideoPacket
1773458986779911,43570,291,0,VideoPacket
1773458986804492,43571,291,0,VideoPacket
1773458986804614,43572,291,0,VideoPacket
1773458986804719,43573,291,0,VideoPacket
1773458986804818,43574,291,0,VideoPacket
1773458986804920,43575,291,0,VideoPacket
1773458986805020,43576,291,0,VideoPacket
1773458986805120,43577,291,0,VideoPacket
1773458986805218,43578,291,0,VideoPacket
1773458986805314,43579,291,0,VideoPacket
1773458986805413,43580,291,0,VideoPacket
1773458986805514,43581,291,0,VideoPacket
1773458986805605,43582,291,0,VideoPacket
1773458986805687,43583,291,0,VideoPacket
1773458986805772,43584,291,0,VideoPacket
1773458986805858,43585,291,0,VideoPacket
1773458986846053,43586,291,0,VideoPacket
1773458986846171,43587,291,0,VideoPacket
1773458986846272,43588,291,0,VideoPacket
1773458986846373,43589,291,0,VideoPacket
1773458986846474,43590,291,0,VideoPacket
1773458986846583,43591,291,0,VideoPacket
1773458986846706,43592,291,0,VideoPacket
1773458986846801,43593,291,0,VideoPacket
1773458986846885,43594,291,0,VideoPacket
1773458986846964,43595,291,0,VideoPacket
1773458986847047,43596,291,0,VideoPacket
1773458986847133,43597,291,0,VideoPacket
1773458986847236,43598,291,0,VideoPacket
1773458986847329,43599,291,0,VideoPacket
1773458986847423,43600,291,0,VideoPacket
1773458986893429,43601,291,0,VideoPacket
1773458986893541,43602,291,0,VideoPacket
1773458986893649,43603,291,0,VideoPacket
1773458986893747,43604,291,0,VideoPacket
1773458986893839,43605,291,0,VideoPacket
1773458986893936,43606,291,0,VideoPacket
1773458986894039,43607,291,0,VideoPacket
1773458986894143,43608,291,0,VideoPacket
1773458986894243,43609,291,0,VideoPacket
1773458986894342,43610,291,0,VideoPacket
1773458986894436,43611,291,0,VideoPacket
1773458986894581,43612,291,0,VideoPacket
1773458986894668,43613,291,0,VideoPacket
1773458986894756,43614,291,0,VideoPacket
1773458986894839,43615,291,0,VideoPacket
1773458986928733,43616,291,0,VideoPacket
1773458986928848,43617,291,0,VideoPacket
1773458986928946,43618,291,0,VideoPacket
1773458986929039,43619,291,0,VideoPacket
1773458986929138,43620,291,0,VideoPacket
1773458986929239,43621,291,0,VideoPacket
1773458986929339,43622,291,0,VideoPacket
1773458986929438,43623,291,0,VideoPacket
1773458986929533,43624,291,0,VideoPacket
1773458986929637,43625,291,0,VideoPacket
1773458986929732,43626,291,0,VideoPacket
1773458986929827,43627,291,0,VideoPacket
1773458986929919,43628,291,0,VideoPacket
1773458986930014,43629,291,0,VideoPacket
1773458986930109,43630,291,0,VideoPacket
1773458986983419,17700,293,0,Retransmission:43574
1773458986983503,43631,291,0,VideoPacket
1773458986983598,43632,291,0,VideoPacket
1773458986983681,43633,291,0,VideoPacket
1773458986983750,43634,291,0,VideoPacket
1773458986983827,43635,291,0,VideoPacket
1773458986983908,43636,291,0,VideoPacket
1773458986983989,43637,291,0,VideoPacket
1773458986984086,43638,291,0,VideoPacket
1773458986984169,43639,291,0,VideoPacket
1773458986984248,43640,291,0,VideoPacket
1773458986984329,43641,291,0,VideoPacket
1773458986984406,43642,547,0,VideoPacket
1773458986984487,43643,547,0,VideoPacket
1773458987014946,17701,293,0,Retransmission:43586
1773458987015027,17702,293,0,Retransmission:43595
1773458987015102,17703,293,0,Retransmission:43599
1773458987015177,17704,293,0,Retransmission:43420
1773458987015253,43644,547,0,VideoPacket
1773458987015345,43645,803,0,VideoPacket
1773458987015429,43646,803,0,VideoPacket
1773458987015512,43647,803,0,VideoPacket
1773458987015602,43648,803,0,VideoPacket
1773458987062805,43649,803,0,VideoPacket
1773458987062914,43650,803,0,VideoPacket
1773458987063013,43651,291,0,VideoPacket
1773458987063111,43652,291,0,VideoPacket
1773458987063204,43653,291,0,VideoPacket
1773458987063302,43654,291,0,VideoPacket
1773458987063398,43655,291,0,VideoPacket
1773458987063496,43656,291,0,VideoPacket
1773458987063606,43657,291,0,VideoPacket
1773458987063699,43658,291,0,VideoPacket
1773458987063801,43659,291,0,VideoPacket
1773458987063955,43660,291,0,VideoPacket
1773458987064064,43661,291,0,VideoPacket
1773458987064160,43662,291,0,VideoPacket
1773458987105258,43663,291,0,VideoPacket
1773458987105365,43664,291,0,VideoPacket
1773458987105473,43665,291,0,VideoPacket
1773458987109241,43666,291,0,VideoPacket
1773458987109328,43667,291,0,VideoPacket
1773458987109410,43668,291,0,VideoPacket
1773458987109493,43669,291,0,VideoPacket
1773458987109590,43670,291,0,VideoPacket
1773458987109672,43671,291,0,VideoPacket
1773458987109758,43672,291,0,VideoPacket
1773458987109842,43673,291,0,VideoPacket
1773458987109927,43674,291,0,VideoPacket
1773458987110009,43675,291,0,VideoPacket
1773458987149058,43676,547,0,VideoPacket
1773458987149191,43677,547,0,VideoPacket
1773458987149293,43678,547,0,VideoPacket
1773458987149391,43679,547,0,VideoPacket
1773458987149488,43680,547,0,VideoPacket
1773458987174216,17705,293,0,Retransmission:43621
1773458987174334,17706,293,0,Retransmission:43628
1773458987174442,17707,293,0,Retransmission:43630
1773458987208504,43681,291,0,VideoPacket
1773458987208618,43682,291,0,VideoPacket
1773458987208718,43683,291,0,VideoPacket
1773458987208819,43684,291,0,VideoPacket
1773458987208925,43685,291,0,VideoPacket
1773458987209025,43686,291,0,VideoPacket
1773458987209128,43687,291,0,VideoPacket
1773458987209236,43688,291,0,VideoPacket
1773458987209340,43689,291,0,VideoPacket
1773458987209428,43690,291,0,VideoPacket
1773458987209508,43691,291,0,VideoPacket
1773458987209602,43692,291,0,VideoPacket
1773458987209689,43693,291,0,VideoPacket
1773458987209772,43694,291,0,VideoPacket
1773458987209863,43695,291,0,VideoPacket
1773458987251132,17708,805,0,Retransmission:43646
1773458987251249,43696,291,0,VideoPacket
1773458987251371,43697,291,0,VideoPacket
1773458987251478,43698,291,0,VideoPacket
1773458987251592,43699,291,0,VideoPacket
1773458987251702,43700,291,0,VideoPacket
1773458987251808,43701,291,0,VideoPacket
1773458987251915,43702,291,0,VideoPacket
1773458987252024,43703,291,0,VideoPacket
1773458987252164,43704,291,0,VideoPacket
1773458987252268,43705,291,0,VideoPacket
1773458987252363,43706,291,0,VideoPacket
1773458987252462,43707,291,0,VideoPacket
1773458987308860,43708,291,0,VideoPacket
1773458987308962,43709,291,0,VideoPacket
1773458987309047,43710,291,0,VideoPacket
1773458987309127,43711,291,0,VideoPacket
1773458987309207,43712,291,0,VideoPacket
1773458987309287,43713,291,0,VideoPacket
1773458987309365,43714,291,0,VideoPacket
1773458987309448,43715,291,0,VideoPacket
1773458987309532,43716,291,0,VideoPacket
1773458987309623,43717,291,0,VideoPacket
1773458987309712,43718,291,0,VideoPacket
1773458987309800,43719,291,0,VideoPacket
1773458987309894,43720,291,0,VideoPacket
1773458987309987,43721,291,0,VideoPacket
1773458987310083,43722,291,0,VideoPacket
1773458987338457,43723,291,0,VideoPacket
1773458987338578,43724,291,0,VideoPacket
1773458987338671,43725,291,0,VideoPacket
1773458987338779,43726,291,0,VideoPacket
1773458987338878,43727,291,0,VideoPacket
1773458987338977,43728,291,0,VideoPacket
1773458987339073,43729,291,0,VideoPacket
1773458987339171,43730,291,0,VideoPacket
1773458987339270,43731,291,0,VideoPacket
1773458987339369,43732,291,0,VideoPacket
1773458987339463,43733,291,0,VideoPacket
1773458987339569,43734,291,0,VideoPacket
1773458987339671,43735,291,0,VideoPacket
1773458987339768,43736,291,0,VideoPacket
1773458987339862,43737,291,0,VideoPacket
1773458987390681,17709,293,0,Retransmission:43691
1773458987390774,43738,291,0,VideoPacket
1773458987390869,43739,291,0,VideoPacket
1773458987390953,43740,291,0,VideoPacket
1773458987391044,43741,291,0,VideoPacket
1773458987391127,43742,291,0,VideoPacket
1773458987391214,43743,291,0,VideoPacket
1773458987391297,43744,291,0,VideoPacket
1773458987391388,43745,291,0,VideoPacket
1773458987391472,43746,291,0,VideoPacket
1773458987391573,43747,291,0,VideoPacket
1773458987391661,43748,291,0,VideoPacket
1773458987391745,43749,291,0,VideoPacket
1773458987391830,43750,291,0,VideoPacket
1773458987391912,43751,291,0,VideoPacket
1773458987416836,43752,291,0,VideoPacket
1773458987416950,43753,291,0,VideoPacket
1773458987417045,43754,291,0,VideoPacket
1773458987417134,43755,291,0,VideoPacket
1773458987417226,43756,291,0,VideoPacket
1773458987417312,43757,291,0,VideoPacket
1773458987417403,43758,291,0,VideoPacket
1773458987417488,43759,291,0,VideoPacket
1773458987417593,43760,291,0,VideoPacket
1773458987417700,43761,291,0,VideoPacket
1773458987417807,43762,291,0,VideoPacket
1773458987417900,43763,291,0,VideoPacket
1773458987417991,43764,291,0,VideoPacket
1773458987418073,43765,291,0,VideoPacket
1773458987418159,43766,291,0,VideoPacket
1773458987458745,43767,291,0,VideoPacket
1773458987458857,43768,291,0,VideoPacket
1773458987458957,43769,291,0,VideoPacket
1773458987459049,43770,291,0,VideoPacket
1773458987459138,43771,291,0,VideoPacket
1773458987459236,43772,291,0,VideoPacket
1773458987459332,43773,291,0,VideoPacket
1773458987459430,43774,291,0,VideoPacket
1773458987459531,43775,291,0,VideoPacket
1773458987459634,43776,291,0,VideoPacket
1773458987459735,43777,291,0,VideoPacket
1773458987459828,43778,291,0,VideoPacket
1773458987459928,43779,291,0,VideoPacket
1773458987460021,43780,291,0,VideoPacket
1773458987460143,43781,291,0,VideoPacket
1773458987500937,17710,293,0,Retransmission:43713
1773458987501034,17711,293,0,Retransmission:43714
1773458987501116,43782,291,0,VideoPacket
1773458987501231,43783,547,0,VideoPacket
1773458987501330,43784,547,0,VideoPacket
1773458987501425,43785,547,0,VideoPacket
1773458987501523,43786,547,0,VideoPacket
1773458987501624,43787,547,0,VideoPacket
1773458987501726,43788,547,0,VideoPacket
1773458987501810,43789,547,0,VideoPacket
1773458987540078,17712,293,0,Retransmission:43722
1773458987540186,43790,547,0,VideoPacket
1773458987540286,43791,547,0,VideoPacket
1773458987540383,43792,547,0,VideoPacket
1773458987540479,43793,547,0,VideoPacket
1773458987540583,43794,547,0,VideoPacket
1773458987540681,43795,547,0,VideoPacket
1773458987540781,43796,547,0,VideoPacket
1773458987540875,43797,547,0,VideoPacket
1773458987582604,43798,547,0,VideoPacket
1773458987582727,43799,547,0,VideoPacket
1773458987582827,43800,547,0,VideoPacket
1773458987582924,43801,547,0,VideoPacket
1773458987583023,43802,291,0,VideoPacket
1773458987583118,43803,291,0,VideoPacket
1773458987583218,43804,291,0,VideoPacket
1773458987583314,43805,291,0,VideoPacket
1773458987583398,43806,291,0,VideoPacket
1773458987583484,43807,291,0,VideoPacket
1773458987583578,43808,291,0,VideoPacket
1773458987583663,43809,291,0,VideoPacket
1773458987664441,43810,291,0,VideoPacket
1773458987664579,43811,291,0,VideoPacket
1773458987664681,43812,291,0,VideoPacket
1773458987664778,43813,291,0,VideoPacket
1773458987664878,43814,291,0,VideoPacket
1773458987664973,43815,291,0,VideoPacket
1773458987665072,43816,291,0,VideoPacket
1773458987665168,43817,291,0,VideoPacket
1773458987665270,43818,291,0,VideoPacket
1773458987665363,43819,291,0,VideoPacket
1773458987665460,43820,291,0,VideoPacket
1773458987665555,43821,291,0,VideoPacket
1773458987665664,43822,291,0,VideoPacket
1773458987665767,43823,291,0,VideoPacket
1773458987665866,43824,291,0,VideoPacket
1773458987665970,43825,291,0,VideoPacket
1773458987666068,43826,291,0,VideoPacket
1773458987666169,43827,291,0,VideoPacket
1773458987666263,43828,291,0,VideoPacket
1773458987666359,43829,291,0,VideoPacket
1773458987666451,43830,291,0,VideoPacket
1773458987666548,43831,291,0,VideoPacket
1773458987666656,43832,291,0,VideoPacket
1773458987666762,43833,291,0,VideoPacket
1773458987666863,43834,291,0,VideoPacket
1773458987666948,43835,291,0,VideoPacket
1773458987667028,43836,291,0,VideoPacket
1773458987667114,43837,291,0,VideoPacket
1773458987667200,43838,291,0,VideoPacket
1773458987667294,43839,291,0,VideoPacket
1773458987720000,17713,293,0,Retransmission:43735
1773458987720119,17714,293,0,Retransmission:43755
1773458987720217,43840,291,0,VideoPacket
1773458987720324,43841,291,0,VideoPacket
1773458987720424,43842,291,0,VideoPacket
1773458987720522,43843,291,0,VideoPacket
1773458987720627,43844,291,0,VideoPacket
1773458987720723,43845,291,0,VideoPacket
1773458987720825,43846,803,0,VideoPacket
1773458987720929,43847,803,0,VideoPacket
1773458987721091,43848,1059,0,VideoPacket
1773458987721191,43849,1059,0,VideoPacket
1773458987721284,43850,1059,0,VideoPacket
1773458987781956,17715,293,0,Retransmission:43773
1773458987782054,17716,293,0,Retransmission:43776
1773458987782135,17717,293,0,Retransmission:43777
1773458987782214,17718,293,0,Retransmission:43780
1773458987782297,43851,1059,0,VideoPacket
1773458987782396,43852,291,0,VideoPacket
1773458987782494,43853,291,0,VideoPacket
1773458987782607,43854,291,0,VideoPacket
1773458987782701,43855,291,0,VideoPacket
1773458987782797,43856,291,0,VideoPacket
1773458987794553,17719,293,0,Retransmission:43802
1773458987842074,43857,547,0,VideoPacket
1773458987842187,43858,547,0,VideoPacket
1773458987842292,43859,547,0,VideoPacket
1773458987842378,43860,547,0,VideoPacket
1773458987842467,43861,547,0,VideoPacket
1773458987842546,43862,547,0,VideoPacket
1773458987842641,43863,547,0,VideoPacket
1773458987842722,43864,547,0,VideoPacket
1773458987842804,43865,547,0,VideoPacket
1773458987914723,17720,293,0,Retransmission:43809
1773458987914828,43866,547,0,VideoPacket
1773458987914937,43867,547,0,VideoPacket
1773458987915035,43868,291,0,VideoPacket
1773458987915131,43869,291,0,VideoPacket
1773458987915228,43870,291,0,VideoPacket
1773458987915329,43871,291,0,VideoPacket
1773458987915436,43872,291,0,VideoPacket
1773458987915532,43873,291,0,VideoPacket
1773458987915636,43874,291,0,VideoPacket
1773458987915733,43875,291,0,VideoPacket
1773458987915829,43876,291,0,VideoPacket
1773458987915921,43877,291,0,VideoPacket
1773458987916019,43878,291,0,VideoPacket
1773458987942450,43879,291,0,VideoPacket
1773458987942571,43880,291,0,VideoPacket
1773458987942672,43881,291,0,VideoPacket
1773458987942769,43882,291,0,VideoPacket
1773458987942865,43883,291,0,VideoPacket
1773458987942960,43884,291,0,VideoPacket
1773458987943053,43885,291,0,VideoPacket
1773458987962807,43886,1315,0,VideoPacket
1773458987962913,43887,1315,0,VideoPacket
1773458987963007,43888,1315,0,VideoPacket
1773458987963160,17721,1061,0,Retransmission:43850
1773458987981217,43889,291,0,VideoPacket
1773458987981322,43890,291,0,VideoPacket
1773458987981422,43891,291,0,VideoPacket
1773458987981520,43892,291,0,VideoPacket
1773458987981630,43893,291,0,VideoPacket
1773458987981728,43894,291,0,VideoPacket
1773458987981828,43895,291,0,VideoPacket
1773458988034087,43896,291,0,VideoPacket
1773458988034211,43897,291,0,VideoPacket
1773458988034342,43898,291,0,VideoPacket
1773458988034486,43899,291,0,VideoPacket
1773458988046426,43900,803,0,VideoPacket
1773458988046533,43901,803,0,VideoPacket
1773458988046674,43902,803,0,VideoPacket
1773458988065028,43903,291,0,VideoPacket
1773458988065152,43904,291,0,VideoPacket
1773458988065249,43905,291,0,VideoPacket
1773458988065343,43906,291,0,VideoPacket
1773458988065443,43907,291,0,VideoPacket
1773458988065546,43908,291,0,VideoPacket
1773458988065662,43909,291,0,VideoPacket
1773458988065762,43910,291,0,VideoPacket
1773458988065862,43911,291,0,VideoPacket
1773458988065960,43912,291,0,VideoPacket
1773458988066057,43913,291,0,VideoPacket
1773458988066153,43914,291,0,VideoPacket
1773458988066245,43915,291,0,VideoPacket
1773458988100405,17722,293,0,Retransmission:43870
1773458988107399,17723,293,0,Retransmission:43776
1773458988131868,43916,291,0,VideoPacket
1773458988131974,43917,291,0,VideoPacket
1773458988132081,43918,291,0,VideoPacket
1773458988132178,43919,291,0,VideoPacket
1773458988132275,43920,291,0,VideoPacket
1773458988132374,43921,291,0,VideoPacket
1773458988132474,43922,291,0,VideoPacket
1773458988132577,43923,291,0,VideoPacket
1773458988170653,43924,291,0,VideoPacket
1773458988170770,43925,291,0,VideoPacket
1773458988170867,43926,291,0,VideoPacket
1773458988170964,43927,291,0,VideoPacket
1773458988171065,43928,291,0,VideoPacket
1773458988171164,43929,291,0,VideoPacket
1773458988171259,43930,291,0,VideoPacket
1773458988171357,43931,291,0,VideoPacket
1773458988171449,43932,291,0,VideoPacket
1773458988171548,43933,291,0,VideoPacket
1773458988171663,43934,291,0,VideoPacket
1773458988171761,43935,291,0,VideoPacket
1773458988171853,43936,291,0,VideoPacket
1773458988272406,43937,1315,0,VideoPacket
1773458988272526,43938,1315,0,VideoPacket
1773458988294344,43939,803,0,VideoPacket
1773458988294449,43940,803,0,VideoPacket
1773458988294538,43941,803,0,VideoPacket
1773458988317578,17724,293,0,Retransmission:43897
1773458988317692,17725,293,0,Retransmission:43899
1773458988317831,17726,293,0,Retransmission:43911
1773458988317981,43942,291,0,VideoPacket
1773458988318085,43943,291,0,VideoPacket
1773458988318184,43944,291,0,VideoPacket
1773458988318284,43945,291,0,VideoPacket
1773458988318378,43946,291,0,VideoPacket
1773458988318474,43947,291,0,VideoPacket
1773458988318574,43948,291,0,VideoPacket
1773458988318672,43949,291,0,VideoPacket
1773458988318773,43950,291,0,VideoPacket
1773458988318873,43951,291,0,VideoPacket
1773458988318972,43952,291,0,VideoPacket
1773458988319071,43953,291,0,VideoPacket
1773458988377638,43954,291,0,VideoPacket
1773458988377755,43955,291,0,VideoPacket
1773458988377854,43956,291,0,VideoPacket
1773458988377936,43957,291,0,VideoPacket
1773458988378016,43958,291,0,VideoPacket
1773458988378095,43959,291,0,VideoPacket
1773458988378173,43960,291,0,VideoPacket
1773458988378260,43961,291,0,VideoPacket
1773458988378345,43962,291,0,VideoPacket
1773458988378431,43963,291,0,VideoPacket
1773458988378514,43964,291,0,VideoPacket
1773458988378642,17727,293,0,Retransmission:43915
1773458988398898,43965,291,0,VideoPacket
1773458988399013,43966,291,0,VideoPacket
1773458988399103,43967,291,0,VideoPacket
1773458988399194,43968,291,0,VideoPacket
1773458988399291,43969,291,0,VideoPacket
1773458988399382,43970,291,0,VideoPacket
1773458988399469,43971,291,0,VideoPacket
1773458988399577,43972,291,0,VideoPacket
1773458988399673,43973,291,0,VideoPacket
1773458988399769,43974,291,0,VideoPacket
1773458988399862,43975,291,0,VideoPacket
1773458988399961,43976,291,0,VideoPacket
1773458988400065,43977,291,0,VideoPacket
1773458988425734,43978,1059,0,VideoPacket
1773458988425847,43979,1059,0,VideoPacket
1773458988425946,43980,1059,0,VideoPacket
1773458988445581,43981,1059,0,VideoPacket
1773458988445715,43982,1059,0,VideoPacket
1773458988445840,43983,1059,0,VideoPacket
1773458988494822,43984,291,0,VideoPacket
1773458988494937,43985,291,0,VideoPacket
1773458988495021,43986,291,0,VideoPacket
1773458988495100,43987,291,0,VideoPacket
1773458988495179,43988,291,0,VideoPacket
1773458988495264,43989,291,0,VideoPacket
1773458988495350,43990,291,0,VideoPacket
1773458988495432,43991,291,0,VideoPacket
1773458988495514,43992,291,0,VideoPacket
1773458988495610,43993,291,0,VideoPacket
1773458988495709,43994,291,0,VideoPacket
1773458988495801,43995,291,0,VideoPacket
1773458988495895,43996,291,0,VideoPacket
1773458988520022,17728,293,0,Retransmission:43950
1773458988523457,43997,1059,0,VideoPacket
1773458988523580,43998,1059,0,VideoPacket
1773458988523679,43999,1059,0,VideoPacket
1773458988598358,44000,291,0,VideoPacket
1773458988598483,44001,291,0,VideoPacket
1773458988598580,44002,291,0,VideoPacket
1773458988598660,44003,291,0,VideoPacket
1773458988598739,44004,291,0,VideoPacket
1773458988598820,44005,291,0,VideoPacket
1773458988598910,44006,291,0,VideoPacket
1773458988598996,44007,291,0,VideoPacket
1773458988599083,44008,291,0,VideoPacket
1773458988599172,44009,291,0,VideoPacket
1773458988599271,44010,291,0,VideoPacket
1773458988599372,44011,291,0,VideoPacket
1773458988599459,44012,291,0,VideoPacket
1773458988620206,44013,291,0,VideoPacket
1773458988620314,44014,291,0,VideoPacket
1773458988620407,44015,291,0,VideoPacket
1773458988620504,44016,291,0,VideoPacket
1773458988620610,44017,291,0,VideoPacket
1773458988620709,44018,291,0,VideoPacket
1773458988620802,44019,291,0,VideoPacket
1773458988620898,44020,291,0,VideoPacket
1773458988620992,44021,291,0,VideoPacket
1773458988621090,44022,291,0,VideoPacket
1773458988701149,17729,293,0,Retransmission:43989
1773458988701251,44023,291,0,VideoPacket
1773458988701355,44024,291,0,VideoPacket
1773458988701452,44025,291,0,VideoPacket
1773458988701537,44026,1059,0,VideoPacket
1773458988701635,44027,1059,0,VideoPacket
1773458988701720,44028,1059,0,VideoPacket
1773458988745741,44029,291,0,VideoPacket
1773458988745857,44030,291,0,VideoPacket
1773458988745962,44031,291,0,VideoPacket
1773458988746064,44032,291,0,VideoPacket
1773458988746165,44033,291,0,VideoPacket
1773458988746266,44034,291,0,VideoPacket
1773458988746368,44035,291,0,VideoPacket
1773458988746468,44036,291,0,VideoPacket
1773458988746580,44037,291,0,VideoPacket
1773458988746683,44038,291,0,VideoPacket
1773458988746783,44039,291,0,VideoPacket
1773458988746884,44040,291,0,VideoPacket
1773458988746986,44041,291,0,VideoPacket
1773458988747086,44042,291,0,VideoPacket
1773458988781611,44043,1315,0,VideoPacket
1773458988781720,44044,1315,0,VideoPacket
1773458988781813,44045,1315,0,VideoPacket
1773458988834607,17730,293,0,Retransmission:43950
1773458988834731,44046,1059,0,VideoPacket
1773458988834824,44047,1059,0,VideoPacket
1773458988834912,44048,1059,0,VideoPacket
1773458988875291,44049,1315,0,VideoPacket
1773458988875399,44050,1315,0,VideoPacket
1773458988875499,44051,1315,0,VideoPacket
1773458988902346,17731,293,0,Retransmission:44021
1773458988902454,17732,293,0,Retransmission:43915
1773458988902617,44052,291,0,VideoPacket
1773458988902713,44053,291,0,VideoPacket
1773458988902798,44054,291,0,VideoPacket
1773458988902897,44055,291,0,VideoPacket
1773458988902989,44056,291,0,VideoPacket
1773458988903098,44057,291,0,VideoPacket
1773458988903200,44058,291,0,VideoPacket
1773458988903294,44059,291,0,VideoPacket
1773458988903377,44060,291,0,VideoPacket
1773458988903456,44061,291,0,VideoPacket
1773458988903535,44062,291,0,VideoPacket
1773458988970583,44063,291,0,VideoPacket
1773458988970700,44064,291,0,VideoPacket
1773458988970801,44065,291,0,VideoPacket
1773458988970959,44066,291,0,VideoPacket
1773458988971056,44067,291,0,VideoPacket
1773458988971147,44068,291,0,VideoPacket
1773458988971245,44069,291,0,VideoPacket
1773458988971345,44070,291,0,VideoPacket
1773458988971439,44071,291,0,VideoPacket
1773458988971535,44072,291,0,VideoPacket
1773458988971636,44073,291,0,VideoPacket
1773458988971734,44074,291,0,VideoPacket
1773458988971825,44075,291,0,VideoPacket
1773458988971922,44076,291,0,VideoPacket
1773458988972013,44077,291,0,VideoPacket
1773458988972120,44078,291,0,VideoPacket
1773458988977978,44079,1315,0,VideoPacket
1773458988978082,44080,1315,0,VideoPacket
1773458989046334,44081,1315,0,VideoPacket
1773458989046458,44082,291,0,VideoPacket
1773458989046570,44083,291,0,VideoPacket
1773458989046670,44084,291,0,VideoPacket
1773458989046772,44085,291,0,VideoPacket
1773458989046869,44086,291,0,VideoPacket
1773458989046969,44087,291,0,VideoPacket
1773458989047068,44088,291,0,VideoPacket
1773458989047169,44089,291,0,VideoPacket
1773458989047267,44090,291,0,VideoPacket
1773458989047368,44091,291,0,VideoPacket
1773458989047467,44092,291,0,VideoPacket
1773458989102965,44093,291,0,VideoPacket
1773458989103080,44094,291,0,VideoPacket
1773458989103182,44095,291,0,VideoPacket
1773458989103278,44096,291,0,VideoPacket
1773458989103374,44097,291,0,VideoPacket
1773458989103470,44098,291,0,VideoPacket
1773458989103577,44099,291,0,VideoPacket
1773458989103682,44100,291,0,VideoPacket
1773458989103786,44101,291,0,VideoPacket
1773458989103919,44102,291,0,VideoPacket
1773458989104016,44103,291,0,VideoPacket
1773458989104133,44104,291,0,VideoPacket
1773458989104232,44105,291,0,VideoPacket
1773458989104331,44106,291,0,VideoPacket
1773458989104425,44107,291,0,VideoPacket
1773458989158371,44108,291,0,VideoPacket
1773458989158486,44109,291,0,VideoPacket
1773458989158601,44110,291,0,VideoPacket
1773458989158701,44111,291,0,VideoPacket
1773458989158800,44112,291,0,VideoPacket
1773458989158899,44113,291,0,VideoPacket
1773458989159000,44114,291,0,VideoPacket
1773458989159099,44115,291,0,VideoPacket
1773458989159200,44116,291,0,VideoPacket
1773458989159297,44117,291,0,VideoPacket
1773458989159390,44118,291,0,VideoPacket
1773458989159485,44119,291,0,VideoPacket
1773458989159600,44120,291,0,VideoPacket
1773458989159699,44121,291,0,VideoPacket
1773458989159800,44122,291,0,VideoPacket
1773458989159899,44123,291,0,VideoPacket
1773458989160001,44124,291,0,VideoPacket
1773458989160109,44125,291,0,VideoPacket
1773458989160210,44126,291,0,VideoPacket
1773458989160398,44127,291,0,VideoPacket
1773458989160491,44128,291,0,VideoPacket
1773458989160593,44129,291,0,VideoPacket
1773458989160689,44130,291,0,VideoPacket
1773458989160778,44131,291,0,VideoPacket
1773458989160873,44132,291,0,VideoPacket
1773458989160972,44133,291,0,VideoPacket
1773458989161066,44134,291,0,VideoPacket
1773458989161161,44135,291,0,VideoPacket
1773458989161256,44136,291,0,VideoPacket
1773458989161354,44137,291,0,VideoPacket
1773458989161454,44138,291,0,VideoPacket
1773458989161555,44139,291,0,VideoPacket
1773458989161664,44140,291,0,VideoPacket
1773458989161763,44141,291,0,VideoPacket
1773458989220141,44142,291,0,VideoPacket
1773458989220670,44143,547,0,VideoPacket
1773458989220767,44144,547,0,VideoPacket
1773458989220855,44145,547,0,VideoPacket
1773458989220958,44146,547,0,VideoPacket
1773458989221068,44147,547,0,VideoPacket
1773458989221170,44148,547,0,VideoPacket
1773458989221271,44149,547,0,VideoPacket
1773458989221370,44150,547,0,VideoPacket
1773458989242936,17733,293,0,Retransmission:44066
1773458989243111,44151,1315,0,VideoPacket
1773458989243211,44152,1315,0,VideoPacket
1773458989243308,44153,1315,0,VideoPacket
1773458989266124,44154,547,1,VideoPacket
1773458989266236,44155,547,1,VideoPacket
1773458989266346,44156,547,1,VideoPacket
1773458989308580,44157,547,1,VideoPacket
1773458989308695,44158,547,1,VideoPacket
1773458989308803,44159,547,1,VideoPacket
1773458989308906,44160,547,1,VideoPacket
1773458989309008,44161,547,1,VideoPacket
1773458989309109,44162,547,1,VideoPacket
1773458989309204,44163,547,1,VideoPacket
1773458989309303,44164,547,1,VideoPacket
1773458989309401,44165,547,1,VideoPacket
1773458989350687,44166,547,1,VideoPacket
1773458989350817,44167,547,1,VideoPacket
1773458989350917,44168,547,1,VideoPacket
1773458989351017,44169,547,1,VideoPacket
1773458989351119,44170,547,1,VideoPacket
1773458989351218,44171,547,1,VideoPacket
1773458989351319,44172,547,1,VideoPacket
1773458989351419,44173,547,1,VideoPacket
1773458989351524,44174,547,1,VideoPacket
1773458989405915,44175,547,1,VideoPacket
1773458989406041,44176,547,1,VideoPacket
1773458989406138,44177,547,1,VideoPacket
1773458989406228,44178,547,1,VideoPacket
1773458989406317,44179,547,1,VideoPacket
1773458989406406,44180,547,1,VideoPacket
1773458989406496,44181,547,1,VideoPacket
1773458989406599,44182,291,0,VideoPacket
1773458989406697,44183,291,0,VideoPacket
1773458989406789,44184,291,0,VideoPacket
1773458989432502,17734,549,0,Retransmission:44144
1773458989432623,17735,549,0,Retransmission:44146
1773458989432705,17736,293,0,Retransmission:44086
1773458989432787,44185,291,0,VideoPacket
1773458989432877,44186,291,0,VideoPacket
1773458989432974,44187,291,0,VideoPacket
1773458989433067,44188,291,0,VideoPacket
1773458989433165,44189,291,0,VideoPacket
1773458989433253,44190,291,0,VideoPacket
1773458989433335,44191,291,0,VideoPacket
1773458989433416,44192,291,0,VideoPacket
1773458989433496,44193,291,0,VideoPacket
1773458989433589,44194,291,0,VideoPacket
1773458989433672,44195,291,0,VideoPacket
1773458989533511,44196,291,0,VideoPacket
1773458989533632,44197,291,0,VideoPacket
1773458989533732,44198,291,0,VideoPacket
1773458989533827,44199,291,0,VideoPacket
1773458989533928,44200,291,0,VideoPacket
1773458989534029,44201,291,0,VideoPacket
1773458989534133,44202,291,0,VideoPacket
1773458989534235,44203,291,0,VideoPacket
1773458989534329,44204,291,0,VideoPacket
1773458989534413,44205,291,0,VideoPacket
1773458989534492,44206,291,0,VideoPacket
1773458989534590,44207,291,0,VideoPacket
1773458989534675,44208,291,0,VideoPacket
1773458989534765,44209,291,0,VideoPacket
1773458989534859,44210,291,0,VideoPacket
1773458989534952,44211,291,0,VideoPacket
1773458989535042,44212,291,0,VideoPacket
1773458989535138,44213,291,0,VideoPacket
1773458989535231,44214,291,0,VideoPacket
1773458989535330,44215,291,0,VideoPacket
1773458989535429,44216,291,0,VideoPacket
1773458989535524,44217,291,0,VideoPacket
1773458989535631,44218,291,0,VideoPacket
1773458989535734,44219,291,0,VideoPacket
1773458989535834,44220,291,0,VideoPacket
1773458989535930,44221,291,0,VideoPacket
1773458989536029,44222,291,0,VideoPacket
1773458989536143,44223,291,0,VideoPacket
1773458989536240,44224,291,0,VideoPacket
1773458989536337,44225,291,0,VideoPacket
1773458989555764,44226,291,0,VideoPacket
1773458989555871,44227,291,0,VideoPacket
1773458989555960,44228,291,0,VideoPacket
1773458989556070,44229,291,0,VideoPacket
1773458989556167,44230,291,0,VideoPacket
1773458989556265,44231,291,0,VideoPacket
1773458989556365,44232,291,0,VideoPacket
1773458989556460,44233,291,0,VideoPacket
1773458989556570,44234,291,0,VideoPacket
1773458989556667,44235,291,0,VideoPacket
1773458989556764,44236,291,0,VideoPacket
1773458989556856,44237,291,0,VideoPacket
1773458989556955,44238,291,0,VideoPacket
1773458989557046,44239,291,0,VideoPacket
1773458989557144,44240,291,0,VideoPacket
1773458989599403,17737,549,0,Retransmission:44166
1773458989599505,44241,291,0,VideoPacket
1773458989599613,44242,291,0,VideoPacket
1773458989599715,44243,291,0,VideoPacket
1773458989599809,44244,291,0,VideoPacket
1773458989599913,44245,291,0,VideoPacket
1773458989599995,44246,291,0,VideoPacket
1773458989600093,44247,291,0,VideoPacket
1773458989600182,44248,291,0,VideoPacket
1773458989600267,44249,291,0,VideoPacket
1773458989600365,44250,291,0,VideoPacket
1773458989600459,44251,291,0,VideoPacket
1773458989600548,44252,291,0,VideoPacket
1773458989600650,44253,291,0,VideoPacket
1773458989600730,44254,291,0,VideoPacket
1773458989637762,44255,291,0,VideoPacket
1773458989637890,44256,291,0,VideoPacket
1773458989637988,44257,291,0,VideoPacket
1773458989638083,44258,291,0,VideoPacket
1773458989638180,44259,291,0,VideoPacket
1773458989638275,44260,291,0,VideoPacket
1773458989638376,44261,547,0,VideoPacket
1773458989638470,44262,547,0,VideoPacket
1773458989638581,44263,547,0,VideoPacket
1773458989638683,44264,547,0,VideoPacket
1773458989638783,44265,547,0,VideoPacket
1773458989638875,44266,291,0,VideoPacket
1773458989688088,44267,291,0,VideoPacket
1773458989688197,44268,291,0,VideoPacket
1773458989688296,44269,291,0,VideoPacket
1773458989688392,44270,291,0,VideoPacket
1773458989688490,44271,291,0,VideoPacket
1773458989688598,44272,291,0,VideoPacket
1773458989688697,44273,291,0,VideoPacket
1773458989688796,44274,291,0,VideoPacket
1773458989688890,44275,291,0,VideoPacket
1773458989688985,44276,291,0,VideoPacket
1773458989689079,44277,291,0,VideoPacket
1773458989689175,44278,291,0,VideoPacket
1773458989689269,44279,291,0,VideoPacket
1773458989689365,44280,291,0,VideoPacket
1773458989689458,44281,291,0,VideoPacket
1773458989746768,44282,291,0,VideoPacket
1773458989746885,44283,291,0,VideoPacket
1773458989746985,44284,291,0,VideoPacket
1773458989747086,44285,291,0,VideoPacket
1773458989747178,44286,291,0,VideoPacket
1773458989747275,44287,291,0,VideoPacket
1773458989747369,44288,291,0,VideoPacket
1773458989747469,44289,291,0,VideoPacket
1773458989747570,44290,291,0,VideoPacket
1773458989747670,44291,291,0,VideoPacket
1773458989747762,44292,291,0,VideoPacket
1773458989747866,44293,291,0,VideoPacket
1773458989747959,44294,291,0,VideoPacket
1773458989748070,44295,291,0,VideoPacket
1773458989748172,44296,291,0,VideoPacket
1773458989748274,44297,291,0,VideoPacket
1773458989784272,44298,291,0,VideoPacket
1773458989784381,44299,291,0,VideoPacket
1773458989784479,44300,291,0,VideoPacket
1773458989784570,44301,291,0,VideoPacket
1773458989784657,44302,291,0,VideoPacket
1773458989784742,44303,291,0,VideoPacket
1773458989784828,44304,291,0,VideoPacket
1773458989784918,44305,291,0,VideoPacket
1773458989785014,44306,291,0,VideoPacket
1773458989785116,44307,291,0,VideoPacket
1773458989785208,44308,291,0,VideoPacket
1773458989785306,44309,291,0,VideoPacket
1773458989785401,44310,291,0,VideoPacket
1773458989785499,44311,291,0,VideoPacket
1773458989785604,44312,291,0,VideoPacket
1773458989785704,44313,291,0,VideoPacket
1773458989858572,44314,291,0,VideoPacket
1773458989858686,44315,291,0,VideoPacket
1773458989858789,44316,291,0,VideoPacket
1773458989858883,44317,291,0,VideoPacket
1773458989858983,44318,291,0,VideoPacket
1773458989859075,44319,291,0,VideoPacket
1773458989859173,44320,291,0,VideoPacket
1773458989859266,44321,291,0,VideoPacket
1773458989859364,44322,291,0,VideoPacket
1773458989859464,44323,291,0,VideoPacket
1773458989859566,44324,291,0,VideoPacket
1773458989859667,44325,291,0,VideoPacket
1773458989859761,44326,291,0,VideoPacket
1773458989859857,44327,291,0,VideoPacket
1773458989859950,44328,291,0,VideoPacket
1773458989860064,44329,291,0,VideoPacket
1773458989860166,44330,291,0,VideoPacket
1773458989860263,44331,291,0,VideoPacket
1773458989860356,44332,291,0,VideoPacket
1773458989860453,44333,291,0,VideoPacket
1773458989860545,44334,291,0,VideoPacket
1773458989860654,44335,291,0,VideoPacket
1773458989860747,44336,291,0,VideoPacket
1773458989860844,44337,291,0,VideoPacket
1773458989860943,44338,291,0,VideoPacket
1773458989861041,44339,291,0,VideoPacket
1773458989861132,44340,291,0,VideoPacket
1773458989861222,44341,291,0,VideoPacket
1773458989861312,44342,291,0,VideoPacket
1773458989861403,44343,291,0,VideoPacket
1773458989861504,44344,291,0,VideoPacket
1773458989887136,17738,293,0,Retransmission:44207
1773458989887238,44345,291,0,VideoPacket
1773458989887329,44346,291,0,VideoPacket
1773458989887426,44347,291,0,VideoPacket
1773458989887530,44348,291,0,VideoPacket
1773458989887634,44349,291,0,VideoPacket
1773458989887718,44350,291,0,VideoPacket
1773458989887797,44351,291,0,VideoPacket
1773458989887877,44352,291,0,VideoPacket
1773458989887958,44353,291,0,VideoPacket
1773458989888036,44354,291,0,VideoPacket
1773458989888131,44355,291,0,VideoPacket
1773458989888211,44356,291,0,VideoPacket
1773458989888290,44357,291,0,VideoPacket
1773458989888369,44358,291,0,VideoPacket
1773458989888447,44359,291,0,VideoPacket
1773458989942693,17739,293,0,Retransmission:44244
1773458989942792,17740,549,0,Retransmission:44261
1773458989942883,44360,291,0,VideoPacket
1773458989942981,44361,291,0,VideoPacket
1773458989943078,44362,291,0,VideoPacket
1773458989943178,44363,291,0,VideoPacket
1773458989943278,44364,291,0,VideoPacket
1773458989943377,44365,291,0,VideoPacket
1773458989943478,44366,291,0,VideoPacket
1773458989943593,44367,291,0,VideoPacket
1773458989943694,44368,291,0,VideoPacket
1773458989943792,44369,291,0,VideoPacket
1773458989943893,44370,291,0,VideoPacket
1773458989943993,44371,291,0,VideoPacket
1773458989944105,44372,291,0,VideoPacket
1773458989977013,17741,293,0,Retransmission:44283
1773458989977113,44373,291,0,VideoPacket
1773458989977219,44374,291,0,VideoPacket
1773458989977315,44375,291,0,VideoPacket
1773458989977410,44376,1059,0,VideoPacket
1773458989977510,44377,1059,0,VideoPacket
1773458989977618,44378,1059,0,VideoPacket
1773458989977720,44379,291,0,VideoPacket
1773458989977817,44380,291,0,VideoPacket
1773458990013810,17742,293,0,Retransmission:44294
1773458990013913,44381,291,0,VideoPacket
1773458990014003,44382,291,0,VideoPacket
1773458990014096,44383,291,0,VideoPacket
1773458990014188,44384,291,0,VideoPacket
1773458990014288,44385,291,0,VideoPacket
1773458990014384,44386,291,0,VideoPacket
1773458990014479,44387,291,0,VideoPacket
1773458990014598,44388,291,0,VideoPacket
1773458990014699,44389,291,0,VideoPacket
1773458990014799,44390,291,0,VideoPacket
1773458990014896,44391,291,0,VideoPacket
1773458990014999,44392,1059,0,VideoPacket
1773458990054307,17743,293,0,Retransmission:44329
1773458990054409,44393,1059,0,VideoPacket
1773458990054502,44394,1059,0,VideoPacket
1773458990054610,44395,291,0,VideoPacket
1773458990054702,44396,291,0,VideoPacket
1773458990054800,44397,291,0,VideoPacket
1773458990054892,44398,291,0,VideoPacket
1773458990054990,44399,291,0,VideoPacket
1773458990055080,44400,291,0,VideoPacket
1773458990055179,44401,291,0,VideoPacket
1773458990055272,44402,291,0,VideoPacket
1773458990095521,44403,291,0,VideoPacket
1773458990095639,44404,291,0,VideoPacket
1773458990095789,44405,291,0,VideoPacket
1773458990095939,44406,291,0,VideoPacket
1773458990096106,44407,291,0,VideoPacket
1773458990096206,44408,1059,0,VideoPacket
1773458990096307,44409,1059,0,VideoPacket
1773458990096409,44410,1059,0,VideoPacket
1773458990096605,44411,1059,0,VideoPacket
1773458990197315,17744,293,0,Retransmission:44343
1773458990197419,17745,293,0,Retransmission:44346
1773458990197508,17746,293,0,Retransmission:44352
1773458990197606,44412,1059,0,VideoPacket
1773458990197727,44413,1059,0,VideoPacket
1773458990197823,44414,291,0,VideoPacket
1773458990197915,44415,291,0,VideoPacket
1773458990198014,44416,291,0,VideoPacket
1773458990198106,44417,291,0,VideoPacket
1773458990198203,44418,291,0,VideoPacket
1773458990198296,44419,291,0,VideoPacket
1773458990198390,44420,291,0,VideoPacket
1773458990198487,44421,291,0,VideoPacket
1773458990198601,44422,291,0,VideoPacket
1773458990198694,44423,291,0,VideoPacket
1773458990198792,44424,291,0,VideoPacket
1773458990198885,44425,291,0,VideoPacket
1773458990198982,44426,291,0,VideoPacket
1773458990199553,44427,1059,0,VideoPacket
1773458990199664,44428,1059,0,VideoPacket
1773458990199769,44429,1059,0,VideoPacket
1773458990327927,44430,291,0,VideoPacket
1773458990328055,44431,291,0,VideoPacket
1773458990328157,44432,291,0,VideoPacket
1773458990328251,44433,291,0,VideoPacket
1773458990328344,44434,291,0,VideoPacket
1773458990328444,44435,291,0,VideoPacket
1773458990328535,44436,291,0,VideoPacket
1773458990328642,44437,291,0,VideoPacket
1773458990328736,44438,291,0,VideoPacket
1773458990328843,44439,291,0,VideoPacket
1773458990328934,44440,291,0,VideoPacket
1773458990329033,44441,291,0,VideoPacket
1773458990329125,44442,291,0,VideoPacket
1773458990329285,17747,549,0,Retransmission:44261
1773458990329575,17748,293,0,Retransmission:44362
1773458990630486,44443,291,0,VideoPacket
1773458990630647,44444,291,0,VideoPacket
1773458990630748,44445,291,0,VideoPacket
1773458990630854,44446,291,0,VideoPacket
1773458990630951,44447,291,0,VideoPacket
1773458990631050,44448,291,0,VideoPacket
1773458990631153,44449,291,0,VideoPacket
1773458990631251,44450,291,0,VideoPacket
1773458990631357,44451,291,0,VideoPacket
1773458990631452,44452,291,0,VideoPacket
1773458990631545,44453,291,0,VideoPacket
1773458990684519,44454,291,0,VideoPacket
1773458990684635,44455,291,0,VideoPacket
1773458990684735,44456,291,0,VideoPacket
1773458990684827,44457,291,0,VideoPacket
1773458990684927,44458,291,0,VideoPacket
1773458990685025,44459,291,0,VideoPacket
1773458990685110,44460,291,0,VideoPacket
1773458990685188,44461,291,0,VideoPacket
1773458990685270,44462,291,0,VideoPacket
1773458990685357,44463,291,0,VideoPacket
1773458990685447,44464,291,0,VideoPacket
1773458990685538,44465,291,0,VideoPacket
1773458990685650,44466,291,0,VideoPacket
1773458990841616,44467,291,0,VideoPacket
1773458990841742,44468,291,0,VideoPacket
1773458990841840,44469,291,0,VideoPacket
1773458990841935,44470,291,0,VideoPacket
1773458990842035,44471,291,0,VideoPacket
1773458990842132,44472,291,0,VideoPacket
1773458990842223,44473,291,0,VideoPacket
1773458990842319,44474,291,0,VideoPacket
1773458990842411,44475,291,0,VideoPacket
1773458990842510,44476,291,0,VideoPacket
1773458990842611,44477,291,0,VideoPacket
1773458990842710,44478,291,0,VideoPacket
1773458990842809,44479,291,0,VideoPacket
1773458990842911,44480,291,0,VideoPacket
1773458990843212,17749,293,0,Retransmission:44383
1773458990883287,44481,291,0,VideoPacket
1773458990883402,44482,291,0,VideoPacket
1773458990883502,44483,291,0,VideoPacket
1773458990883605,44484,291,0,VideoPacket
1773458990883706,44485,291,0,VideoPacket
1773458990883806,44486,291,0,VideoPacket
1773458990883909,44487,291,0,VideoPacket
1773458990884009,44488,291,0,VideoPacket
1773458990884128,44489,291,0,VideoPacket
1773458990884225,44490,291,0,VideoPacket
1773458990884319,44491,291,0,VideoPacket
1773458990884416,44492,291,0,VideoPacket
1773458990884514,44493,291,0,VideoPacket
1773458990886207,44494,291,0,VideoPacket
1773458990886310,44495,291,0,VideoPacket
1773458990886400,44496,291,0,VideoPacket
1773458990886495,44497,291,0,VideoPacket
1773458990956302,44498,291,0,VideoPacket
1773458990956423,44499,291,0,VideoPacket
1773458990956520,44500,291,0,VideoPacket
1773458990956624,44501,291,0,VideoPacket
1773458990956723,44502,291,0,VideoPacket
1773458990956822,44503,291,0,VideoPacket
1773458990956916,44504,291,0,VideoPacket
1773458990957013,44505,291,0,VideoPacket
1773458990957105,44506,291,0,VideoPacket
1773458990957201,44507,1315,0,VideoPacket
1773458990957293,44508,1315,0,VideoPacket
1773458990999074,44509,1315,0,VideoPacket
1773458990999183,44510,291,0,VideoPacket
1773458990999278,44511,291,0,VideoPacket
1773458990999375,44512,291,0,VideoPacket
1773458990999471,44513,291,0,VideoPacket
1773458990999576,44514,291,0,VideoPacket
1773458990999681,44515,291,0,VideoPacket
1773458990999787,44516,291,0,VideoPacket
1773458990999885,44517,291,0,VideoPacket
1773458990999979,44518,291,0,VideoPacket
1773458991000088,44519,291,0,VideoPacket
1773458991000188,44520,291,0,VideoPacket
1773458991000289,44521,291,0,VideoPacket
1773458991015146,44522,291,0,VideoPacket
1773458991015257,44523,291,0,VideoPacket
1773458991015359,44524,291,0,VideoPacket
1773458991015456,44525,291,0,VideoPacket
1773458991015569,44526,291,0,VideoPacket
1773458991015668,44527,291,0,VideoPacket
1773458991015768,44528,291,0,VideoPacket
1773458991015866,44529,291,0,VideoPacket
1773458991015968,44530,291,0,VideoPacket
1773458991016075,44531,291,0,VideoPacket
1773458991016177,44532,291,0,VideoPacket
1773458991016272,44533,291,0,VideoPacket
1773458991016367,44534,291,0,VideoPacket
1773458991016471,44535,291,0,VideoPacket
1773458991016582,44536,291,0,VideoPacket
1773458991016663,44537,291,0,VideoPacket
1773458991057636,17750,293,0,Retransmission:44329
1773458991057736,17751,293,0,Retransmission:44400
1773458991057827,44538,291,0,VideoPacket
1773458991057931,44539,291,0,VideoPacket
1773458991058030,44540,291,0,VideoPacket
1773458991058131,44541,291,0,VideoPacket
1773458991058231,44542,291,0,VideoPacket
1773458991058331,44543,291,0,VideoPacket
1773458991058431,44544,291,0,VideoPacket
1773458991058532,44545,291,0,VideoPacket
1773458991058642,44546,291,0,VideoPacket
1773458991058742,44547,291,0,VideoPacket
1773458991058842,44548,291,0,VideoPacket
1773458991058941,44549,291,0,VideoPacket
1773458991059042,44550,1059,0,VideoPacket
1773458991110099,17752,293,0,Retransmission:44343
1773458991110198,17753,293,0,Retransmission:44346
1773458991110292,44551,1059,0,VideoPacket
1773458991110506,44552,1059,0,VideoPacket
1773458991110613,44553,291,0,VideoPacket
1773458991110717,44554,291,0,VideoPacket
1773458991110799,44555,291,0,VideoPacket
1773458991110881,44556,291,0,VideoPacket
1773458991110966,44557,291,0,VideoPacket
1773458991111050,44558,291,0,VideoPacket
1773458991111135,44559,291,0,VideoPacket
1773458991143337,17754,293,0,Retransmission:44352
1773458991143433,17755,293,0,Retransmission:44362
1773458991143514,17756,293,0,Retransmission:44426
1773458991143608,17757,293,0,Retransmission:44431
1773458991143695,44560,291,0,VideoPacket
1773458991143786,44561,291,0,VideoPacket
1773458991143882,44562,291,0,VideoPacket
1773458991143980,44563,291,0,VideoPacket
1773458991144094,44564,291,0,VideoPacket
1773458991144180,44565,291,0,VideoPacket
1773458991144261,44566,291,0,VideoPacket
1773458991144340,44567,291,0,VideoPacket
1773458991144421,44568,291,0,VideoPacket
1773458991144504,44569,291,0,VideoPacket
1773458991144607,44570,291,0,VideoPacket
1773458991144695,44571,291,0,VideoPacket
1773458991193508,44572,291,0,VideoPacket
1773458991193631,44573,291,0,VideoPacket
1773458991193732,44574,291,0,VideoPacket
1773458991193831,44575,291,0,VideoPacket
1773458991193931,44576,291,0,VideoPacket
1773458991194031,44577,291,0,VideoPacket
1773458991194132,44578,291,0,VideoPacket
1773458991194232,44579,1059,0,VideoPacket
1773458991194332,44580,1059,0,VideoPacket
1773458991194413,44581,1059,0,VideoPacket
1773458991228777,17758,293,0,Retransmission:44383
1773458991228877,17759,293,0,Retransmission:44446
1773458991228957,17760,293,0,Retransmission:44466
1773458991229033,17761,293,0,Retransmission:44496
1773458991229118,17762,293,0,Retransmission:44499
1773458991229195,17763,293,0,Retransmission:44521
1773458991229273,17764,293,0,Retransmission:44543
1773458991229357,44582,291,0,VideoPacket
1773458991229460,44583,291,0,VideoPacket
1773458991229554,44584,291,0,VideoPacket
1773458991229664,44585,291,0,VideoPacket
1773458991229760,44586,291,0,VideoPacket
1773458991229851,44587,291,0,VideoPacket
1773458991229940,44588,291,0,VideoPacket
1773458991230034,44589,291,0,VideoPacket
1773458991230124,44590,291,0,VideoPacket
1773458991272478,44591,291,0,VideoPacket
1773458991272594,44592,291,0,VideoPacket
1773458991272687,44593,291,0,VideoPacket
1773458991272821,44594,291,0,VideoPacket
1773458991272914,44595,547,0,VideoPacket
1773458991273007,44596,547,0,VideoPacket
1773458991273103,44597,547,0,VideoPacket
1773458991273197,44598,547,0,VideoPacket
1773458991273296,44599,547,0,VideoPacket
1773458991273389,44600,547,0,VideoPacket
1773458991273488,44601,547,0,VideoPacket
1773458991314247,44602,291,0,VideoPacket
1773458991314384,44603,291,0,VideoPacket
1773458991314487,44604,291,0,VideoPacket
1773458991314629,44605,291,0,VideoPacket
1773458991314728,44606,291,0,VideoPacket
1773458991314832,44607,291,0,VideoPacket
1773458991314937,44608,291,0,VideoPacket
1773458991315035,44609,291,0,VideoPacket
1773458991315134,44610,291,0,VideoPacket
1773458991315230,44611,291,0,VideoPacket
1773458991315327,44612,291,0,VideoPacket
1773458991315425,44613,291,0,VideoPacket
1773458991315522,44614,291,0,VideoPacket
1773458991315629,44615,291,0,VideoPacket
1773458991315736,44616,291,0,VideoPacket
1773458991315835,44617,291,0,VideoPacket
1773458991356880,44618,291,0,VideoPacket
1773458991357007,44619,291,0,VideoPacket
1773458991357107,44620,291,0,VideoPacket
1773458991357203,44621,291,0,VideoPacket
1773458991357309,44622,291,0,VideoPacket
1773458991357407,44623,291,0,VideoPacket
1773458991357503,44624,291,0,VideoPacket
1773458991357612,44625,291,0,VideoPacket
1773458991357707,44626,291,0,VideoPacket
1773458991357802,44627,291,0,VideoPacket
1773458991357885,44628,291,0,VideoPacket
1773458991357967,44629,291,0,VideoPacket
1773458991358052,44630,291,0,VideoPacket
1773458991358135,44631,1315,0,VideoPacket
1773458991401212,17765,293,0,Retransmission:44571
1773458991401317,44632,1315,0,VideoPacket
1773458991401415,44633,1315,0,VideoPacket
1773458991401517,44634,291,0,VideoPacket
1773458991401623,44635,291,0,VideoPacket
1773458991401729,44636,291,0,VideoPacket
1773458991401865,44637,291,0,VideoPacket
1773458991401958,44638,291,0,VideoPacket
1773458991402044,44639,291,0,VideoPacket
1773458991402129,44640,291,0,VideoPacket
1773458991442492,44641,291,0,VideoPacket
1773458991442608,44642,291,0,VideoPacket
1773458991442709,44643,291,0,VideoPacket
1773458991442808,44644,291,0,VideoPacket
1773458991442904,44645,291,0,VideoPacket
1773458991443001,44646,291,0,VideoPacket
1773458991443109,44647,291,0,VideoPacket
1773458991443271,44648,291,0,VideoPacket
1773458991443365,44649,291,0,VideoPacket
1773458991443458,44650,803,0,VideoPacket
1773458991443565,44651,803,0,VideoPacket
1773458991443664,44652,803,0,VideoPacket
1773458991485494,17766,293,0,Retransmission:44603
1773458991485605,17767,293,0,Retransmission:44606
1773458991485688,17768,293,0,Retransmission:44612
1773458991485764,44653,803,0,VideoPacket
1773458991485851,44654,803,0,VideoPacket
1773458991485946,44655,1315,0,VideoPacket
1773458991486039,44656,1315,0,VideoPacket
1773458991542840,44657,1315,0,VideoPacket
1773458991542949,44658,291,0,VideoPacket
1773458991543048,44659,291,0,VideoPacket
1773458991543148,44660,291,0,VideoPacket
1773458991543244,44661,291,0,VideoPacket
1773458991543341,44662,291,0,VideoPacket
1773458991543475,44663,291,0,VideoPacket
1773458991543577,44664,291,0,VideoPacket
1773458991543675,44665,291,0,VideoPacket
1773458991543767,44666,291,0,VideoPacket
1773458991543866,44667,291,0,VideoPacket
1773458991543962,44668,291,0,VideoPacket
1773458991544071,44669,291,0,VideoPacket
1773458991568468,44670,291,0,VideoPacket
1773458991568585,44671,291,0,VideoPacket
1773458991568677,44672,291,0,VideoPacket
1773458991568787,44673,291,0,VideoPacket
1773458991568912,44674,291,0,VideoPacket
1773458991569017,44675,291,0,VideoPacket
1773458991569127,44676,291,0,VideoPacket
1773458991569221,44677,291,0,VideoPacket
1773458991569362,44678,291,0,VideoPacket
1773458991569456,44679,291,0,VideoPacket
1773458991569614,44680,291,0,VideoPacket
1773458991569764,44681,291,0,VideoPacket
1773458991569860,44682,291,0,VideoPacket
1773458991569959,44683,291,0,VideoPacket
1773458991570053,44684,291,0,VideoPacket
1773458991570151,44685,291,0,VideoPacket
1773458991610133,17769,1317,0,Retransmission:44633
1773458991610231,17770,293,0,Retransmission:44644
1773458991610318,17771,293,0,Retransmission:44646
1773458991610402,44686,291,0,VideoPacket
1773458991610495,44687,291,0,VideoPacket
1773458991610602,44688,291,0,VideoPacket
1773458991610706,44689,291,0,VideoPacket
1773458991610788,44690,291,0,VideoPacket
1773458991610868,44691,291,0,VideoPacket
1773458991610952,44692,291,0,VideoPacket
1773458991611035,44693,291,0,VideoPacket
1773458991611119,44694,291,0,VideoPacket
1773458991611210,44695,291,0,VideoPacket
1773458991651659,44696,291,0,VideoPacket
1773458991651775,44697,291,0,VideoPacket
1773458991651874,44698,291,0,VideoPacket
1773458991651967,44699,291,0,VideoPacket
1773458991652077,44700,291,0,VideoPacket
1773458991652175,44701,291,0,VideoPacket
1773458991652272,44702,291,0,VideoPacket
1773458991652367,44703,291,0,VideoPacket
1773458991652468,44704,291,0,VideoPacket
1773458991652577,44705,547,0,VideoPacket
1773458991652662,44706,547,0,VideoPacket
1773458991652744,44707,547,0,VideoPacket
1773458991652839,44708,547,0,VideoPacket
1773458991693905,44709,547,0,VideoPacket
1773458991694036,44710,547,0,VideoPacket
1773458991694135,44711,547,0,VideoPacket
1773458991694233,44712,547,0,VideoPacket
1773458991694330,44713,291,0,VideoPacket
1773458991694425,44714,291,0,VideoPacket
1773458991694521,44715,291,0,VideoPacket
1773458991694625,44716,291,0,VideoPacket
1773458991694723,44717,291,0,VideoPacket
1773458991694820,44718,291,0,VideoPacket
1773458991694917,44719,291,0,VideoPacket
1773458991695013,44720,291,0,VideoPacket
1773458991695108,44721,291,0,VideoPacket
1773458991738176,17772,1317,0,Retransmission:44657
1773458991738278,44722,291,0,VideoPacket
1773458991738363,44723,291,0,VideoPacket
1773458991738448,44724,291,0,VideoPacket
1773458991738532,44725,291,0,VideoPacket
1773458991738626,44726,291,0,VideoPacket
1773458991738721,44727,547,0,VideoPacket
1773458991738823,44728,547,0,VideoPacket
1773458991738905,44729,547,0,VideoPacket
1773458991738988,44730,547,0,VideoPacket
1773458991777162,17773,293,0,Retransmission:44670
1773458991777274,17774,293,0,Retransmission:44682
1773458991777360,44731,547,0,VideoPacket
1773458991777450,44732,547,0,VideoPacket
1773458991777546,44733,547,0,VideoPacket
1773458991777644,44734,547,0,VideoPacket
1773458991777724,44735,291,0,VideoPacket
1773458991777803,44736,291,0,VideoPacket
1773458991777882,44737,291,0,VideoPacket
1773458991777960,44738,291,0,VideoPacket
1773458991778046,44739,291,0,VideoPacket
1773458991778133,44740,291,0,VideoPacket
1773458991778232,44741,291,0,VideoPacket
1773458991823935,17775,293,0,Retransmission:44687
1773458991824033,17776,293,0,Retransmission:44693
1773458991824134,17777,293,0,Retransmission:44695
1773458991824225,44742,291,0,VideoPacket
1773458991824318,44743,291,0,VideoPacket
1773458991824413,44744,291,0,VideoPacket
1773458991824505,44745,291,0,VideoPacket
1773458991824611,44746,291,0,VideoPacket
1773458991824705,44747,291,0,VideoPacket
1773458991824806,44748,291,0,VideoPacket
1773458991824900,44749,291,0,VideoPacket
1773458991824995,44750,291,0,VideoPacket
1773458991825087,44751,291,0,VideoPacket
1773458991825185,44752,291,0,VideoPacket
1773458991825279,44753,291,0,VideoPacket
1773458991825378,44754,291,0,VideoPacket
1773458991866089,17778,549,0,Retransmission:44705
1773458991866188,17779,549,0,Retransmission:44712
1773458991866270,44755,291,0,VideoPacket
1773458991866369,44756,291,0,VideoPacket
1773458991866465,44757,291,0,VideoPacket
1773458991866567,44758,291,0,VideoPacket
1773458991866666,44759,291,0,VideoPacket
1773458991866768,44760,291,0,VideoPacket
1773458991866866,44761,291,0,VideoPacket
1773458991866960,44762,291,0,VideoPacket
1773458991867057,44763,291,0,VideoPacket
1773458991867152,44764,291,0,VideoPacket
1773458991867248,44765,291,0,VideoPacket
1773458991867339,44766,291,0,VideoPacket
1773458991901850,44767,291,0,VideoPacket
1773458991901963,44768,291,0,VideoPacket
1773458991902063,44769,291,0,VideoPacket
1773458991902160,44770,291,0,VideoPacket
1773458991902251,44771,291,0,VideoPacket
1773458991902347,44772,291,0,VideoPacket
1773458991902438,44773,291,0,VideoPacket
1773458991902534,44774,291,0,VideoPacket
1773458991902643,44775,291,0,VideoPacket
1773458991902742,44776,291,0,VideoPacket
1773458991902843,44777,291,0,VideoPacket
1773458991902939,44778,291,0,VideoPacket
1773458991903033,44779,291,0,VideoPacket
1773458991903130,44780,291,0,VideoPacket
1773458991903224,44781,291,0,VideoPacket
1773458991903321,44782,291,0,VideoPacket
1773458991943349,44783,291,0,VideoPacket
1773458991943457,44784,291,0,VideoPacket
1773458991943554,44785,291,0,VideoPacket
1773458991943672,44786,291,0,VideoPacket
1773458991943774,44787,291,0,VideoPacket
1773458991943875,44788,291,0,VideoPacket
1773458991943967,44789,291,0,VideoPacket
1773458991944078,44790,291,0,VideoPacket
1773458991944181,44791,291,0,VideoPacket
1773458991944266,44792,291,0,VideoPacket
1773458991944374,44793,291,0,VideoPacket
1773458991944548,44794,291,0,VideoPacket
1773458991944655,44795,547,0,VideoPacket
1773458991944755,44796,547,0,VideoPacket
1773458991984216,44797,547,0,VideoPacket
1773458991984356,44798,547,0,VideoPacket
1773458991984463,44799,547,0,VideoPacket
1773458991984628,44800,547,0,VideoPacket
1773458991984725,44801,547,0,VideoPacket
1773458991984812,44802,547,0,VideoPacket
1773458991984905,44803,291,0,VideoPacket
1773458991985000,44804,291,0,VideoPacket
1773458991985094,44805,291,0,VideoPacket
1773458991985191,44806,291,0,VideoPacket
1773458991985286,44807,291,0,VideoPacket
1773458992024312,44808,291,0,VideoPacket
1773458992024437,44809,291,0,VideoPacket
1773458992024536,44810,291,0,VideoPacket
1773458992024645,44811,291,0,VideoPacket
1773458992024736,44812,291,0,VideoPacket
1773458992024836,44813,291,0,VideoPacket
1773458992024930,44814,291,0,VideoPacket
1773458992025022,44815,291,0,VideoPacket
1773458992025117,44816,291,0,VideoPacket
1773458992025212,44817,547,0,VideoPacket
1773458992025307,44818,547,0,VideoPacket
1773458992025400,44819,547,0,VideoPacket
1773458992025497,44820,547,0,VideoPacket
1773458992066708,17780,293,0,Retransmission:44615
1773458992066807,44821,547,0,VideoPacket
1773458992066903,44822,547,0,VideoPacket
1773458992066999,44823,547,0,VideoPacket
1773458992067092,44824,547,0,VideoPacket
1773458992067191,44825,1315,0,VideoPacket
1773458992067292,44826,1315,0,VideoPacket
1773458992107884,44827,1315,0,VideoPacket
1773458992107982,44828,291,0,VideoPacket
1773458992108095,44829,291,0,VideoPacket
1773458992108189,44830,291,0,VideoPacket
1773458992108287,44831,291,0,VideoPacket
1773458992108387,44832,291,0,VideoPacket
1773458992108486,44833,291,0,VideoPacket
1773458992108595,44834,291,0,VideoPacket
1773458992108698,44835,291,0,VideoPacket
1773458992108796,44836,291,0,VideoPacket
1773458992108896,44837,291,0,VideoPacket
1773458992108998,44838,291,0,VideoPacket
1773458992109101,44839,291,0,VideoPacket
1773458992178059,17781,293,0,Retransmission:44625
1773458992178160,44840,291,0,VideoPacket
1773458992178274,44841,291,0,VideoPacket
1773458992178370,44842,291,0,VideoPacket
1773458992178463,44843,291,0,VideoPacket
1773458992178572,44844,291,0,VideoPacket
1773458992178669,44845,291,0,VideoPacket
1773458992178767,44846,291,0,VideoPacket
1773458992178866,44847,291,0,VideoPacket
1773458992178967,44848,291,0,VideoPacket
1773458992179066,44849,291,0,VideoPacket
1773458992179160,44850,291,0,VideoPacket
1773458992179254,44851,291,0,VideoPacket
1773458992179342,44852,291,0,VideoPacket
1773458992179427,44853,291,0,VideoPacket
1773458992179526,44854,291,0,VideoPacket
1773458992191521,17782,293,0,Retransmission:44784
1773458992191625,44855,291,0,VideoPacket
1773458992191717,44856,291,0,VideoPacket
1773458992191810,44857,291,0,VideoPacket
1773458992191905,44858,1315,0,VideoPacket
1773458992191999,44859,1315,0,VideoPacket
1773458992192110,44860,1315,0,VideoPacket
1773458992252814,17783,549,0,Retransmission:44797
1773458992252916,44861,291,0,VideoPacket
1773458992253019,44862,291,0,VideoPacket
1773458992253112,44863,291,0,VideoPacket
1773458992253204,44864,291,0,VideoPacket
1773458992253301,44865,291,0,VideoPacket
1773458992253393,44866,291,0,VideoPacket
1773458992253490,44867,291,0,VideoPacket
1773458992253598,44868,291,0,VideoPacket
1773458992253703,44869,291,0,VideoPacket
1773458992253801,44870,291,0,VideoPacket
1773458992253895,44871,291,0,VideoPacket
1773458992253993,44872,291,0,VideoPacket
1773458992254091,44873,291,0,VideoPacket
1773458992254190,44874,291,0,VideoPacket
1773458992272162,17784,293,0,Retransmission:44813
1773458992272263,44875,291,0,VideoPacket
1773458992272353,44876,291,0,VideoPacket
1773458992272448,44877,291,0,VideoPacket
1773458992272541,44878,291,0,VideoPacket
1773458992272652,44879,291,0,VideoPacket
1773458992272755,44880,291,0,VideoPacket
1773458992272856,44881,291,0,VideoPacket
1773458992272953,44882,291,0,VideoPacket
1773458992273052,44883,291,0,VideoPacket
1773458992273150,44884,291,0,VideoPacket
1773458992273251,44885,291,0,VideoPacket
1773458992273351,44886,291,0,VideoPacket
1773458992273448,44887,291,0,VideoPacket
1773458992273530,44888,291,0,VideoPacket
1773458992273625,44889,291,0,VideoPacket
1773458992313954,17785,549,0,Retransmission:44823
1773458992314067,44890,291,0,VideoPacket
1773458992314165,44891,291,0,VideoPacket
1773458992314263,44892,291,0,VideoPacket
1773458992314359,44893,291,0,VideoPacket
1773458992314457,44894,291,0,VideoPacket
1773458992314565,44895,291,0,VideoPacket
1773458992314668,44896,291,0,VideoPacket
1773458992314771,44897,291,0,VideoPacket
1773458992314872,44898,291,0,VideoPacket
1773458992314972,44899,291,0,VideoPacket
1773458992315071,44900,291,0,VideoPacket
1773458992315167,44901,291,0,VideoPacket
1773458992315263,44902,291,0,VideoPacket
1773458992315363,44903,291,0,VideoPacket
1773458992363705,44904,291,0,VideoPacket
1773458992363824,44905,291,0,VideoPacket
1773458992363927,44906,291,0,VideoPacket
1773458992364025,44907,291,0,VideoPacket
1773458992364136,44908,291,0,VideoPacket
1773458992364232,44909,291,0,VideoPacket
1773458992364322,44910,291,0,VideoPacket
1773458992364420,44911,291,0,VideoPacket
1773458992364521,44912,291,0,VideoPacket
1773458992364628,44913,291,0,VideoPacket
1773458992364729,44914,291,0,VideoPacket
1773458992364827,44915,291,0,VideoPacket
1773458992364924,44916,291,0,VideoPacket
1773458992365018,44917,291,0,VideoPacket
1773458992365115,44918,291,0,VideoPacket
1773458992365212,44919,291,0,VideoPacket
1773458992421430,17786,293,0,Retransmission:44687
1773458992421540,44920,291,0,VideoPacket
1773458992421662,44921,291,0,VideoPacket
1773458992421760,44922,291,0,VideoPacket
1773458992421854,44923,291,0,VideoPacket
1773458992421950,44924,291,0,VideoPacket
1773458992422044,44925,291,0,VideoPacket
1773458992422140,44926,291,0,VideoPacket
1773458992422239,44927,291,0,VideoPacket
1773458992422339,44928,291,0,VideoPacket
1773458992422438,44929,291,0,VideoPacket
1773458992422536,44930,547,0,VideoPacket
1773458992422638,44931,547,0,VideoPacket
1773458992422733,44932,547,0,VideoPacket
1773458992490692,44933,547,0,VideoPacket
1773458992490811,44934,547,0,VideoPacket
1773458992490914,44935,1315,0,VideoPacket
1773458992491015,44936,1315,0,VideoPacket
1773458992491117,44937,1315,0,VideoPacket
1773458992491216,44938,547,0,VideoPacket
1773458992491318,44939,547,0,VideoPacket
1773458992491415,44940,547,0,VideoPacket
1773458992491510,44941,547,0,VideoPacket
1773458992491618,44942,547,0,VideoPacket
1773458992491715,44943,547,0,VideoPacket
1773458992491809,44944,547,0,VideoPacket
1773458992491899,44945,547,0,VideoPacket
1773458992491987,44946,547,0,VideoPacket
1773458992492095,44947,291,0,VideoPacket
1773458992492192,44948,291,0,VideoPacket
1773458992537077,44949,291,0,VideoPacket
1773458992537182,44950,291,0,VideoPacket
1773458992537266,44951,291,0,VideoPacket
1773458992537353,44952,291,0,VideoPacket
1773458992537460,44953,291,0,VideoPacket
1773458992537570,44954,291,0,VideoPacket
1773458992537667,44955,291,0,VideoPacket
1773458992537767,44956,291,0,VideoPacket
1773458992537868,44957,291,0,VideoPacket
1773458992537966,44958,291,0,VideoPacket
1773458992538060,44959,291,0,VideoPacket
1773458992538162,44960,291,0,VideoPacket
1773458992538244,44961,291,0,VideoPacket
1773458992538327,44962,291,0,VideoPacket
1773458992538410,44963,291,0,VideoPacket
1773458992538498,44964,291,0,VideoPacket
1773458992577432,17787,293,0,Retransmission:44864
1773458992577534,44965,291,0,VideoPacket
1773458992577661,44966,291,0,VideoPacket
1773458992577758,44967,291,0,VideoPacket
1773458992577851,44968,291,0,VideoPacket
1773458992577947,44969,291,0,VideoPacket
1773458992578046,44970,291,0,VideoPacket
1773458992578146,44971,291,0,VideoPacket
1773458992578246,44972,291,0,VideoPacket
1773458992578349,44973,291,0,VideoPacket
1773458992578448,44974,1059,0,VideoPacket
1773458992578543,44975,1059,0,VideoPacket
1773458992658436,17788,293,0,Retransmission:44898
1773458992658567,44976,1059,0,VideoPacket
1773458992658648,44977,1059,0,VideoPacket
1773458992658726,44978,291,0,VideoPacket
1773458992658800,44979,291,0,VideoPacket
1773458992658870,44980,291,0,VideoPacket
1773458992658941,44981,291,0,VideoPacket
1773458992659014,44982,291,0,VideoPacket
1773458992659087,44983,291,0,VideoPacket
1773458992659156,44984,291,0,VideoPacket
1773458992659227,44985,291,0,VideoPacket
1773458992659312,44986,291,0,VideoPacket
1773458992659382,44987,291,0,VideoPacket
1773458992659454,44988,291,0,VideoPacket
1773458992659528,44989,291,0,VideoPacket
1773458992659604,44990,291,0,VideoPacket
1773458992659678,44991,291,1,VideoPacket
1773458992659748,44992,291,1,VideoPacket
1773458992659818,44993,291,1,VideoPacket
1773458992659887,44994,291,1,VideoPacket
1773458992659956,44995,291,1,VideoPacket
1773458992660026,44996,291,1,VideoPacket
1773458992660125,44997,291,1,VideoPacket
1773458992660195,44998,291,1,VideoPacket
1773458992660260,44999,291,1,VideoPacket
1773458992660328,45000,291,1,VideoPacket
1773458992660395,45001,291,1,VideoPacket
1773458992754261,45002,291,1,VideoPacket
1773458992754373,45003,291,1,VideoPacket
1773458992754450,45004,291,1,VideoPacket
1773458992754519,45005,291,1,VideoPacket
1773458992754602,45006,291,1,VideoPacket
1773458992754675,45007,291,1,VideoPacket
1773458992754747,45008,291,1,VideoPacket
1773458992754819,45009,291,1,VideoPacket
1773458992754890,45010,291,1,VideoPacket
1773458992754955,45011,291,1,VideoPacket
1773458992755019,45012,291,1,VideoPacket
1773458992755081,45013,291,1,VideoPacket
1773458992755150,45014,291,1,VideoPacket
1773458992755219,45015,291,1,VideoPacket
1773458992755288,45016,291,1,VideoPacket
1773458992755358,45017,291,1,VideoPacket
1773458992755429,45018,291,1,VideoPacket
1773458992755499,45019,291,1,VideoPacket
1773458992755577,45020,291,1,VideoPacket
1773458992755649,45021,291,1,VideoPacket
1773458992755720,45022,291,1,VideoPacket
1773458992755791,45023,291,1,VideoPacket
1773458992755862,45024,291,1,VideoPacket
1773458992755933,45025,291,1,VideoPacket
1773458992756003,45026,291,1,VideoPacket
1773458992756099,45027,291,1,VideoPacket
1773458992756176,45028,291,1,VideoPacket
1773458992756247,45029,291,1,VideoPacket
1773458992756319,45030,291,1,VideoPacket
1773458992756389,45031,291,1,VideoPacket
1773458992756459,45032,291,1,VideoPacket
1773458992756531,45033,291,1,VideoPacket
1773458992779157,17789,293,0,Retransmission:44923
1773458992779256,45034,291,1,VideoPacket
1773458992779333,45035,291,1,VideoPacket
1773458992779399,45036,291,1,VideoPacket
1773458992779488,45037,291,1,VideoPacket
1773458992779572,45038,291,1,VideoPacket
1773458992779650,45039,291,1,VideoPacket
1773458992779721,45040,291,1,VideoPacket
1773458992779791,45041,291,1,VideoPacket
1773458992779860,45042,291,1,VideoPacket
1773458992779929,45043,291,1,VideoPacket
1773458992779998,45044,291,1,VideoPacket
1773458992780103,45045,291,1,VideoPacket
1773458992780188,45046,291,1,VideoPacket
1773458992780258,45047,291,1,VideoPacket
1773458992780332,45048,803,0,VideoPacket
1773458992881626,45049,803,0,VideoPacket
1773458992881741,45050,803,0,VideoPacket
1773458992881817,45051,803,0,VideoPacket
1773458992881886,45052,803,0,VideoPacket
1773458992881957,45053,803,0,VideoPacket
1773458992882026,45054,803,0,VideoPacket
1773458992882095,45055,803,0,VideoPacket
1773458992882166,45056,1059,0,VideoPacket
1773458992882236,45057,1059,0,VideoPacket
1773458992882306,45058,291,0,VideoPacket
1773458992882375,45059,291,0,VideoPacket
1773458992882443,45060,291,0,VideoPacket
1773458992882511,45061,291,0,VideoPacket
1773458992882593,45062,291,0,VideoPacket
1773458992882663,45063,291,0,VideoPacket
1773458992882733,45064,291,0,VideoPacket
1773458992882802,45065,291,0,VideoPacket
1773458992882871,45066,291,0,VideoPacket
1773458992882940,45067,291,0,VideoPacket
1773458992922833,45068,291,0,VideoPacket
1773458992922944,45069,291,0,VideoPacket
1773458992923018,45070,291,0,VideoPacket
1773458992923088,45071,291,0,VideoPacket
1773458992923159,45072,291,0,VideoPacket
1773458992923229,45073,291,0,VideoPacket
1773458992923298,45074,291,0,VideoPacket
1773458992923369,45075,291,0,VideoPacket
1773458992923439,45076,291,0,VideoPacket
1773458992923509,45077,291,0,VideoPacket
1773458992923586,45078,291,0,VideoPacket
1773458992923657,45079,291,0,VideoPacket
1773458992923726,45080,291,0,VideoPacket
1773458992923794,45081,291,0,VideoPacket
1773458992923863,45082,291,0,VideoPacket
1773458992923937,45083,291,0,VideoPacket
1773458992976653,17790,549,0,Retransmission:44943
1773458992976766,17791,293,0,Retransmission:44948
1773458992976834,17792,293,0,Retransmission:44950
1773458992976900,17793,293,0,Retransmission:44958
1773458992976970,45084,291,0,VideoPacket
1773458992977052,45085,291,0,VideoPacket
1773458992977122,45086,291,0,VideoPacket
1773458992977192,45087,291,0,VideoPacket
1773458992977263,45088,291,0,VideoPacket
1773458992977332,45089,291,0,VideoPacket
1773458992977402,45090,291,0,VideoPacket
1773458992977474,45091,291,0,VideoPacket
1773458992977545,45092,291,0,VideoPacket
1773458992977626,45093,291,0,VideoPacket
1773458992977695,45094,291,0,VideoPacket
1773458993037428,17794,293,0,Retransmission:44963
1773458993037521,45095,291,0,VideoPacket
1773458993037623,45096,291,0,VideoPacket
1773458993037706,45097,291,0,VideoPacket
1773458993037772,45098,291,0,VideoPacket
1773458993037845,45099,291,0,VideoPacket
1773458993037916,45100,291,0,VideoPacket
1773458993037989,45101,291,0,VideoPacket
1773458993038060,45102,291,0,VideoPacket
1773458993038132,45103,291,0,VideoPacket
1773458993038210,45104,291,0,VideoPacket
1773458993038279,45105,291,0,VideoPacket
1773458993038342,45106,291,0,VideoPacket
1773458993038411,45107,291,0,VideoPacket
1773458993038479,45108,291,0,VideoPacket
1773458993038551,45109,291,0,VideoPacket
1773458993038636,45110,291,0,VideoPacket
1773458993038706,45111,291,0,VideoPacket
1773458993038776,45112,291,0,VideoPacket
1773458993038848,45113,291,0,VideoPacket
1773458993038919,45114,291,0,VideoPacket
1773458993038989,45115,291,0,VideoPacket
1773458993039061,45116,291,0,VideoPacket
1773458993039136,45117,1059,0,VideoPacket
1773458993039206,45118,1059,0,VideoPacket
1773458993039278,45119,1059,0,VideoPacket
1773458993068652,45120,1059,0,VideoPacket
1773458993068813,45121,1059,0,VideoPacket
1773458993068891,45122,1059,0,VideoPacket
1773458993068966,45123,291,0,VideoPacket
1773458993069037,45124,291,0,VideoPacket
1773458993069109,45125,291,0,VideoPacket
1773458993069181,45126,291,0,VideoPacket
1773458993069251,45127,291,0,VideoPacket
1773458993069322,45128,291,0,VideoPacket
1773458993109698,45129,291,0,VideoPacket
1773458993109893,45130,291,0,VideoPacket
1773458993109970,45131,291,0,VideoPacket
1773458993110041,45132,291,0,VideoPacket
1773458993110113,45133,291,0,VideoPacket
1773458993110187,45134,291,0,VideoPacket
1773458993110259,45135,291,0,VideoPacket
1773458993110339,45136,291,0,VideoPacket
1773458993110413,45137,291,0,VideoPacket
1773458993110486,45138,291,0,VideoPacket
1773458993110566,45139,291,0,VideoPacket
1773458993110628,45140,291,0,VideoPacket
1773458993110692,45141,291,0,VideoPacket
1773458993110758,45142,291,0,VideoPacket
1773458993110831,45143,291,0,VideoPacket
1773458993110902,45144,291,0,VideoPacket
1773458993150233,45145,291,0,VideoPacket
1773458993150385,45146,291,0,VideoPacket
1773458993150462,45147,291,0,VideoPacket
1773458993150535,45148,291,0,VideoPacket
1773458993150622,45149,291,0,VideoPacket
1773458993150698,45150,291,0,VideoPacket
1773458993150773,45151,291,0,VideoPacket
1773458993150844,45152,291,0,VideoPacket
1773458993150915,45153,291,0,VideoPacket
1773458993150985,45154,291,0,VideoPacket
1773458993151057,45155,291,0,VideoPacket
1773458993151128,45156,291,0,VideoPacket
1773458993151199,45157,291,0,VideoPacket
1773458993151271,45158,547,0,VideoPacket
1773458993151342,45159,547,0,VideoPacket
1773458993192849,45160,547,0,VideoPacket
1773458993192991,45161,547,0,VideoPacket
1773458993193071,45162,547,0,VideoPacket
1773458993193142,45163,291,0,VideoPacket
1773458993193213,45164,291,0,VideoPacket
1773458993193283,45165,291,0,VideoPacket
1773458993193353,45166,291,0,VideoPacket
1773458993193425,45167,291,0,VideoPacket
1773458993193496,45168,291,0,VideoPacket
1773458993193576,45169,291,0,VideoPacket
1773458993193655,45170,291,0,VideoPacket
1773458993193726,45171,291,0,VideoPacket
1773458993193798,45172,291,0,VideoPacket
1773458993193869,45173,291,0,VideoPacket
1773458993233427,17795,293,0,Retransmission:44992
1773458993233591,17796,293,0,Retransmission:44995
1773458993233660,17797,293,0,Retransmission:45022
1773458993233728,17798,293,0,Retransmission:45028
1773458993233815,17799,293,0,Retransmission:45035
1773458993233882,17800,293,0,Retransmission:45036
1773458993233953,45174,291,0,VideoPacket
1773458993234033,45175,291,0,VideoPacket
1773458993234105,45176,291,0,VideoPacket
1773458993234181,45177,291,0,VideoPacket
1773458993234252,45178,291,0,VideoPacket
1773458993234323,45179,291,0,VideoPacket
1773458993234394,45180,291,0,VideoPacket
1773458993234464,45181,291,0,VideoPacket
1773458993234534,45182,291,0,VideoPacket
1773458993234618,45183,291,0,VideoPacket
1773458993330634,45184,291,0,VideoPacket
1773458993330747,45185,291,0,VideoPacket
1773458993330822,45186,291,0,VideoPacket
1773458993330893,45187,291,0,VideoPacket
1773458993330964,45188,291,0,VideoPacket
1773458993331036,45189,291,0,VideoPacket
1773458993331117,45190,291,0,VideoPacket
1773458993331211,45191,291,0,VideoPacket
1773458993331291,45192,291,0,VideoPacket
1773458993331364,45193,291,0,VideoPacket
1773458993331435,45194,291,0,VideoPacket
1773458993331507,45195,291,0,VideoPacket
1773458993331588,45196,291,0,VideoPacket
1773458993331662,45197,291,0,VideoPacket
1773458993331733,45198,291,0,VideoPacket
1773458993331804,45199,291,0,VideoPacket
1773458993331878,45200,291,0,VideoPacket
1773458993331957,45201,291,0,VideoPacket
1773458993332021,45202,291,0,VideoPacket
1773458993332122,45203,291,0,VideoPacket
1773458993332199,45204,291,0,VideoPacket
1773458993332269,45205,291,0,VideoPacket
1773458993332339,45206,291,0,VideoPacket
1773458993332410,45207,291,0,VideoPacket
1773458993332480,45208,291,0,VideoPacket
1773458993332551,45209,291,0,VideoPacket
1773458993332658,45210,291,0,VideoPacket
1773458993332738,45211,291,0,VideoPacket
1773458993332808,45212,291,0,VideoPacket
1773458993332879,45213,291,0,VideoPacket
1773458993332950,45214,291,0,VideoPacket
1773458993333020,45215,291,0,VideoPacket
1773458993356626,17801,293,0,Retransmission:45073
1773458993356773,17802,293,0,Retransmission:45086
1773458993356852,45216,1059,0,VideoPacket
1773458993356933,45217,1059,0,VideoPacket
1773458993357003,45218,1059,0,VideoPacket
1773458993357075,45219,291,0,VideoPacket
1773458993357147,45220,291,0,VideoPacket
1773458993357220,45221,291,0,VideoPacket
1773458993357287,45222,291,0,VideoPacket
1773458993422713,17803,293,0,Retransmission:45112
1773458993422806,45223,291,0,VideoPacket
1773458993422891,45224,291,0,VideoPacket
1773458993422997,45225,291,0,VideoPacket
1773458993423080,45226,291,0,VideoPacket
1773458993423149,45227,291,0,VideoPacket
1773458993423218,45228,291,0,VideoPacket
1773458993423289,45229,291,0,VideoPacket
1773458993423359,45230,291,0,VideoPacket
1773458993423431,45231,291,0,VideoPacket
1773458993423502,45232,547,0,VideoPacket
1773458993423585,45233,547,0,VideoPacket
1773458993423657,45234,547,0,VideoPacket
1773458993423729,45235,547,0,VideoPacket
1773458993478898,17804,293,0,Retransmission:45126
1773458993479021,45236,547,0,VideoPacket
1773458993479111,45237,547,0,VideoPacket
1773458993479180,45238,547,0,VideoPacket
1773458993479254,45239,291,0,VideoPacket
1773458993479322,45240,291,0,VideoPacket
1773458993479386,45241,291,0,VideoPacket
1773458993479457,45242,291,0,VideoPacket
1773458993479521,45243,291,0,VideoPacket
1773458993479602,45244,291,0,VideoPacket
1773458993479671,45245,291,0,VideoPacket
1773458993479739,45246,291,0,VideoPacket
1773458993479805,45247,291,0,VideoPacket
1773458993479873,45248,291,0,VideoPacket
1773458993633008,45249,291,0,VideoPacket
1773458993633123,45250,291,0,VideoPacket
1773458993633200,45251,291,0,VideoPacket
1773458993633269,45252,1315,0,VideoPacket
1773458993633344,45253,1315,0,VideoPacket
1773458993633413,45254,1315,0,VideoPacket
1773458993633478,45255,547,0,VideoPacket
1773458993633547,45256,547,0,VideoPacket
1773458993633627,45257,547,0,VideoPacket
1773458993633697,45258,547,0,VideoPacket
1773458993633767,45259,547,0,VideoPacket
1773458993633835,45260,547,0,VideoPacket
1773458993633905,45261,547,0,VideoPacket
1773458993633973,45262,291,0,VideoPacket
1773458993634040,45263,291,0,VideoPacket
1773458993634108,45264,291,0,VideoPacket
1773458993634177,45265,291,0,VideoPacket
1773458993634261,45266,291,0,VideoPacket
1773458993634326,45267,291,0,VideoPacket
1773458993634390,45268,291,0,VideoPacket
1773458993634453,45269,291,0,VideoPacket
1773458993634519,45270,291,0,VideoPacket
1773458993634596,45271,291,0,VideoPacket
1773458993634665,45272,291,0,VideoPacket
1773458993634733,45273,291,0,VideoPacket
1773458993634799,45274,291,0,VideoPacket
1773458993634866,45275,291,0,VideoPacket
1773458993634934,45276,291,0,VideoPacket
1773458993635000,45277,291,0,VideoPacket
1773458993635067,45278,291,0,VideoPacket
1773458993635133,45279,291,0,VideoPacket
1773458993635200,45280,291,0,VideoPacket
1773458993635268,45281,291,0,VideoPacket
1773458993635336,45282,291,0,VideoPacket
1773458993635406,45283,291,0,VideoPacket
1773458993635471,45284,291,0,VideoPacket
1773458993635538,45285,291,0,VideoPacket
1773458993635617,45286,291,0,VideoPacket
1773458993635685,45287,291,0,VideoPacket
1773458993635750,45288,291,0,VideoPacket
1773458993635819,45289,291,0,VideoPacket
1773458993635888,45290,291,0,VideoPacket
1773458993635962,45291,291,0,VideoPacket
1773458993636029,45292,291,0,VideoPacket
1773458993636135,45293,291,0,VideoPacket
1773458993636206,45294,291,0,VideoPacket
1773458993636274,45295,291,0,VideoPacket
1773458993636341,45296,291,0,VideoPacket
1773458993636409,45297,291,0,VideoPacket
1773458993636476,45298,291,0,VideoPacket
1773458993636548,45299,291,0,VideoPacket
1773458993650307,45300,291,0,VideoPacket
1773458993650433,45301,291,0,VideoPacket
1773458993650509,45302,291,0,VideoPacket
1773458993650593,45303,291,0,VideoPacket
1773458993650665,45304,291,0,VideoPacket
1773458993650748,45305,291,0,VideoPacket
1773458993650817,45306,291,0,VideoPacket
1773458993650886,45307,291,0,VideoPacket
1773458993650957,45308,291,0,VideoPacket
1773458993651027,45309,291,0,VideoPacket
1773458993651096,45310,291,0,VideoPacket
1773458993651164,45311,291,0,VideoPacket
1773458993651233,45312,291,0,VideoPacket
1773458993651302,45313,291,0,VideoPacket
1773458993651371,45314,291,0,VideoPacket
1773458993651440,45315,291,0,VideoPacket
1773458993741505,45316,291,0,VideoPacket
1773458993741632,45317,291,0,VideoPacket
1773458993741715,45318,291,0,VideoPacket
1773458993741783,45319,291,0,VideoPacket
1773458993741847,45320,291,0,VideoPacket
1773458993741913,45321,291,0,VideoPacket
1773458993741982,45322,291,0,VideoPacket
1773458993742047,45323,291,0,VideoPacket
1773458993742115,45324,291,0,VideoPacket
1773458993742183,45325,291,0,VideoPacket
1773458993742249,45326,291,0,VideoPacket
1773458993742312,45327,291,0,VideoPacket
1773458993742375,45328,291,0,VideoPacket
1773458993742446,45329,291,0,VideoPacket
1773458993742515,45330,291,0,VideoPacket
1773458993742592,45331,291,0,VideoPacket
1773458993742662,45332,291,0,VideoPacket
1773458993742730,45333,291,0,VideoPacket
1773458993742798,45334,291,0,VideoPacket
1773458993742865,45335,291,0,VideoPacket
1773458993742932,45336,291,0,VideoPacket
1773458993742999,45337,291,0,VideoPacket
1773458993743067,45338,291,0,VideoPacket
1773458993743135,45339,291,0,VideoPacket
1773458993743203,45340,291,0,VideoPacket
1773458993743271,45341,291,0,VideoPacket
1773458993743358,45342,291,0,VideoPacket
1773458993743424,45343,291,0,VideoPacket
1773458993743488,45344,291,0,VideoPacket
1773458993743569,45345,291,0,VideoPacket
1773458993743638,45346,291,0,VideoPacket
1773458993743703,45347,291,0,VideoPacket
1773458993799723,17805,293,0,Retransmission:45154
1773458993799812,17806,293,0,Retransmission:45166
1773458993799877,17807,293,0,Retransmission:45173
1773458993799937,45348,291,0,VideoPacket
1773458993800027,45349,291,0,VideoPacket
1773458993800144,45350,291,0,VideoPacket
1773458993800216,45351,291,0,VideoPacket
1773458993800283,45352,291,0,VideoPacket
1773458993800355,45353,291,0,VideoPacket
1773458993800423,45354,291,0,VideoPacket
1773458993800492,45355,547,0,VideoPacket
1773458993800574,45356,547,0,VideoPacket
1773458993800643,45357,547,0,VideoPacket
1773458993800705,45358,547,0,VideoPacket
1773458993814044,45359,547,0,VideoPacket
1773458993814149,45360,547,0,VideoPacket
1773458993814215,45361,547,0,VideoPacket
1773458993814291,45362,547,0,VideoPacket
1773458993814361,45363,291,0,VideoPacket
1773458993814429,45364,291,0,VideoPacket
1773458993814492,45365,291,0,VideoPacket
1773458993814572,45366,291,0,VideoPacket
1773458993814638,45367,291,0,VideoPacket
1773458993814701,45368,291,0,VideoPacket
1773458993814762,45369,291,0,VideoPacket
1773458993814825,45370,291,0,VideoPacket
1773458993814888,45371,291,0,VideoPacket
1773458993853091,17808,293,0,Retransmission:45230
1773458993853235,17809,549,0,Retransmission:45232
1773458993853304,17810,293,0,Retransmission:45279
1773458993853366,45372,291,0,VideoPacket
1773458993853441,45373,291,0,VideoPacket
1773458993853509,45374,291,0,VideoPacket
1773458993853591,45375,291,0,VideoPacket
1773458993853662,45376,291,0,VideoPacket
1773458993853745,45377,291,0,VideoPacket
1773458993853836,45378,291,0,VideoPacket
1773458993853924,45379,291,0,VideoPacket
1773458993853994,45380,291,0,VideoPacket
1773458993854060,45381,291,0,VideoPacket
1773458993854129,45382,291,0,VideoPacket
1773458993854195,45383,291,0,VideoPacket
1773458993854262,45384,291,0,VideoPacket
1773458993994063,45385,291,0,VideoPacket
1773458993994178,45386,291,0,VideoPacket
1773458993994256,45387,291,0,VideoPacket
1773458993994325,45388,291,0,VideoPacket
1773458993994393,45389,291,0,VideoPacket
1773458993994459,45390,291,0,VideoPacket
1773458993994529,45391,291,0,VideoPacket
1773458993994607,45392,291,0,VideoPacket
1773458993994675,45393,291,0,VideoPacket
1773458993994742,45394,291,0,VideoPacket
1773458993994811,45395,291,0,VideoPacket
1773458993994877,45396,291,0,VideoPacket
1773458993994943,45397,291,0,VideoPacket
1773458993995009,45398,291,0,VideoPacket
1773458993995085,45399,291,0,VideoPacket
1773458993995184,45400,291,0,VideoPacket
1773458993995261,45401,291,0,VideoPacket
1773458993995329,45402,291,0,VideoPacket
1773458993995391,45403,291,0,VideoPacket
1773458993995458,45404,291,0,VideoPacket
1773458993995527,45405,291,0,VideoPacket
1773458993995603,45406,291,0,VideoPacket
1773458993995670,45407,291,0,VideoPacket
1773458993995739,45408,291,0,VideoPacket
1773458993995806,45409,291,0,VideoPacket
1773458993995874,45410,291,0,VideoPacket
1773458993995941,45411,291,0,VideoPacket
1773458993996008,45412,291,0,VideoPacket
1773458993996104,45413,291,0,VideoPacket
1773458993996179,45414,291,0,VideoPacket
1773458993996246,45415,291,0,VideoPacket
1773458993996314,45416,291,0,VideoPacket
1773458993996381,45417,291,0,VideoPacket
1773458993996448,45418,291,0,VideoPacket
1773458993996514,45419,291,0,VideoPacket
1773458993996592,45420,291,0,VideoPacket
1773458993996662,45421,291,0,VideoPacket
1773458993996728,45422,291,0,VideoPacket
1773458993996795,45423,291,0,VideoPacket
1773458993996864,45424,291,0,VideoPacket
1773458993996931,45425,291,0,VideoPacket
1773458993997002,45426,291,0,VideoPacket
1773458993997070,45427,291,0,VideoPacket
1773458993997210,45428,291,0,VideoPacket
1773458993997290,45429,291,0,VideoPacket
1773458993997356,45430,291,0,VideoPacket
1773458993997423,45431,291,0,VideoPacket
1773458993997491,45432,291,0,VideoPacket
1773458993997569,45433,291,0,VideoPacket
1773458993997639,45434,291,0,VideoPacket
1773458993997707,45435,291,0,VideoPacket
1773458993997774,45436,291,0,VideoPacket
1773458993997840,45437,291,0,VideoPacket
1773458994017880,45438,803,0,VideoPacket
1773458994017985,45439,803,0,VideoPacket
1773458994018048,45440,803,0,VideoPacket
1773458994018108,45441,803,0,VideoPacket
1773458994018237,45442,291,0,VideoPacket
1773458994018317,45443,291,0,VideoPacket
1773458994018385,45444,291,0,VideoPacket
1773458994118566,17811,293,0,Retransmission:45298
1773458994118657,17812,293,0,Retransmission:45311
1773458994118719,17813,293,0,Retransmission:45314
1773458994118780,45445,291,0,VideoPacket
1773458994118870,45446,291,0,VideoPacket
1773458994118935,45447,291,0,VideoPacket
1773458994118998,45448,291,0,VideoPacket
1773458994119062,45449,291,0,VideoPacket
1773458994119130,45450,291,0,VideoPacket
1773458994119193,45451,291,0,VideoPacket
1773458994119257,45452,291,0,VideoPacket
1773458994119698,45453,547,0,VideoPacket
1773458994119780,45454,547,0,VideoPacket
1773458994119862,45455,547,0,VideoPacket
1773458994119927,45456,547,0,VideoPacket
1773458994119996,45457,547,0,VideoPacket
1773458994120084,45458,547,0,VideoPacket
1773458994120163,45459,547,0,VideoPacket
1773458994120673,45460,291,0,VideoPacket
1773458994120761,45461,291,0,VideoPacket
1773458994120824,45462,291,0,VideoPacket
1773458994120879,45463,291,0,VideoPacket
1773458994120966,45464,291,0,VideoPacket
1773458994245699,17814,293,0,Retransmission:45334
1773458994245786,17815,293,0,Retransmission:45341
1773458994245851,17816,293,0,Retransmission:45154
1773458994245908,17817,293,0,Retransmission:45166
1773458994245970,17818,293,0,Retransmission:45173
1773458994246031,45465,291,0,VideoPacket
1773458994246120,45466,291,0,VideoPacket
1773458994246191,45467,291,0,VideoPacket
1773458994246258,45468,291,0,VideoPacket
1773458994246324,45469,291,0,VideoPacket
1773458994246394,45470,291,0,VideoPacket
1773458994246460,45471,291,0,VideoPacket
1773458994246527,45472,291,0,VideoPacket
1773458994246609,45473,291,0,VideoPacket
1773458994246676,45474,547,0,VideoPacket
1773458994246744,45475,547,0,VideoPacket
1773458994246828,45476,547,0,VideoPacket
1773458994246913,45477,547,0,VideoPacket
1773458994247000,45478,547,0,VideoPacket
1773458994247084,45479,547,0,VideoPacket
1773458994247176,45480,547,0,VideoPacket
1773458994247263,45481,1315,0,VideoPacket
1773458994247352,45482,1315,0,VideoPacket
1773458994308925,45483,1315,0,VideoPacket
1773458994309041,45484,291,0,VideoPacket
1773458994309118,45485,291,0,VideoPacket
1773458994309186,45486,291,0,VideoPacket
1773458994309253,45487,291,0,VideoPacket
1773458994309324,45488,291,0,VideoPacket
1773458994309393,45489,291,0,VideoPacket
1773458994309463,45490,291,0,VideoPacket
1773458994309532,45491,291,0,VideoPacket
1773458994309607,45492,291,0,VideoPacket
1773458994309679,45493,291,0,VideoPacket
1773458994309746,45494,291,0,VideoPacket
1773458994309815,45495,291,0,VideoPacket
1773458994309883,45496,291,0,VideoPacket
1773458994309951,45497,291,0,VideoPacket
1773458994310839,45498,1315,0,VideoPacket
1773458994310928,45499,1315,0,VideoPacket
1773458994310996,45500,1315,0,VideoPacket
1773458994311707,45501,291,0,VideoPacket
1773458994311807,45502,291,0,VideoPacket
1773458994311900,45503,291,0,VideoPacket
1773458994312001,45504,291,0,VideoPacket
1773458994312110,45505,291,0,VideoPacket
1773458994405569,17819,293,0,Retransmission:45214
1773458994405673,45506,291,0,VideoPacket
1773458994405761,45507,291,0,VideoPacket
1773458994405832,45508,291,0,VideoPacket
1773458994405896,45509,291,0,VideoPacket
1773458994405957,45510,291,0,VideoPacket
1773458994406019,45511,291,0,VideoPacket
1773458994406082,45512,291,0,VideoPacket
1773458994406144,45513,291,0,VideoPacket
1773458994406207,45514,291,0,VideoPacket
1773458994406287,17820,293,0,Retransmission:45385
1773458994406651,45515,291,0,VideoPacket
1773458994406737,45516,291,0,VideoPacket
1773458994406799,45517,291,0,VideoPacket
1773458994406862,45518,291,0,VideoPacket
1773458994406926,45519,291,0,VideoPacket
1773458994406988,45520,291,0,VideoPacket
1773458994407049,45521,291,0,VideoPacket
1773458994407110,45522,291,0,VideoPacket
1773458994407173,45523,291,0,VideoPacket
1773458994407235,45524,291,0,VideoPacket
1773458994407296,45525,291,0,VideoPacket
1773458994407357,45526,291,0,VideoPacket
1773458994407430,45527,291,0,VideoPacket
1773458994449158,45528,291,0,VideoPacket
1773458994449260,45529,291,0,VideoPacket
1773458994449328,45530,291,0,VideoPacket
1773458994449391,45531,291,0,VideoPacket
1773458994449455,45532,291,0,VideoPacket
1773458994449527,45533,291,0,VideoPacket
1773458994449606,45534,291,0,VideoPacket
1773458994449673,45535,291,0,VideoPacket
1773458994449742,45536,291,0,VideoPacket
1773458994449804,45537,291,0,VideoPacket
1773458994449866,45538,291,0,VideoPacket
1773458994449927,45539,291,0,VideoPacket
1773458994449989,45540,291,0,VideoPacket
1773458994582048,45541,291,0,VideoPacket
1773458994582148,45542,291,0,VideoPacket
1773458994582217,45543,291,0,VideoPacket
1773458994582285,45544,291,0,VideoPacket
1773458994582355,45545,291,0,VideoPacket
1773458994582441,45546,291,0,VideoPacket
1773458994582509,45547,291,0,VideoPacket
1773458994582585,45548,291,0,VideoPacket
1773458994582653,45549,291,0,VideoPacket
1773458994582719,45550,291,0,VideoPacket
1773458994582787,45551,291,0,VideoPacket
1773458994582853,45552,291,0,VideoPacket
1773458994582919,45553,291,0,VideoPacket
1773458994582986,45554,291,0,VideoPacket
1773458994583126,17821,293,0,Retransmission:45415
1773458994583218,17822,293,0,Retransmission:45417
1773458994640675,45555,291,0,VideoPacket
1773458994640799,45556,291,0,VideoPacket
1773458994640876,45557,291,0,VideoPacket
1773458994640942,45558,291,0,VideoPacket
1773458994641008,45559,291,0,VideoPacket
1773458994641077,45560,291,0,VideoPacket
1773458994641148,45561,291,0,VideoPacket
1773458994641213,45562,291,0,VideoPacket
1773458994641283,45563,291,0,VideoPacket
1773458994641351,45564,291,0,VideoPacket
1773458994641413,45565,291,0,VideoPacket
1773458994641478,45566,291,0,VideoPacket
1773458994641546,45567,291,0,VideoPacket
1773458994641651,17823,293,0,Retransmission:45442
1773458994641735,17824,293,0,Retransmission:45298
1773458994641924,45568,291,0,VideoPacket
1773458994642004,45569,291,0,VideoPacket
1773458994642071,45570,291,0,VideoPacket
1773458994770211,45571,291,0,VideoPacket
1773458994770336,45572,291,0,VideoPacket
1773458994770415,45573,291,0,VideoPacket
1773458994770484,45574,291,0,VideoPacket
1773458994770565,45575,291,0,VideoPacket
1773458994770639,45576,291,0,VideoPacket
1773458994770709,45577,291,0,VideoPacket
1773458994770781,45578,291,0,VideoPacket
1773458994770850,45579,291,0,VideoPacket
1773458994770919,45580,291,0,VideoPacket
1773458994770988,45581,291,0,VideoPacket
1773458994771058,45582,291,0,VideoPacket
1773458994771131,45583,291,0,VideoPacket
1773458994771200,45584,291,0,VideoPacket
1773458994771272,45585,291,0,VideoPacket
1773458994771343,45586,291,0,VideoPacket
1773458994771415,45587,291,0,VideoPacket
1773458994771492,45588,291,0,VideoPacket
1773458994771572,45589,291,0,VideoPacket
1773458994771643,45590,291,0,VideoPacket
1773458994771715,45591,291,0,VideoPacket
1773458994771782,45592,291,0,VideoPacket
1773458994771852,45593,291,0,VideoPacket
1773458994771922,45594,291,0,VideoPacket
1773458994772086,45595,291,0,VideoPacket
1773458994772182,45596,291,0,VideoPacket
1773458994772256,45597,291,0,VideoPacket
1773458994772329,45598,291,0,VideoPacket
1773458994772400,45599,291,0,VideoPacket
1773458994772473,45600,291,0,VideoPacket
1773458994772543,45601,291,0,VideoPacket
1773458994772625,45602,291,0,VideoPacket
1773458994772699,45603,291,0,VideoPacket
1773458994772763,45604,291,0,VideoPacket
1773458994772833,45605,291,0,VideoPacket
1773458994772906,45606,291,0,VideoPacket
1773458994772978,45607,291,0,VideoPacket
1773458994773052,45608,291,0,VideoPacket
1773458994773356,17825,549,0,Retransmission:45456
1773458994830784,45609,1315,0,VideoPacket
1773458994830888,45610,1315,0,VideoPacket
1773458994830960,45611,1315,0,VideoPacket
1773458994843345,17826,293,0,Retransmission:45334
1773458994848466,17827,293,0,Retransmission:45465
1773458994848572,17828,549,0,Retransmission:45475
1773458994849194,45612,1315,0,VideoPacket
1773458994849286,45613,1315,0,VideoPacket
1773458994849349,45614,1315,0,VideoPacket
1773458994868258,45615,291,0,VideoPacket
1773458994868356,45616,291,0,VideoPacket
1773458994868425,45617,291,0,VideoPacket
1773458994868490,45618,291,0,VideoPacket
1773458994868564,45619,291,0,VideoPacket
1773458994868634,45620,291,0,VideoPacket
1773458994912842,45621,291,0,VideoPacket
1773458994912938,45622,291,0,VideoPacket
1773458994913007,45623,291,0,VideoPacket
1773458994913070,45624,291,0,VideoPacket
1773458994913133,45625,291,0,VideoPacket
1773458994913195,45626,291,0,VideoPacket
1773458994913258,45627,291,0,VideoPacket
1773458994913320,45628,291,0,VideoPacket
1773458994913384,45629,291,0,VideoPacket
1773458994913446,45630,291,0,VideoPacket
1773458994913511,45631,291,0,VideoPacket
1773458994913585,45632,291,0,VideoPacket
1773458994913650,45633,291,0,VideoPacket
1773458994913710,45634,291,0,VideoPacket
1773458994913771,45635,291,0,VideoPacket
1773458994913847,45636,291,0,VideoPacket
1773458994913910,45637,291,0,VideoPacket
1773458994913971,45638,291,0,VideoPacket
1773458995087063,45639,291,0,VideoPacket
1773458995087247,45640,291,0,VideoPacket
1773458995087324,45641,291,0,VideoPacket
1773458995087395,45642,291,0,VideoPacket
1773458995087469,45643,291,0,VideoPacket
1773458995087541,45644,291,0,VideoPacket
1773458995087628,45645,291,0,VideoPacket
1773458995113165,45646,291,0,VideoPacket
1773458995113314,45647,291,0,VideoPacket
1773458995113394,45648,291,0,VideoPacket
1773458995113466,45649,291,0,VideoPacket
1773458995113537,45650,291,0,VideoPacket
1773458995113620,45651,291,0,VideoPacket
1773458995113685,45652,291,0,VideoPacket
1773458995113852,45653,291,0,VideoPacket
1773458995113930,45654,291,0,VideoPacket
1773458995114001,45655,291,0,VideoPacket
1773458995114074,45656,291,0,VideoPacket
1773458995114146,45657,291,0,VideoPacket
1773458995114217,45658,291,0,VideoPacket
1773458995114289,45659,291,0,VideoPacket
1773458995114363,45660,291,0,VideoPacket
1773458995114433,45661,291,0,VideoPacket
1773458995114506,45662,291,0,VideoPacket
1773458995114589,45663,291,0,VideoPacket
1773458995254080,45664,291,0,VideoPacket
1773458995254191,45665,291,0,VideoPacket
1773458995254258,45666,291,0,VideoPacket
1773458995254321,45667,291,0,VideoPacket
1773458995254385,45668,291,0,VideoPacket
1773458995254447,45669,291,0,VideoPacket
1773458995254510,45670,291,0,VideoPacket
1773458995254587,45671,291,0,VideoPacket
1773458995254653,45672,291,0,VideoPacket
1773458995254716,45673,291,0,VideoPacket
1773458995254779,45674,291,0,VideoPacket
1773458995254840,45675,291,0,VideoPacket
1773458995254905,45676,291,0,VideoPacket
1773458995254968,45677,291,0,VideoPacket
1773458995255029,45678,291,0,VideoPacket
1773458995255097,45679,291,0,VideoPacket
1773458995255164,45680,291,0,VideoPacket
1773458995255231,45681,291,0,VideoPacket
1773458995255296,45682,291,0,VideoPacket
1773458995255365,45683,291,0,VideoPacket
1773458995255435,45684,291,0,VideoPacket
1773458995255504,45685,291,0,VideoPacket
1773458995255589,45686,291,0,VideoPacket
1773458995255663,45687,291,0,VideoPacket
1773458995255734,45688,291,0,VideoPacket
1773458995255801,45689,291,0,VideoPacket
1773458995255871,45690,291,0,VideoPacket
1773458995255938,45691,291,0,VideoPacket
1773458995256008,45692,291,0,VideoPacket
1773458995256105,45693,291,0,VideoPacket
1773458995256184,45694,291,0,VideoPacket
1773458995256258,45695,291,0,VideoPacket
1773458995256330,45696,291,0,VideoPacket
1773458995256403,45697,291,0,VideoPacket
1773458995256473,45698,291,0,VideoPacket
1773458995256542,45699,291,0,VideoPacket
1773458995256627,45700,291,0,VideoPacket
1773458995256699,45701,291,0,VideoPacket
1773458995256768,45702,291,0,VideoPacket
1773458995256856,45703,291,0,VideoPacket
1773458995256933,45704,291,0,VideoPacket
1773458995257002,45705,291,0,VideoPacket
1773458995257073,45706,291,0,VideoPacket
1773458995257149,45707,291,0,VideoPacket
1773458995257219,45708,291,0,VideoPacket
1773458995257290,45709,291,0,VideoPacket
1773458995257364,45710,291,0,VideoPacket
1773458995257441,45711,291,0,VideoPacket
1773458995257512,45712,291,0,VideoPacket
1773458995257593,45713,291,0,VideoPacket
1773458995257664,45714,291,0,VideoPacket
1773458995257738,45715,291,0,VideoPacket
1773458995257809,45716,291,0,VideoPacket
1773458995257879,45717,291,0,VideoPacket
1773458995290901,45718,291,0,VideoPacket
1773458995291009,45719,291,0,VideoPacket
1773458995291105,45720,291,0,VideoPacket
1773458995291184,45721,291,0,VideoPacket
1773458995291251,45722,291,0,VideoPacket
1773458995291317,45723,291,0,VideoPacket
1773458995291379,45724,291,0,VideoPacket
1773458995291449,45725,291,0,VideoPacket
1773458995291518,45726,291,0,VideoPacket
1773458995291591,45727,291,0,VideoPacket
1773458995291661,45728,291,0,VideoPacket
1773458995291725,45729,291,0,VideoPacket
1773458995291794,45730,291,0,VideoPacket
1773458995291859,45731,291,0,VideoPacket
1773458995291928,45732,291,0,VideoPacket
1773458995291993,45733,291,0,VideoPacket
1773458995292102,45734,547,0,VideoPacket
1773458995377443,17829,293,0,Retransmission:45501
1773458995377589,17830,293,0,Retransmission:45502
1773458995377661,17831,293,0,Retransmission:45531
1773458995377716,45735,547,0,VideoPacket
1773458995377801,45736,547,0,VideoPacket
1773458995377872,45737,547,0,VideoPacket
1773458995377949,45738,291,0,VideoPacket
1773458995378025,45739,291,0,VideoPacket
1773458995378100,45740,291,0,VideoPacket
1773458995378172,45741,291,0,VideoPacket
1773458995378244,45742,291,0,VideoPacket
1773458995378314,45743,291,0,VideoPacket
1773458995378395,45744,291,0,VideoPacket
1773458995378467,45745,291,0,VideoPacket
1773458995378537,45746,291,0,VideoPacket
1773458995378625,45747,291,0,VideoPacket
1773458995378703,45748,291,0,VideoPacket
1773458995378775,45749,291,0,VideoPacket
1773458995378847,45750,291,0,VideoPacket
1773458995378918,45751,291,0,VideoPacket
1773458995378989,45752,291,0,VideoPacket
1773458995379060,45753,291,0,VideoPacket
1773458995379131,45754,291,0,VideoPacket
1773458995379206,45755,291,0,VideoPacket
1773458995379273,45756,291,0,VideoPacket
1773458995379337,45757,291,0,VideoPacket
1773458995379407,45758,291,0,VideoPacket
1773458995379480,45759,291,0,VideoPacket
1773458995379551,45760,291,0,VideoPacket
1773458995379635,45761,291,0,VideoPacket
1773458995379706,45762,291,0,VideoPacket
1773458995379790,45763,291,0,VideoPacket
1773458995379862,45764,291,0,VideoPacket
1773458995419868,45765,291,0,VideoPacket
1773458995419983,45766,291,0,VideoPacket
1773458995420092,45767,291,0,VideoPacket
1773458995420178,45768,291,0,VideoPacket
1773458995420249,45769,291,0,VideoPacket
1773458995420322,45770,291,0,VideoPacket
1773458995420390,45771,291,0,VideoPacket
1773458995420461,45772,291,0,VideoPacket
1773458995420534,45773,291,0,VideoPacket
1773458995420619,45774,291,0,VideoPacket
1773458995420692,45775,291,0,VideoPacket
1773458995420763,45776,291,0,VideoPacket
1773458995420832,45777,291,0,VideoPacket
1773458995420900,45778,291,0,VideoPacket
1773458995420964,45779,291,0,VideoPacket
1773458995421027,45780,291,0,VideoPacket
1773458995421092,45781,291,0,VideoPacket
1773458995421163,45782,291,0,VideoPacket
1773458995477423,17832,293,0,Retransmission:45546
1773458995477568,45783,291,0,VideoPacket
1773458995477658,45784,291,0,VideoPacket
1773458995477731,45785,291,0,VideoPacket
1773458995477803,45786,291,0,VideoPacket
1773458995477874,45787,291,0,VideoPacket
1773458995477941,45788,291,0,VideoPacket
1773458995478009,45789,291,0,VideoPacket
1773458995478078,45790,291,0,VideoPacket
1773458995478148,45791,547,0,VideoPacket
1773458995478217,45792,547,0,VideoPacket
1773458995478283,45793,547,0,VideoPacket
1773458995478355,45794,547,0,VideoPacket
1773458995500204,45795,291,0,VideoPacket
1773458995500341,45796,291,0,VideoPacket
1773458995500421,45797,291,0,VideoPacket
1773458995500488,45798,291,0,VideoPacket
1773458995500551,45799,291,0,VideoPacket
1773458995500632,45800,291,0,VideoPacket
1773458995500700,45801,291,0,VideoPacket
1773458995500766,45802,291,0,VideoPacket
1773458995500836,45803,291,0,VideoPacket
1773458995500900,45804,291,0,VideoPacket
1773458995500964,45805,291,0,VideoPacket
1773458995526537,45806,291,0,VideoPacket
1773458995526678,45807,291,0,VideoPacket
1773458995526750,45808,291,0,VideoPacket
1773458995526812,45809,291,0,VideoPacket
1773458995526874,45810,291,0,VideoPacket
1773458995526936,45811,291,0,VideoPacket
1773458995526999,45812,291,0,VideoPacket
1773458995527063,45813,291,0,VideoPacket
1773458995527128,45814,291,0,VideoPacket
1773458995527190,45815,291,0,VideoPacket
1773458995587201,45816,291,0,VideoPacket
1773458995587318,45817,291,0,VideoPacket
1773458995587391,45818,291,0,VideoPacket
1773458995587461,45819,291,0,VideoPacket
1773458995587531,45820,291,0,VideoPacket
1773458995587614,45821,291,0,VideoPacket
1773458995587686,45822,291,0,VideoPacket
1773458995587750,45823,291,0,VideoPacket
1773458995587816,45824,291,0,VideoPacket
1773458995587881,45825,291,0,VideoPacket
1773458995587944,45826,291,0,VideoPacket
1773458995588019,45827,291,0,VideoPacket
1773458995588124,45828,291,0,VideoPacket
1773458995588204,45829,291,0,VideoPacket
1773458995624006,45830,291,0,VideoPacket
1773458995624152,45831,291,0,VideoPacket
1773458995624232,45832,291,0,VideoPacket
1773458995624302,45833,291,0,VideoPacket
1773458995624374,45834,291,0,VideoPacket
1773458995624445,45835,291,0,VideoPacket
1773458995624515,45836,291,0,VideoPacket
1773458995624602,45837,291,0,VideoPacket
1773458995624676,45838,291,0,VideoPacket
1773458995624749,45839,291,0,VideoPacket
1773458995624819,45840,291,0,VideoPacket
1773458995624891,45841,291,0,VideoPacket
1773458995624963,45842,291,0,VideoPacket
1773458995625034,45843,291,0,VideoPacket
1773458995625105,45844,291,0,VideoPacket
1773458995625180,45845,291,0,VideoPacket
1773458995625262,45846,291,0,VideoPacket
1773458995625334,45847,291,0,VideoPacket
1773458995625404,45848,291,0,VideoPacket
1773458995672697,45849,291,0,VideoPacket
1773458995672811,45850,291,0,VideoPacket
1773458995672893,45851,291,0,VideoPacket
1773458995672963,45852,291,0,VideoPacket
1773458995673035,45853,291,0,VideoPacket
1773458995673104,45854,291,0,VideoPacket
1773458995673176,45855,291,0,VideoPacket
1773458995673247,45856,291,0,VideoPacket
1773458995673317,45857,291,0,VideoPacket
1773458995673385,45858,291,0,VideoPacket
1773458995673455,45859,291,0,VideoPacket
1773458995678446,45860,547,0,VideoPacket
1773458995678523,45861,547,0,VideoPacket
1773458995678600,45862,547,0,VideoPacket
1773458995678668,45863,547,0,VideoPacket
1773458995678726,45864,547,0,VideoPacket
1773458995678803,45865,547,0,VideoPacket
1773458995678872,45866,547,0,VideoPacket
1773458995678930,45867,547,0,VideoPacket
1773458995725735,45868,1059,0,VideoPacket
1773458995725832,45869,1059,0,VideoPacket
1773458995725906,45870,1059,0,VideoPacket
1773458995725977,45871,1059,0,VideoPacket
1773458995760612,45872,291,0,VideoPacket
1773458995760712,45873,291,0,VideoPacket
1773458995760784,45874,291,0,VideoPacket
1773458995760855,45875,291,0,VideoPacket
1773458995760926,45876,291,0,VideoPacket
1773458995760995,45877,291,0,VideoPacket
1773458995761065,45878,291,0,VideoPacket
1773458995761135,45879,291,0,VideoPacket
1773458995761206,45880,291,0,VideoPacket
1773458995761275,45881,291,0,VideoPacket
1773458995761347,45882,291,0,VideoPacket
1773458995781029,45883,291,0,VideoPacket
1773458995781139,45884,291,0,VideoPacket
1773458995781218,45885,291,0,VideoPacket
1773458995781284,45886,291,0,VideoPacket
1773458995781349,45887,291,0,VideoPacket
1773458995781421,45888,291,0,VideoPacket
1773458995781494,45889,291,0,VideoPacket
1773458995781572,45890,291,0,VideoPacket
1773458995781646,45891,291,0,VideoPacket
1773458995781716,45892,291,0,VideoPacket
1773458995781785,45893,291,0,VideoPacket
1773458995781854,45894,291,0,VideoPacket
1773458995781924,45895,291,0,VideoPacket
1773458995781993,45896,291,0,VideoPacket
1773458995782062,45897,291,0,VideoPacket
1773458995782132,45898,291,0,VideoPacket
1773458995815982,45899,291,0,VideoPacket
1773458995816125,45900,291,0,VideoPacket
1773458995816209,45901,291,0,VideoPacket
1773458995816281,45902,291,0,VideoPacket
1773458995816353,45903,291,0,VideoPacket
1773458995816430,45904,291,0,VideoPacket
1773458995816507,45905,291,0,VideoPacket
1773458995816581,45906,291,0,VideoPacket
1773458995816656,45907,291,0,VideoPacket
1773458995816728,45908,291,0,VideoPacket
1773458995816799,45909,291,0,VideoPacket
1773458995816869,45910,291,0,VideoPacket
1773458995816941,45911,291,0,VideoPacket
1773458995817011,45912,291,0,VideoPacket
1773458995817083,45913,291,0,VideoPacket
1773458995817154,45914,291,0,VideoPacket
1773458995837757,45915,291,0,VideoPacket
1773458995838053,17833,549,0,Retransmission:45456
1773458995842105,45916,1059,0,VideoPacket
1773458995842189,45917,1059,0,VideoPacket
1773458995842252,45918,1059,0,VideoPacket
1773458995890279,45919,291,0,VideoPacket
1773458995890377,45920,291,0,VideoPacket
1773458995890444,45921,291,0,VideoPacket
1773458995890509,45922,291,0,VideoPacket
1773458995890585,45923,291,0,VideoPacket
1773458995890650,45924,291,0,VideoPacket
1773458995890716,45925,291,0,VideoPacket
1773458995890784,45926,291,0,VideoPacket
1773458995890849,45927,291,0,VideoPacket
1773458995890913,45928,291,0,VideoPacket
1773458995890976,45929,291,0,VideoPacket
1773458995891052,45930,291,0,VideoPacket
1773458995891115,45931,291,0,VideoPacket
1773458995891181,45932,291,0,VideoPacket
1773458995891244,45933,291,0,VideoPacket
1773458995891311,45934,291,0,VideoPacket
1773458995891382,45935,291,0,VideoPacket
1773458995911298,17834,293,0,Retransmission:45465
1773458995911411,17835,549,0,Retransmission:45475
1773458995935066,45936,291,0,VideoPacket
1773458995935170,45937,291,0,VideoPacket
1773458995935246,45938,291,0,VideoPacket
1773458995935324,45939,291,0,VideoPacket
1773458995935396,45940,291,0,VideoPacket
1773458995935463,45941,291,0,VideoPacket
1773458995935534,45942,291,0,VideoPacket
1773458995935621,45943,291,0,VideoPacket
1773458995935698,45944,291,0,VideoPacket
1773458995935768,45945,291,0,VideoPacket
1773458995935839,45946,291,0,VideoPacket
1773458995935913,45947,291,0,VideoPacket
1773458995935983,45948,291,0,VideoPacket
1773458995987612,45949,1059,0,VideoPacket
1773458995987731,45950,1059,0,VideoPacket
1773458995987821,45951,1059,0,VideoPacket
1773458996005893,45952,803,0,VideoPacket
1773458996005987,45953,803,0,VideoPacket
1773458996006062,45954,803,0,VideoPacket
1773458996006133,45955,803,0,VideoPacket
1773458996006198,45956,803,0,VideoPacket
1773458996006382,17836,293,0,Retransmission:45619
1773458996006473,17837,293,0,Retransmission:45625
1773458996006564,17838,293,0,Retransmission:45634
1773458996006691,45957,291,0,VideoPacket
1773458996006768,45958,291,0,VideoPacket
1773458996067286,45959,291,0,VideoPacket
1773458996067384,45960,291,0,VideoPacket
1773458996067457,45961,291,0,VideoPacket
1773458996067531,45962,291,0,VideoPacket
1773458996067619,45963,291,0,VideoPacket
1773458996067684,45964,291,0,VideoPacket
1773458996067758,45965,291,0,VideoPacket
1773458996067830,45966,291,0,VideoPacket
1773458996067904,45967,291,0,VideoPacket
1773458996067976,45968,291,0,VideoPacket
1773458996068072,45969,291,0,VideoPacket
1773458996068340,45970,291,0,VideoPacket
1773458996068421,45971,291,0,VideoPacket
1773458996068492,45972,291,0,VideoPacket
1773458996068571,45973,291,0,VideoPacket
1773458996068646,45974,291,0,VideoPacket
1773458996068721,45975,291,0,VideoPacket
1773458996068791,45976,291,0,VideoPacket
1773458996068864,45977,291,0,VideoPacket
1773458996068935,45978,291,0,VideoPacket
1773458996069004,45979,291,0,VideoPacket
1773458996069073,45980,291,0,VideoPacket
1773458996069137,45981,291,0,VideoPacket
1773458996069208,45982,291,0,VideoPacket
1773458996069353,17839,293,0,Retransmission:45531
1773458996069541,45983,291,0,VideoPacket
1773458996069638,45984,291,0,VideoPacket
1773458996069709,45985,291,0,VideoPacket
1773458996069780,45986,291,0,VideoPacket
1773458996231135,45987,291,0,VideoPacket
1773458996231243,45988,291,0,VideoPacket
1773458996231322,45989,291,0,VideoPacket
1773458996231392,45990,291,0,VideoPacket
1773458996231463,45991,291,0,VideoPacket
1773458996231536,45992,291,0,VideoPacket
1773458996231618,45993,291,0,VideoPacket
1773458996231690,45994,291,0,VideoPacket
1773458996231763,45995,291,0,VideoPacket
1773458996231836,45996,291,0,VideoPacket
1773458996231915,45997,291,0,VideoPacket
1773458996231983,45998,291,0,VideoPacket
1773458996232079,45999,291,0,VideoPacket
1773458996232168,46000,291,0,VideoPacket
1773458996232243,46001,291,0,VideoPacket
1773458996232317,46002,291,0,VideoPacket
1773458996232392,46003,291,0,VideoPacket
1773458996232464,46004,291,0,VideoPacket
1773458996232535,46005,291,0,VideoPacket
1773458996232614,46006,291,0,VideoPacket
1773458996232685,46007,291,0,VideoPacket
1773458996232755,46008,291,0,VideoPacket
1773458996232826,46009,291,0,VideoPacket
1773458996232898,46010,291,0,VideoPacket
1773458996232969,46011,291,0,VideoPacket
1773458996233038,46012,291,0,VideoPacket
1773458996233110,46013,291,0,VideoPacket
1773458996233181,46014,291,0,VideoPacket
1773458996233260,46015,291,0,VideoPacket
1773458996233334,46016,291,0,VideoPacket
1773458996233407,46017,291,0,VideoPacket
1773458996233479,46018,291,0,VideoPacket
1773458996233549,46019,291,0,VideoPacket
1773458996233631,46020,291,0,VideoPacket
1773458996233702,46021,291,0,VideoPacket
1773458996233787,46022,291,0,VideoPacket
1773458996233858,46023,291,0,VideoPacket
1773458996233929,46024,291,0,VideoPacket
1773458996234000,46025,291,0,VideoPacket
1773458996234071,46026,291,0,VideoPacket
1773458996234142,46027,291,0,VideoPacket
1773458996234213,46028,291,0,VideoPacket
1773458996234282,46029,291,0,VideoPacket
1773458996234354,46030,291,0,VideoPacket
1773458996234424,46031,291,0,VideoPacket
1773458996234495,46032,291,0,VideoPacket
1773458996234575,46033,291,0,VideoPacket
1773458996234647,46034,291,0,VideoPacket
1773458996234717,46035,291,0,VideoPacket
1773458996234788,46036,291,0,VideoPacket
1773458996234856,46037,291,0,VideoPacket
1773458996234924,46038,1315,0,VideoPacket
1773458996234997,46039,1315,0,VideoPacket
1773458996235295,46040,291,0,VideoPacket
1773458996235377,46041,291,0,VideoPacket
1773458996235444,46042,291,0,VideoPacket
1773458996235510,46043,291,0,VideoPacket
1773458996235589,46044,291,0,VideoPacket
1773458996235657,46045,291,0,VideoPacket
1773458996235724,46046,291,0,VideoPacket
1773458996235792,46047,291,0,VideoPacket
1773458996235862,46048,291,0,VideoPacket
1773458996235960,46049,291,0,VideoPacket
1773458996236036,46050,291,0,VideoPacket
1773458996236138,46051,291,0,VideoPacket
1773458996259028,46052,291,0,VideoPacket
1773458996259140,46053,291,0,VideoPacket
1773458996259216,46054,291,0,VideoPacket
1773458996259291,46055,291,0,VideoPacket
1773458996259363,46056,291,0,VideoPacket
1773458996259426,46057,291,0,VideoPacket
1773458996259496,46058,291,0,VideoPacket
1773458996259572,46059,291,0,VideoPacket
1773458996259644,46060,291,0,VideoPacket
1773458996259716,46061,291,0,VideoPacket
1773458996259790,46062,291,0,VideoPacket
1773458996259859,46063,291,0,VideoPacket
1773458996259927,46064,291,0,VideoPacket
1773458996259997,46065,291,0,VideoPacket
1773458996260106,46066,291,0,VideoPacket
1773458996321508,17840,293,0,Retransmission:45654
1773458996321615,17841,293,0,Retransmission:45666
1773458996321685,17842,293,0,Retransmission:45677
1773458996321750,17843,293,0,Retransmission:45679
1773458996321808,17844,293,0,Retransmission:45501
1773458996321869,17845,293,0,Retransmission:45502
1773458996321931,17846,293,0,Retransmission:45546
1773458996321994,17847,293,0,Retransmission:45733
1773458996322068,17848,293,0,Retransmission:45754
1773458996322130,17849,549,0,Retransmission:45793
1773458996322187,17850,293,0,Retransmission:45804
1773458996322251,17851,293,0,Retransmission:45807
1773458996322308,17852,293,0,Retransmission:45809
1773458996322373,46067,291,0,VideoPacket
1773458996322455,46068,291,0,VideoPacket
1773458996322526,46069,291,0,VideoPacket
1773458996322607,46070,291,0,VideoPacket
1773458996322677,46071,291,0,VideoPacket
1773458996361224,46072,291,0,VideoPacket
1773458996361328,46073,291,0,VideoPacket
1773458996361402,46074,291,0,VideoPacket
1773458996361477,46075,291,0,VideoPacket
1773458996361565,46076,291,0,VideoPacket
1773458996361633,46077,291,0,VideoPacket
1773458996361704,46078,291,0,VideoPacket
1773458996361778,46079,291,0,VideoPacket
1773458996361851,46080,291,0,VideoPacket
1773458996361921,46081,291,0,VideoPacket
1773458996361988,46082,291,0,VideoPacket
1773458996362061,46083,291,0,VideoPacket
1773458996362133,46084,547,0,VideoPacket
1773458996362200,46085,547,0,VideoPacket
1773458996362266,46086,547,0,VideoPacket
1773458996362339,46087,547,0,VideoPacket
1773458996401763,17853,549,0,Retransmission:45861
1773458996401853,17854,1061,0,Retransmission:45870
1773458996401923,17855,293,0,Retransmission:45879
1773458996401982,17856,293,0,Retransmission:45891
1773458996402039,17857,293,0,Retransmission:45895
1773458996402103,17858,293,0,Retransmission:45625
1773458996402172,17859,293,0,Retransmission:45634
1773458996402242,17860,293,0,Retransmission:45913
1773458996402305,17861,293,0,Retransmission:45922
1773458996402362,17862,293,0,Retransmission:45619
1773458996402426,17863,293,0,Retransmission:45788
1773458996402485,17864,293,0,Retransmission:45937
1773458996402550,46088,547,0,VideoPacket
1773458996402645,46089,547,0,VideoPacket
1773458996423431,17865,293,0,Retransmission:45967
1773458996423535,17866,293,0,Retransmission:45977
1773458996423610,17867,293,0,Retransmission:45988
1773458996423667,17868,293,0,Retransmission:45991
1773458996423729,17869,293,0,Retransmission:46001
1773458996423781,46090,547,0,VideoPacket
1773458996423859,46091,1059,0,VideoPacket
1773458996423925,46092,1059,0,VideoPacket
1773458996423991,46093,1059,0,VideoPacket
1773458996424083,46094,1059,0,VideoPacket
1773458996467372,46095,291,0,VideoPacket
1773458996467498,46096,291,0,VideoPacket
1773458996467591,46097,291,0,VideoPacket
1773458996467661,46098,291,0,VideoPacket
1773458996467730,46099,291,0,VideoPacket
1773458996467798,46100,291,0,VideoPacket
1773458996467876,46101,291,0,VideoPacket
1773458996467949,46102,291,0,VideoPacket
1773458996468021,46103,291,0,VideoPacket
1773458996468117,46104,291,0,VideoPacket
1773458996468194,46105,291,0,VideoPacket
1773458996468256,46106,291,0,VideoPacket
1773458996468324,46107,291,0,VideoPacket
1773458996468394,46108,291,0,VideoPacket
1773458996468461,46109,291,0,VideoPacket
1773458996468529,46110,291,0,VideoPacket
1773458996468615,46111,291,0,VideoPacket
1773458996468698,46112,1315,0,VideoPacket
1773458996512264,17870,293,0,Retransmission:46008
1773458996512481,46113,1315,0,VideoPacket
1773458996512591,46114,1315,0,VideoPacket
1773458996512674,46115,803,0,VideoPacket
1773458996512742,46116,803,0,VideoPacket
1773458996512810,46117,803,0,VideoPacket
1773458996512877,46118,803,0,VideoPacket
1773458996572855,46119,803,0,VideoPacket
1773458996572967,46120,803,0,VideoPacket
1773458996573046,46121,291,0,VideoPacket
1773458996573116,46122,291,0,VideoPacket
1773458996573188,46123,291,0,VideoPacket
1773458996573258,46124,291,0,VideoPacket
1773458996573332,46125,291,0,VideoPacket
1773458996573403,46126,291,0,VideoPacket
1773458996573475,46127,291,0,VideoPacket
1773458996573544,46128,291,0,VideoPacket
1773458996573629,46129,291,0,VideoPacket
1773458996573698,46130,291,0,VideoPacket
1773458996573766,46131,291,0,VideoPacket
1773458996573836,46132,291,0,VideoPacket
1773458996573913,46133,291,0,VideoPacket
1773458996573981,46134,291,0,VideoPacket
1773458996596229,17871,293,0,Retransmission:46067
1773458996596377,17872,293,0,Retransmission:46074
1773458996596450,46135,291,0,VideoPacket
1773458996596534,46136,291,0,VideoPacket
1773458996596623,46137,291,0,VideoPacket
1773458996596698,46138,291,0,VideoPacket
1773458996596769,46139,291,0,VideoPacket
1773458996596844,46140,291,0,VideoPacket
1773458996596915,46141,291,0,VideoPacket
1773458996596989,46142,291,0,VideoPacket
1773458996597057,46143,291,0,VideoPacket
1773458996597132,46144,291,0,VideoPacket
1773458996597201,46145,291,0,VideoPacket
1773458996597272,46146,291,0,VideoPacket
1773458996597341,46147,291,0,VideoPacket
1773458996597414,46148,291,0,VideoPacket
1773458996597483,46149,291,0,VideoPacket
1773458996597563,46150,291,0,VideoPacket
1773458996597638,46151,291,0,VideoPacket
1773458996635667,46152,291,0,VideoPacket
1773458996635773,46153,291,0,VideoPacket
1773458996635850,46154,291,0,VideoPacket
1773458996635919,46155,291,0,VideoPacket
1773458996635991,46156,291,0,VideoPacket
1773458996636085,46157,291,0,VideoPacket
1773458996636161,46158,291,0,VideoPacket
1773458996636229,46159,291,0,VideoPacket
1773458996636299,46160,291,0,VideoPacket
1773458996636367,46161,291,0,VideoPacket
1773458996636435,46162,291,0,VideoPacket
1773458996636502,46163,291,0,VideoPacket
1773458996636586,46164,291,0,VideoPacket
1773458996636654,46165,291,0,VideoPacket
1773458996636723,46166,291,0,VideoPacket
1773458996636792,46167,291,0,VideoPacket
1773458996636861,46168,291,0,VideoPacket
1773458996636931,46169,291,0,VideoPacket
1773458996636998,46170,291,0,VideoPacket
1773458996677923,46171,291,0,VideoPacket
1773458996678113,46172,291,0,VideoPacket
1773458996678191,46173,291,0,VideoPacket
1773458996678260,46174,803,0,VideoPacket
1773458996678333,46175,803,0,VideoPacket
1773458996678402,46176,803,0,VideoPacket
1773458996678473,46177,803,0,VideoPacket
1773458996678542,46178,803,0,VideoPacket
1773458996678626,46179,803,0,VideoPacket
1773458996678695,46180,803,0,VideoPacket
1773458996721002,46181,803,0,VideoPacket
1773458996721132,46182,803,0,VideoPacket
1773458996721202,46183,803,0,VideoPacket
1773458996721265,46184,803,0,VideoPacket
1773458996721329,46185,803,0,VideoPacket
1773458996721391,46186,291,0,VideoPacket
1773458996721454,46187,291,0,VideoPacket
1773458996721518,46188,291,0,VideoPacket
1773458996721595,46189,291,0,VideoPacket
1773458996721660,46190,291,0,VideoPacket
1773458996721724,46191,291,0,VideoPacket
1773458996721789,46192,291,0,VideoPacket
1773458996761939,46193,291,0,VideoPacket
1773458996762072,46194,291,0,VideoPacket
1773458996762149,46195,291,0,VideoPacket
1773458996762219,46196,291,0,VideoPacket
1773458996762288,46197,291,0,VideoPacket
1773458996762357,46198,291,0,VideoPacket
1773458996762428,46199,291,0,VideoPacket
1773458996762499,46200,291,0,VideoPacket
1773458996762596,46201,291,0,VideoPacket
1773458996762670,46202,291,0,VideoPacket
1773458996762741,46203,291,0,VideoPacket
1773458996762812,46204,291,0,VideoPacket
1773458996762882,46205,291,0,VideoPacket
1773458996762953,46206,803,0,VideoPacket
1773458996763024,46207,803,0,VideoPacket
1773458996763103,46208,803,0,VideoPacket
1773458996807112,46209,803,0,VideoPacket
1773458996807259,46210,803,0,VideoPacket
1773458996807354,46211,803,0,VideoPacket
1773458996807443,46212,291,1,VideoPacket
1773458996807529,46213,291,1,VideoPacket
1773458996807631,46214,291,1,VideoPacket
1773458996807717,46215,291,1,VideoPacket
1773458996807808,46216,291,1,VideoPacket
1773458996807896,46217,291,1,VideoPacket
1773458996807972,46218,291,1,VideoPacket
1773458996808070,46219,291,1,VideoPacket
1773458996808153,46220,291,1,VideoPacket
1773458996808232,46221,291,1,VideoPacket
1773458996808307,46222,291,1,VideoPacket
1773458996808385,46223,291,1,VideoPacket
1773458996848782,17873,293,0,Retransmission:46103
1773458996848891,46224,291,1,VideoPacket
1773458996848999,46225,291,1,VideoPacket
1773458996849091,46226,291,1,VideoPacket
1773458996849179,46227,291,1,VideoPacket
1773458996849269,46228,291,1,VideoPacket
1773458996849355,46229,291,1,VideoPacket
1773458996849445,46230,291,1,VideoPacket
1773458996849533,46231,291,1,VideoPacket
1773458996849634,46232,291,1,VideoPacket
1773458996849722,46233,291,1,VideoPacket
1773458996849817,46234,291,1,VideoPacket
1773458996849909,46235,291,1,VideoPacket
1773458996849994,46236,291,1,VideoPacket
1773458996850086,46237,291,1,VideoPacket
1773458996850169,46238,291,1,VideoPacket
1773458996850261,46239,291,1,VideoPacket
1773458996850345,46240,291,1,VideoPacket
1773458996850440,46241,291,1,VideoPacket
1773458996887737,46242,291,1,VideoPacket
1773458996887835,46243,291,1,VideoPacket
1773458996887907,46244,291,1,VideoPacket
1773458996887977,46245,291,1,VideoPacket
1773458996888059,46246,291,1,VideoPacket
1773458996888134,46247,291,1,VideoPacket
1773458996888203,46248,291,1,VideoPacket
1773458996888273,46249,291,1,VideoPacket
1773458996888343,46250,291,1,VideoPacket
1773458996888412,46251,291,1,VideoPacket
1773458996888483,46252,291,1,VideoPacket
1773458996888564,46253,291,1,VideoPacket
1773458996888635,46254,291,1,VideoPacket
1773458996888705,46255,291,1,VideoPacket
1773458996888773,46256,291,1,VideoPacket
1773458996888842,46257,291,1,VideoPacket
1773458996888912,46258,291,1,VideoPacket
1773458996888980,46259,291,1,VideoPacket
1773458996889048,46260,291,1,VideoPacket
1773458996928442,17874,293,0,Retransmission:46121
1773458996928549,17875,293,0,Retransmission:46129
1773458996928631,46261,291,1,VideoPacket
1773458996928706,46262,291,1,VideoPacket
1773458996928778,46263,291,1,VideoPacket
1773458996928849,46264,291,1,VideoPacket
1773458996928919,46265,291,1,VideoPacket
1773458996928990,46266,291,1,VideoPacket
1773458996929060,46267,291,1,VideoPacket
1773458996929128,46268,291,1,VideoPacket
1773458996929197,46269,291,1,VideoPacket
1773458996929266,46270,291,1,VideoPacket
1773458996929335,46271,291,0,VideoPacket
1773458996929404,46272,291,0,VideoPacket
1773458996929473,46273,291,0,VideoPacket
1773458996929544,46274,291,0,VideoPacket
1773458996929626,46275,291,0,VideoPacket
1773458996929696,46276,291,0,VideoPacket
1773458996929766,46277,291,0,VideoPacket
1773458996973332,46278,291,0,VideoPacket
1773458996973437,46279,291,0,VideoPacket
1773458996973542,46280,291,0,VideoPacket
1773458996973656,46281,291,0,VideoPacket
1773458996973759,46282,291,0,VideoPacket
1773458996973858,46283,291,0,VideoPacket
1773458996973947,46284,291,0,VideoPacket
1773458996974038,46285,291,0,VideoPacket
1773458996974127,46286,291,0,VideoPacket
1773458996974215,46287,291,0,VideoPacket
1773458996974301,46288,291,0,VideoPacket
1773458996974390,46289,291,0,VideoPacket
1773458996974477,46290,291,0,VideoPacket
1773458996974578,46291,291,0,VideoPacket
1773458996974666,46292,291,0,VideoPacket
1773458996974755,46293,291,0,VideoPacket
1773458996974842,46294,547,0,VideoPacket
1773458996974932,46295,547,0,VideoPacket
1773458997011725,46296,547,0,VideoPacket
1773458997011860,46297,547,0,VideoPacket
1773458997011938,46298,547,0,VideoPacket
1773458997012009,46299,547,0,VideoPacket
1773458997012101,46300,547,0,VideoPacket
1773458997012178,46301,547,0,VideoPacket
1773458997012249,46302,803,0,VideoPacket
1773458997012319,46303,803,0,VideoPacket
1773458997012391,46304,803,0,VideoPacket
1773458997012460,46305,803,0,VideoPacket
1773458997054474,46306,803,0,VideoPacket
1773458997054602,46307,803,0,VideoPacket
1773458997054672,46308,803,0,VideoPacket
1773458997054735,46309,803,0,VideoPacket
1773458997054802,46310,803,0,VideoPacket
1773458997054864,46311,803,0,VideoPacket
1773458997054925,46312,803,0,VideoPacket
1773458997054991,46313,803,0,VideoPacket
1773458997093301,17876,805,0,Retransmission:46179
1773458997093426,46314,291,0,VideoPacket
1773458997093514,46315,291,0,VideoPacket
1773458997093599,46316,291,0,VideoPacket
1773458997093669,46317,291,0,VideoPacket
1773458997093734,46318,291,0,VideoPacket
1773458997093796,46319,291,0,VideoPacket
1773458997093858,46320,291,0,VideoPacket
1773458997093926,46321,291,0,VideoPacket
1773458997093992,46322,291,0,VideoPacket
1773458997094054,46323,291,0,VideoPacket
1773458997094115,46324,291,0,VideoPacket
1773458997094177,46325,291,0,VideoPacket
1773458997094238,46326,291,0,VideoPacket
1773458997094301,46327,291,0,VideoPacket
1773458997094369,46328,291,0,VideoPacket
1773458997094437,46329,291,0,VideoPacket
1773458997094507,46330,291,0,VideoPacket
1773458997135284,17877,805,0,Retransmission:46184
1773458997135375,17878,293,0,Retransmission:46191
1773458997135435,17879,293,0,Retransmission:46195
1773458997135503,46331,291,0,VideoPacket
1773458997135586,46332,291,0,VideoPacket
1773458997135656,46333,291,0,VideoPacket
1773458997135720,46334,291,0,VideoPacket
1773458997135791,46335,291,0,VideoPacket
1773458997135861,46336,291,0,VideoPacket
1773458997135923,46337,291,0,VideoPacket
1773458997135992,46338,291,0,VideoPacket
1773458997136076,46339,291,0,VideoPacket
1773458997136147,46340,291,0,VideoPacket
1773458997136215,46341,291,0,VideoPacket
1773458997136284,46342,291,0,VideoPacket
1773458997136355,46343,291,0,VideoPacket
1773458997136423,46344,291,0,VideoPacket
1773458997136492,46345,291,0,VideoPacket
1773458997176337,46346,291,0,VideoPacket
1773458997176432,46347,291,0,VideoPacket
1773458997176505,46348,291,0,VideoPacket
1773458997176587,46349,1315,0,VideoPacket
1773458997176658,46350,1315,0,VideoPacket
1773458997176730,46351,1315,0,VideoPacket
1773458997176799,46352,547,0,VideoPacket
1773458997176867,46353,547,0,VideoPacket
1773458997176935,46354,547,0,VideoPacket
1773458997216155,46355,547,0,VideoPacket
1773458997216288,46356,547,0,VideoPacket
1773458997216368,46357,547,0,VideoPacket
1773458997216438,46358,547,0,VideoPacket
1773458997216509,46359,291,0,VideoPacket
1773458997216594,46360,291,0,VideoPacket
1773458997216665,46361,291,0,VideoPacket
1773458997216735,46362,291,0,VideoPacket
1773458997216805,46363,291,0,VideoPacket
1773458997216875,46364,291,0,VideoPacket
1773458997216944,46365,291,0,VideoPacket
1773458997217013,46366,291,0,VideoPacket
1773458997217084,46367,291,0,VideoPacket
1773458997217155,46368,291,0,VideoPacket
1773458997217228,46369,291,0,VideoPacket
1773458997217296,46370,291,0,VideoPacket
1773458997217365,46371,291,0,VideoPacket
1773458997267936,46372,291,0,VideoPacket
1773458997268159,46373,291,0,VideoPacket
1773458997268266,46374,291,0,VideoPacket
1773458997268363,46375,291,0,VideoPacket
1773458997268466,46376,291,0,VideoPacket
1773458997268577,46377,291,0,VideoPacket
1773458997268677,46378,291,0,VideoPacket
1773458997268778,46379,291,0,VideoPacket
1773458997268878,46380,291,0,VideoPacket
1773458997268976,46381,291,0,VideoPacket
1773458997269072,46382,291,0,VideoPacket
1773458997269176,46383,291,0,VideoPacket
1773458997269275,46384,291,0,VideoPacket
1773458997269379,46385,291,0,VideoPacket
1773458997269481,46386,291,0,VideoPacket
1773458997269596,46387,291,0,VideoPacket
1773458997310479,46388,291,0,VideoPacket
1773458997310697,46389,291,0,VideoPacket
1773458997310806,46390,291,0,VideoPacket
1773458997310909,46391,291,0,VideoPacket
1773458997311011,46392,291,0,VideoPacket
1773458997311111,46393,291,0,VideoPacket
1773458997311215,46394,291,0,VideoPacket
1773458997311320,46395,291,0,VideoPacket
1773458997311421,46396,291,0,VideoPacket
1773458997311524,46397,291,0,VideoPacket
1773458997311631,46398,291,0,VideoPacket
1773458997311733,46399,291,0,VideoPacket
1773458997311840,46400,291,0,VideoPacket
1773458997311942,46401,291,0,VideoPacket
1773458997312059,46402,291,0,VideoPacket
1773458997312169,46403,291,0,VideoPacket
1773458997352627,46404,291,0,VideoPacket
1773458997352785,46405,291,0,VideoPacket
1773458997352880,46406,291,0,VideoPacket
1773458997352982,46407,547,0,VideoPacket
1773458997353085,46408,547,0,VideoPacket
1773458997353187,46409,547,0,VideoPacket
1773458997353287,46410,547,0,VideoPacket
1773458997353391,46411,547,0,VideoPacket
1773458997353494,46412,547,0,VideoPacket
1773458997353606,46413,547,0,VideoPacket
1773458997353711,46414,291,0,VideoPacket
1773458997392468,46415,291,0,VideoPacket
1773458997392687,46416,291,0,VideoPacket
1773458997392810,46417,291,0,VideoPacket
1773458997392909,46418,291,0,VideoPacket
1773458997393012,46419,291,0,VideoPacket
1773458997393116,46420,291,0,VideoPacket
1773458997393218,46421,291,0,VideoPacket
1773458997393321,46422,291,0,VideoPacket
1773458997393420,46423,291,0,VideoPacket
1773458997393519,46424,291,0,VideoPacket
1773458997393627,46425,291,0,VideoPacket
1773458997393727,46426,291,0,VideoPacket
1773458997393826,46427,291,0,VideoPacket
1773458997393929,46428,291,0,VideoPacket
1773458997394031,46429,291,0,VideoPacket
1773458997394134,46430,291,0,VideoPacket
1773458997435817,46431,291,0,VideoPacket
1773458997436022,46432,291,0,VideoPacket
1773458997436142,46433,291,0,VideoPacket
1773458997436244,46434,291,0,VideoPacket
1773458997436340,46435,291,0,VideoPacket
1773458997436444,46436,291,0,VideoPacket
1773458997436544,46437,291,0,VideoPacket
1773458997436659,46438,291,0,VideoPacket
1773458997436760,46439,291,0,VideoPacket
1773458997436864,46440,291,0,VideoPacket
1773458997436965,46441,291,0,VideoPacket
1773458997437064,46442,291,0,VideoPacket
1773458997437164,46443,291,0,VideoPacket
1773458997437263,46444,291,0,VideoPacket
1773458997437364,46445,291,0,VideoPacket
1773458997437466,46446,291,0,VideoPacket
1773458997476793,46447,291,0,VideoPacket
1773458997476986,46448,291,0,VideoPacket
1773458997477090,46449,291,0,VideoPacket
1773458997477195,46450,291,0,VideoPacket
1773458997477297,46451,291,0,VideoPacket
1773458997477400,46452,291,0,VideoPacket
1773458997477504,46453,291,0,VideoPacket
1773458997477620,46454,291,0,VideoPacket
1773458997477722,46455,291,0,VideoPacket
1773458997477823,46456,291,0,VideoPacket
1773458997477926,46457,291,0,VideoPacket
1773458997478027,46458,291,0,VideoPacket
1773458997478130,46459,291,0,VideoPacket
1773458997478234,46460,291,0,VideoPacket
1773458997478334,46461,291,0,VideoPacket
1773458997478435,46462,291,0,VideoPacket
1773458997517693,46463,291,0,VideoPacket
1773458997517940,46464,291,0,VideoPacket
1773458997518047,46465,291,0,VideoPacket
1773458997518156,46466,291,0,VideoPacket
1773458997518265,46467,291,0,VideoPacket
1773458997518375,46468,291,0,VideoPacket
1773458997518483,46469,291,0,VideoPacket
1773458997518599,46470,291,0,VideoPacket
1773458997518706,46471,291,0,VideoPacket
1773458997518811,46472,291,0,VideoPacket
1773458997518930,46473,291,0,VideoPacket
1773458997519036,46474,291,0,VideoPacket
1773458997519141,46475,291,0,VideoPacket
1773458997519245,46476,291,0,VideoPacket
1773458997519350,46477,291,0,VideoPacket
1773458997519454,46478,291,0,VideoPacket
1773458997559105,46479,291,0,VideoPacket
1773458997559305,46480,291,0,VideoPacket
1773458997559413,46481,291,0,VideoPacket
1773458997559519,46482,547,0,VideoPacket
1773458997559634,46483,547,0,VideoPacket
1773458997559745,46484,547,0,VideoPacket
1773458997559848,46485,547,0,VideoPacket
1773458997559950,46486,547,0,VideoPacket
1773458997560070,46487,547,0,VideoPacket
1773458997560177,46488,547,0,VideoPacket
1773458997560279,46489,547,0,VideoPacket
1773458997602813,46490,803,0,VideoPacket
1773458997603023,46491,803,0,VideoPacket
1773458997603132,46492,803,0,VideoPacket
1773458997603238,46493,803,0,VideoPacket
1773458997603343,46494,803,0,VideoPacket
1773458997603448,46495,803,0,VideoPacket
1773458997603566,46496,291,0,VideoPacket
1773458997642956,46497,291,0,VideoPacket
1773458997643180,46498,291,0,VideoPacket
1773458997643264,46499,291,0,VideoPacket
1773458997643336,46500,291,0,VideoPacket
1773458997643409,46501,291,0,VideoPacket
1773458997643482,46502,291,0,VideoPacket
1773458997643569,46503,291,0,VideoPacket
1773458997643644,46504,291,0,VideoPacket
1773458997643715,46505,291,0,VideoPacket
1773458997643789,46506,291,0,VideoPacket
1773458997643863,46507,291,0,VideoPacket
1773458997643937,46508,291,0,VideoPacket
1773458997644009,46509,291,0,VideoPacket
1773458997644113,46510,291,0,VideoPacket
1773458997644198,46511,291,0,VideoPacket
1773458997644275,46512,291,0,VideoPacket
1773458997684756,46513,291,0,VideoPacket
1773458997684929,46514,291,0,VideoPacket
1773458997685004,46515,291,0,VideoPacket
1773458997685082,46516,291,0,VideoPacket
1773458997685155,46517,291,0,VideoPacket
1773458997685229,46518,291,0,VideoPacket
1773458997685301,46519,803,0,VideoPacket
1773458997685374,46520,803,0,VideoPacket
1773458997685445,46521,803,0,VideoPacket
1773458997685517,46522,803,0,VideoPacket
1773458997725435,46523,803,0,VideoPacket
1773458997725641,46524,803,0,VideoPacket
1773458997725718,46525,803,0,VideoPacket
1773458997725791,46526,291,0,VideoPacket
1773458997725866,46527,291,0,VideoPacket
1773458997725938,46528,291,0,VideoPacket
1773458997726015,46529,291,0,VideoPacket
1773458997726085,46530,291,0,VideoPacket
1773458997726154,46531,291,0,VideoPacket
1773458997726225,46532,291,0,VideoPacket
1773458997726293,46533,291,0,VideoPacket
1773458997726362,46534,291,0,VideoPacket
1773458997767476,46535,291,0,VideoPacket
1773458997767631,46536,291,0,VideoPacket
1773458997767723,46537,291,0,VideoPacket
1773458997767810,46538,291,0,VideoPacket
1773458997767883,46539,291,0,VideoPacket
1773458997767959,46540,291,0,VideoPacket
1773458997768027,46541,291,0,VideoPacket
1773458997768128,46542,291,0,VideoPacket
1773458997768204,46543,291,0,VideoPacket
1773458997768271,46544,291,0,VideoPacket
1773458997768336,46545,291,0,VideoPacket
1773458997768418,46546,291,0,VideoPacket
1773458997768489,46547,291,0,VideoPacket
1773458997768569,46548,291,0,VideoPacket
1773458997768637,46549,291,0,VideoPacket
1773458997768704,46550,291,0,VideoPacket
1773458997808710,17880,293,0,Retransmission:46213
1773458997808858,17881,293,0,Retransmission:46217
1773458997808922,17882,293,0,Retransmission:46235
1773458997808982,46551,291,0,VideoPacket
1773458997809061,46552,291,0,VideoPacket
1773458997809133,46553,291,0,VideoPacket
1773458997809206,46554,291,0,VideoPacket
1773458997809277,46555,291,0,VideoPacket
1773458997809348,46556,547,0,VideoPacket
1773458997809427,46557,547,0,VideoPacket
1773458997809495,46558,547,0,VideoPacket
1773458997809578,46559,547,0,VideoPacket
1773458997809651,46560,547,0,VideoPacket
1773458997851992,46561,547,0,VideoPacket
1773458997852213,46562,547,0,VideoPacket
1773458997852320,46563,547,0,VideoPacket
1773458997852413,46564,547,0,VideoPacket
1773458997852512,46565,547,0,VideoPacket
1773458997852623,46566,547,0,VideoPacket
1773458997852736,46567,547,0,VideoPacket
1773458997852844,46568,547,0,VideoPacket
1773458997852963,46569,547,0,VideoPacket
1773458997893682,17883,293,0,Retransmission:46269
1773458997893883,46570,547,0,VideoPacket
1773458997894012,46571,547,0,VideoPacket
1773458997894119,46572,547,0,VideoPacket
1773458997894224,46573,547,0,VideoPacket
1773458997894330,46574,547,0,VideoPacket
1773458997894434,46575,547,0,VideoPacket
1773458997894527,46576,547,0,VideoPacket
1773458997894633,46577,547,0,VideoPacket
1773458997894727,46578,1059,0,VideoPacket
1773458997948960,46579,1059,0,VideoPacket
1773458997949093,46580,1059,0,VideoPacket
1773458997949175,46581,1059,0,VideoPacket
1773458997949250,46582,1059,0,VideoPacket
1773458997949324,46583,291,0,VideoPacket
1773458997949400,46584,291,0,VideoPacket
1773458997949477,46585,291,0,VideoPacket
1773458997981091,46586,291,0,VideoPacket
1773458997981267,46587,291,0,VideoPacket
1773458997981344,46588,291,0,VideoPacket
1773458997981415,46589,291,0,VideoPacket
1773458997981486,46590,291,0,VideoPacket
1773458997981572,46591,291,0,VideoPacket
1773458997981645,46592,291,0,VideoPacket
1773458997981719,46593,291,0,VideoPacket
1773458997981790,46594,291,0,VideoPacket
1773458997981863,46595,291,0,VideoPacket
1773458997981934,46596,291,0,VideoPacket
1773458997982004,46597,291,0,VideoPacket
1773458997982089,46598,291,0,VideoPacket
1773458997982160,46599,803,0,VideoPacket
1773458997982230,46600,803,0,VideoPacket
1773458998027637,46601,803,0,VideoPacket
1773458998027858,46602,803,0,VideoPacket
1773458998027953,46603,803,0,VideoPacket
1773458998028085,46604,291,0,VideoPacket
1773458998028206,46605,291,0,VideoPacket
1773458998028325,46606,291,0,VideoPacket
1773458998028434,46607,291,0,VideoPacket
1773458998028544,46608,291,0,VideoPacket
1773458998028661,46609,291,0,VideoPacket
1773458998028758,46610,291,0,VideoPacket
1773458998028845,46611,291,0,VideoPacket
1773458998028932,46612,291,0,VideoPacket
1773458998068417,17884,293,0,Retransmission:46335
1773458998068633,46613,291,0,VideoPacket
1773458998068746,46614,291,0,VideoPacket
1773458998068863,46615,291,0,VideoPacket
1773458998068961,46616,291,0,VideoPacket
1773458998069050,46617,803,0,VideoPacket
1773458998069151,46618,803,0,VideoPacket
1773458998069243,46619,803,0,VideoPacket
1773458998069337,46620,291,0,VideoPacket
1773458998069435,46621,291,0,VideoPacket
1773458998069525,46622,291,0,VideoPacket
1773458998129450,17885,293,0,Retransmission:46336
1773458998129544,46623,291,0,VideoPacket
1773458998129634,46624,291,0,VideoPacket
1773458998129704,46625,291,0,VideoPacket
1773458998129775,46626,291,0,VideoPacket
1773458998129841,46627,291,0,VideoPacket
1773458998129908,46628,291,0,VideoPacket
1773458998129974,46629,291,0,VideoPacket
1773458998130041,46630,291,0,VideoPacket
1773458998130108,46631,291,0,VideoPacket
1773458998130175,46632,291,0,VideoPacket
1773458998130243,46633,291,0,VideoPacket
1773458998130312,46634,291,0,VideoPacket
1773458998130380,46635,291,0,VideoPacket
1773458998130447,46636,291,0,VideoPacket
1773458998130514,46637,291,0,VideoPacket
1773458998150205,46638,291,0,VideoPacket
1773458998150341,46639,291,0,VideoPacket
1773458998150407,46640,291,0,VideoPacket
1773458998150478,46641,291,0,VideoPacket
1773458998150547,46642,291,0,VideoPacket
1773458998150630,46643,291,0,VideoPacket
1773458998150698,46644,291,0,VideoPacket
1773458998150764,46645,291,0,VideoPacket
1773458998150832,46646,291,0,VideoPacket
1773458998150909,46647,291,0,VideoPacket
1773458998150984,46648,291,0,VideoPacket
1773458998151053,46649,291,0,VideoPacket
1773458998151122,46650,291,0,VideoPacket
1773458998151191,46651,291,0,VideoPacket
1773458998151260,46652,291,0,VideoPacket
1773458998151328,46653,291,0,VideoPacket
1773458998192477,17886,293,0,Retransmission:46370
1773458998192627,46654,291,0,VideoPacket
1773458998192705,46655,291,0,VideoPacket
1773458998192772,46656,291,0,VideoPacket
1773458998192878,46657,291,0,VideoPacket
1773458998192950,46658,291,0,VideoPacket
1773458998193015,46659,291,0,VideoPacket
1773458998193079,46660,291,0,VideoPacket
1773458998193146,46661,291,0,VideoPacket
1773458998193213,46662,291,0,VideoPacket
1773458998193281,46663,291,0,VideoPacket
1773458998193364,46664,547,0,VideoPacket
1773458998193432,46665,547,0,VideoPacket
1773458998193499,46666,547,0,VideoPacket
1773458998233267,17887,293,0,Retransmission:46390
1773458998233428,17888,293,0,Retransmission:46394
1773458998233508,17889,293,0,Retransmission:46397
1773458998233591,17890,293,0,Retransmission:46402
1773458998233661,46667,547,0,VideoPacket
1773458998233745,46668,547,0,VideoPacket
1773458998233811,46669,291,0,VideoPacket
1773458998233894,46670,291,0,VideoPacket
1773458998233958,46671,291,0,VideoPacket
1773458998234023,46672,291,0,VideoPacket
1773458998234088,46673,291,0,VideoPacket
1773458998234159,46674,291,0,VideoPacket
1773458998234231,46675,291,0,VideoPacket
1773458998234301,46676,291,0,VideoPacket
1773458998234370,46677,291,0,VideoPacket
1773458998276484,46678,291,0,VideoPacket
1773458998276681,46679,291,0,VideoPacket
1773458998276758,46680,291,0,VideoPacket
1773458998276829,46681,291,0,VideoPacket
1773458998276897,46682,291,0,VideoPacket
1773458998276972,46683,291,0,VideoPacket
1773458998277040,46684,291,0,VideoPacket
1773458998277115,46685,291,0,VideoPacket
1773458998277185,46686,291,0,VideoPacket
1773458998277253,46687,291,0,VideoPacket
1773458998277325,46688,291,0,VideoPacket
1773458998277398,46689,291,0,VideoPacket
1773458998277468,46690,291,0,VideoPacket
1773458998277537,46691,291,0,VideoPacket
1773458998277619,46692,291,0,VideoPacket
1773458998277688,46693,291,0,VideoPacket
1773458998334450,17891,293,0,Retransmission:46420
1773458998334548,46694,291,0,VideoPacket
1773458998334643,46695,291,0,VideoPacket
1773458998334712,46696,291,0,VideoPacket
1773458998334780,46697,291,0,VideoPacket
1773458998334846,46698,291,0,VideoPacket
1773458998334915,46699,291,0,VideoPacket
1773458998334983,46700,291,0,VideoPacket
1773458998335053,46701,1059,0,VideoPacket
1773458998335123,46702,1059,0,VideoPacket
1773458998374151,46703,1059,0,VideoPacket
1773458998374351,46704,291,0,VideoPacket
1773458998374431,46705,291,0,VideoPacket
1773458998374499,46706,291,0,VideoPacket
1773458998374584,46707,291,0,VideoPacket
1773458998374655,46708,291,0,VideoPacket
1773458998374727,46709,291,0,VideoPacket
1773458998374793,46710,291,0,VideoPacket
1773458998374863,46711,291,0,VideoPacket
1773458998374931,46712,291,0,VideoPacket
1773458998374999,46713,291,0,VideoPacket
1773458998416134,46714,291,0,VideoPacket
1773458998416336,46715,547,0,VideoPacket
1773458998416424,46716,547,0,VideoPacket
1773458998416493,46717,547,0,VideoPacket
1773458998416577,46718,547,0,VideoPacket
1773458998416646,46719,547,0,VideoPacket
1773458998416716,46720,291,0,VideoPacket
1773458998416784,46721,291,0,VideoPacket
1773458998416856,46722,291,0,VideoPacket
1773458998465873,17892,293,0,Retransmission:46461
1773458998465966,17893,293,0,Retransmission:46479
1773458998466037,17894,549,0,Retransmission:46486
1773458998466104,46723,291,0,VideoPacket
1773458998466186,46724,291,0,VideoPacket
1773458998466253,46725,291,0,VideoPacket
1773458998466321,46726,291,0,VideoPacket
1773458998466390,46727,291,0,VideoPacket
1773458998466458,46728,291,0,VideoPacket
1773458998466526,46729,291,0,VideoPacket
1773458998466610,46730,291,0,VideoPacket
1773458998466680,46731,291,0,VideoPacket
1773458998494359,17895,293,0,Retransmission:46499
1773458998494501,46732,291,0,VideoPacket
1773458998494603,46733,291,0,VideoPacket
1773458998494677,46734,291,0,VideoPacket
1773458998494745,46735,291,0,VideoPacket
1773458998494813,46736,291,0,VideoPacket
1773458998494889,46737,291,0,VideoPacket
1773458998494958,46738,291,0,VideoPacket
1773458998495029,46739,291,0,VideoPacket
1773458998495098,46740,291,0,VideoPacket
1773458998495168,46741,291,0,VideoPacket
1773458998495236,46742,291,0,VideoPacket
1773458998495304,46743,291,0,VideoPacket
1773458998564291,46744,291,0,VideoPacket
1773458998564410,46745,291,0,VideoPacket
1773458998564486,46746,291,0,VideoPacket
1773458998564562,46747,291,0,VideoPacket
1773458998564649,46748,291,0,VideoPacket
1773458998564729,46749,291,0,VideoPacket
1773458998564799,46750,291,0,VideoPacket
1773458998564870,46751,291,0,VideoPacket
1773458998564940,46752,291,0,VideoPacket
1773458998565009,46753,291,0,VideoPacket
1773458998565089,46754,291,0,VideoPacket
1773458998565156,46755,291,0,VideoPacket
1773458998565223,46756,291,0,VideoPacket
1773458998587544,17896,293,0,Retransmission:46515
1773458998587649,46757,291,0,VideoPacket
1773458998587732,46758,291,0,VideoPacket
1773458998587801,46759,291,0,VideoPacket
1773458998587875,46760,291,0,VideoPacket
1773458998587941,46761,291,0,VideoPacket
1773458998588008,46762,291,0,VideoPacket
1773458998588088,46763,291,0,VideoPacket
1773458998588160,46764,291,0,VideoPacket
1773458998588229,46765,291,0,VideoPacket
1773458998588297,46766,291,0,VideoPacket
1773458998588363,46767,291,0,VideoPacket
1773458998588428,46768,291,0,VideoPacket
1773458998619292,17897,805,0,Retransmission:46525
1773458998619392,17898,293,0,Retransmission:46532
1773458998619466,46769,291,0,VideoPacket
1773458998619546,46770,291,0,VideoPacket
1773458998619637,46771,291,0,VideoPacket
1773458998619712,46772,291,0,VideoPacket
1773458998619781,46773,291,0,VideoPacket
1773458998619850,46774,291,0,VideoPacket
1773458998619919,46775,291,0,VideoPacket
1773458998619989,46776,291,0,VideoPacket
1773458998620115,46777,291,0,VideoPacket
1773458998620197,46778,291,0,VideoPacket
1773458998662348,46779,291,0,VideoPacket
1773458998662533,46780,291,0,VideoPacket
1773458998662629,46781,291,0,VideoPacket
1773458998662701,46782,291,0,VideoPacket
1773458998662774,46783,291,0,VideoPacket
1773458998662848,46784,291,0,VideoPacket
1773458998662927,46785,291,0,VideoPacket
1773458998662999,46786,291,0,VideoPacket
1773458998663076,46787,291,0,VideoPacket
1773458998663150,46788,291,0,VideoPacket
1773458998663223,46789,291,0,VideoPacket
1773458998663296,46790,291,0,VideoPacket
1773458998663368,46791,291,0,VideoPacket
1773458998703505,46792,291,0,VideoPacket
1773458998703719,46793,291,0,VideoPacket
1773458998703788,46794,291,0,VideoPacket
1773458998703869,46795,291,0,VideoPacket
1773458998703942,46796,291,0,VideoPacket
1773458998704020,46797,291,0,VideoPacket
1773458998704135,46798,291,0,VideoPacket
1773458998704214,46799,291,0,VideoPacket
1773458998704291,46800,291,0,VideoPacket
1773458998704366,46801,291,0,VideoPacket
1773458998704441,46802,291,0,VideoPacket
1773458998704528,46803,291,0,VideoPacket
1773458998704612,46804,291,0,VideoPacket
1773458998744820,46805,291,0,VideoPacket
1773458998749773,17899,549,0,Retransmission:46561
1773458998785095,46806,291,0,VideoPacket
1773458998785206,46807,291,0,VideoPacket
1773458998785283,46808,291,0,VideoPacket
1773458998785356,46809,291,0,VideoPacket
1773458998785428,46810,291,0,VideoPacket
1773458998785501,46811,291,0,VideoPacket
1773458998785584,46812,291,0,VideoPacket
1773458998785660,46813,291,0,VideoPacket
1773458998785735,46814,291,0,VideoPacket
1773458998785808,46815,291,0,VideoPacket
1773458998785879,46816,291,0,VideoPacket
1773458998785953,46817,291,0,VideoPacket
1773458998786026,46818,291,0,VideoPacket
1773458998848011,17900,293,0,Retransmission:46608
1773458998870007,46819,1059,0,VideoPacket
1773458998870113,46820,1059,0,VideoPacket
1773458998870190,46821,1059,0,VideoPacket
1773458998911463,17901,293,0,Retransmission:46628
1773458998951308,46822,291,0,VideoPacket
1773458998951432,46823,291,0,VideoPacket
1773458998951509,46824,291,0,VideoPacket
1773458998951591,46825,291,0,VideoPacket
1773458998951665,46826,291,0,VideoPacket
1773458998951736,46827,291,0,VideoPacket
1773458998951805,46828,291,0,VideoPacket
1773458998951876,46829,291,0,VideoPacket
1773458998951946,46830,291,0,VideoPacket
1773458998952018,46831,291,0,VideoPacket
1773458998952112,46832,291,0,VideoPacket
1773458998952191,46833,291,0,VideoPacket
1773458998952261,46834,291,0,VideoPacket
1773458998992237,17902,293,0,Retransmission:46269
1773458998992344,46835,291,0,VideoPacket
1773458998992433,46836,291,0,VideoPacket
1773458998992510,46837,291,0,VideoPacket
1773458998992592,46838,291,0,VideoPacket
1773458998992664,46839,291,0,VideoPacket
1773458998992736,46840,291,0,VideoPacket
1773458998992807,46841,291,0,VideoPacket
1773458998992878,46842,291,0,VideoPacket
1773458999043785,46843,291,0,VideoPacket
1773458999043899,46844,291,0,VideoPacket
1773458999043975,46845,291,0,VideoPacket
1773458999044068,46846,291,0,VideoPacket
1773458999044155,46847,291,0,VideoPacket
1773458999044226,46848,291,0,VideoPacket
1773458999044305,46849,291,0,VideoPacket
1773458999044374,46850,291,0,VideoPacket
1773458999044447,46851,291,0,VideoPacket
1773458999044520,46852,291,0,VideoPacket
1773458999044604,46853,291,0,VideoPacket
1773458999044675,46854,291,0,VideoPacket
1773458999044748,46855,291,0,VideoPacket
1773458999085579,17903,293,0,Retransmission:46712
1773458999085674,46856,291,0,VideoPacket
1773458999085766,46857,291,0,VideoPacket
1773458999085841,46858,291,0,VideoPacket
1773458999085915,46859,291,0,VideoPacket
1773458999085986,46860,291,0,VideoPacket
1773458999086060,46861,291,0,VideoPacket
1773458999116893,46862,291,0,VideoPacket
1773458999117011,46863,291,0,VideoPacket
1773458999117089,46864,291,0,VideoPacket
1773458999117163,46865,291,0,VideoPacket
1773458999117236,46866,291,0,VideoPacket
1773458999117308,46867,291,0,VideoPacket
1773458999117374,46868,291,0,VideoPacket
1773458999117439,46869,291,0,VideoPacket
1773458999117507,46870,291,0,VideoPacket
1773458999117591,46871,291,0,VideoPacket
1773458999117663,46872,291,0,VideoPacket
1773458999186590,17904,293,0,Retransmission:46755
1773458999200345,46873,291,0,VideoPacket
1773458999200519,46874,291,0,VideoPacket
1773458999200610,46875,291,0,VideoPacket
1773458999200684,46876,291,0,VideoPacket
1773458999200757,46877,291,0,VideoPacket
1773458999200820,46878,291,0,VideoPacket
1773458999200885,46879,291,0,VideoPacket
1773458999200955,46880,291,0,VideoPacket
1773458999201030,46881,291,0,VideoPacket
1773458999201101,46882,291,0,VideoPacket
1773458999201175,46883,291,0,VideoPacket
1773458999201245,46884,291,0,VideoPacket
1773458999201319,46885,291,0,VideoPacket
1773458999295263,46886,547,0,VideoPacket
1773458999295374,46887,547,0,VideoPacket
1773458999295448,46888,547,0,VideoPacket
1773458999295518,46889,547,0,VideoPacket
1773458999295600,46890,547,0,VideoPacket
1773458999297311,17905,293,0,Retransmission:46813
1773458999426111,17906,1061,0,Retransmission:46819
1773458999426333,46891,1059,0,VideoPacket
1773458999426435,46892,1059,0,VideoPacket
1773458999565663,17907,293,0,Retransmission:46823
1773458999565817,17908,293,0,Retransmission:46831
1773458999565896,17909,293,0,Retransmission:46835
1773458999566021,46893,291,0,VideoPacket
1773458999566140,46894,291,0,VideoPacket
1773458999566219,46895,291,0,VideoPacket
1773458999566283,46896,291,0,VideoPacket
1773458999566347,46897,291,0,VideoPacket
1773458999566407,46898,291,0,VideoPacket
1773458999566466,46899,291,0,VideoPacket
1773458999566533,46900,291,0,VideoPacket
1773458999566612,46901,291,0,VideoPacket
1773458999566678,46902,291,0,VideoPacket
1773458999716137,46903,291,0,VideoPacket
1773458999716255,46904,291,0,VideoPacket
1773458999716333,46905,291,0,VideoPacket
1773458999716401,46906,291,0,VideoPacket
1773458999716475,46907,291,0,VideoPacket
1773458999716541,46908,291,0,VideoPacket
1773458999716626,46909,291,0,VideoPacket
1773458999716696,46910,291,0,VideoPacket
1773458999716773,46911,291,0,VideoPacket
1773458999716850,46912,291,0,VideoPacket
1773458999716922,46913,291,0,VideoPacket
1773458999716991,46914,291,0,VideoPacket
1773458999717963,17910,293,0,Retransmission:46434
1773458999845094,46915,547,0,VideoPacket
1773458999845194,46916,547,0,VideoPacket
1773458999845268,46917,547,0,VideoPacket
1773458999845342,46918,547,0,VideoPacket
1773458999845459,17911,293,0,Retransmission:46866
1773458999917991,46919,291,0,VideoPacket
1773458999918113,46920,291,0,VideoPacket
1773458999918203,46921,291,0,VideoPacket
1773458999918286,46922,291,0,VideoPacket
1773458999918377,46923,291,0,VideoPacket
1773458999918458,46924,291,0,VideoPacket
1773458999918546,46925,291,0,VideoPacket
1773458999918657,46926,291,0,VideoPacket
1773458999918743,46927,291,0,VideoPacket
1773459000166109,17912,293,0,Retransmission:46874
1773459000166345,17913,1061,0,Retransmission:46891
1773459000269299,46928,291,1,VideoPacket
1773459000269450,46929,291,1,VideoPacket
1773459000269569,46930,291,1,VideoPacket
1773459000269661,46931,291,1,VideoPacket
1773459000269755,46932,291,1,VideoPacket
1773459000269846,46933,291,1,VideoPacket
1773459000269940,46934,291,1,VideoPacket
1773459000270030,46935,291,1,VideoPacket
1773459000270120,46936,291,1,VideoPacket
1773459000270209,46937,291,1,VideoPacket
1773459000270299,46938,291,1,VideoPacket
1773459000270387,46939,291,1,VideoPacket
1773459000270477,46940,291,1,VideoPacket
1773459000349740,46941,291,1,VideoPacket
1773459000349857,46942,291,1,VideoPacket
1773459000349933,46943,291,1,VideoPacket
1773459000350002,46944,291,1,VideoPacket
1773459000350071,46945,291,1,VideoPacket
1773459000350140,46946,291,1,VideoPacket
1773459000350211,46947,291,1,VideoPacket
1773459000350281,46948,291,1,VideoPacket
1773459000350352,46949,291,1,VideoPacket
1773459000350421,46950,291,1,VideoPacket
1773459000350490,46951,291,1,VideoPacket
1773459000350565,46952,291,1,VideoPacket
1773459000350634,46953,291,1,VideoPacket
1773459000421506,46954,291,1,VideoPacket
1773459000421626,46955,291,1,VideoPacket
1773459000421726,46956,291,1,VideoPacket
1773459000421825,46957,291,1,VideoPacket
1773459000421922,46958,291,1,VideoPacket
1773459000422018,46959,291,1,VideoPacket
1773459000422117,46960,291,1,VideoPacket
1773459000422217,46961,291,0,VideoPacket
1773459000422310,46962,291,0,VideoPacket
1773459000422400,46963,291,0,VideoPacket
1773459000422490,46964,291,0,VideoPacket
1773459000422600,46965,291,0,VideoPacket
1773459000422686,46966,291,0,VideoPacket
1773459000422772,46967,291,0,VideoPacket
1773459000422859,46968,291,0,VideoPacket
1773459000422948,46969,291,0,VideoPacket
1773459000423046,46970,291,0,VideoPacket
1773459000423145,46971,547,0,VideoPacket
1773459000423241,46972,547,0,VideoPacket
1773459000423339,46973,547,0,VideoPacket
1773459000423440,46974,547,0,VideoPacket
1773459000423537,46975,547,0,VideoPacket
1773459000423637,46976,547,0,VideoPacket
1773459000441191,46977,547,0,VideoPacket
1773459000441292,46978,547,0,VideoPacket
1773459000441385,46979,547,0,VideoPacket
1773459000441635,46980,291,0,VideoPacket
1773459000441739,46981,291,0,VideoPacket
1773459000441839,46982,291,0,VideoPacket
1773459000441940,46983,291,0,VideoPacket
1773459000517314,46984,547,0,VideoPacket
1773459000517435,46985,547,0,VideoPacket
1773459000517534,46986,547,0,VideoPacket
1773459000582913,46987,547,0,VideoPacket
1773459000583028,46988,547,0,VideoPacket
1773459000583128,46989,547,0,VideoPacket
1773459000677933,17914,293,0,Retransmission:46908
1773459000678058,17915,293,0,Retransmission:46913
1773459000691422,46990,291,0,VideoPacket
1773459000691525,46991,291,0,VideoPacket
1773459000691639,46992,291,0,VideoPacket
1773459000691737,46993,291,0,VideoPacket
1773459000691833,46994,291,0,VideoPacket
1773459000691931,46995,291,0,VideoPacket
1773459000692026,46996,291,0,VideoPacket
1773459000772061,46997,291,0,VideoPacket
1773459000772173,46998,291,0,VideoPacket
1773459000772272,46999,291,0,VideoPacket
1773459000772371,47000,291,0,VideoPacket
1773459000772470,47001,291,0,VideoPacket
1773459000772582,47002,291,0,VideoPacket
1773459000772684,47003,291,0,VideoPacket
1773459000772807,17916,293,0,Retransmission:46775
1773459000772916,17917,293,0,Retransmission:46823
1773459000773173,47004,291,0,VideoPacket
1773459000773271,47005,291,0,VideoPacket
1773459000773366,47006,291,0,VideoPacket
1773459000773463,47007,291,0,VideoPacket
1773459000773575,47008,291,0,VideoPacket
1773459000841959,47009,291,0,VideoPacket
1773459000842056,47010,291,0,VideoPacket
1773459000842135,47011,291,0,VideoPacket
1773459000842213,47012,291,0,VideoPacket
1773459000842293,47013,291,0,VideoPacket
1773459000842371,47014,291,0,VideoPacket
1773459000842455,47015,291,0,VideoPacket
1773459000842543,47016,291,0,VideoPacket
1773459000842648,47017,291,0,VideoPacket
1773459000842836,47018,291,0,VideoPacket
1773459000842933,47019,291,0,VideoPacket
1773459000843030,47020,291,0,VideoPacket
1773459000843123,47021,291,0,VideoPacket
1773459000843222,47022,291,0,VideoPacket
1773459000843321,47023,291,0,VideoPacket
1773459000843418,47024,291,0,VideoPacket
1773459000843510,47025,291,0,VideoPacket
1773459000978146,47026,291,0,VideoPacket
1773459000978256,47027,291,0,VideoPacket
1773459000978355,47028,291,0,VideoPacket
1773459000978449,47029,291,0,VideoPacket
1773459000978547,47030,291,0,VideoPacket
1773459000978659,47031,291,0,VideoPacket
1773459000978759,47032,291,0,VideoPacket
1773459000987653,47033,547,0,VideoPacket
1773459000987754,47034,547,0,VideoPacket
1773459000987848,47035,547,0,VideoPacket
1773459001014173,47036,291,0,VideoPacket
1773459001014333,47037,291,0,VideoPacket
1773459001014431,47038,291,0,VideoPacket
1773459001014526,47039,291,0,VideoPacket
1773459001014630,47040,291,0,VideoPacket
1773459001014729,47041,291,0,VideoPacket
1773459001014826,47042,291,0,VideoPacket
1773459001044820,47043,547,0,VideoPacket
1773459001044940,47044,547,0,VideoPacket
1773459001045039,47045,547,0,VideoPacket
1773459001045142,47046,547,0,VideoPacket
1773459001045242,47047,547,0,VideoPacket
1773459001045342,47048,547,0,VideoPacket
1773459001045444,47049,547,0,VideoPacket
1773459001045545,47050,547,0,VideoPacket
1773459001107540,47051,547,0,VideoPacket
1773459001107667,47052,547,0,VideoPacket
1773459001107759,47053,547,0,VideoPacket
1773459001107857,47054,547,0,VideoPacket
1773459001107973,47055,547,0,VideoPacket
1773459001108084,47056,547,0,VideoPacket
1773459001108185,47057,547,0,VideoPacket
1773459001108282,47058,547,0,VideoPacket
1773459001141580,47059,547,0,VideoPacket
1773459001141685,47060,547,0,VideoPacket
1773459001141780,47061,547,0,VideoPacket
1773459001141875,47062,547,0,VideoPacket
1773459001141970,47063,547,0,VideoPacket
1773459001142068,47064,547,0,VideoPacket
1773459001142170,47065,547,0,VideoPacket
1773459001142269,47066,547,0,VideoPacket
1773459001207845,17918,293,0,Retransmission:46949
1773459001207947,47067,547,0,VideoPacket
1773459001208057,47068,547,0,VideoPacket
1773459001208158,47069,547,0,VideoPacket
1773459001208251,47070,547,0,VideoPacket
1773459001208346,47071,547,0,VideoPacket
1773459001208438,47072,547,0,VideoPacket
1773459001208538,47073,547,0,VideoPacket
1773459001240949,47074,547,0,VideoPacket
1773459001241064,47075,547,0,VideoPacket
1773459001241163,47076,547,0,VideoPacket
1773459001241258,47077,291,0,VideoPacket
1773459001241355,47078,291,0,VideoPacket
1773459001241458,47079,291,0,VideoPacket
1773459001241573,47080,291,0,VideoPacket
1773459001241678,47081,291,0,VideoPacket
1773459001241778,47082,291,0,VideoPacket
1773459001241877,47083,291,0,VideoPacket
1773459001241977,47084,291,0,VideoPacket
1773459001267077,47085,291,0,VideoPacket
1773459001267183,47086,291,0,VideoPacket
1773459001267277,47087,291,0,VideoPacket
1773459001267374,47088,291,0,VideoPacket
1773459001267481,47089,291,0,VideoPacket
1773459001267588,47090,291,0,VideoPacket
1773459001267688,47091,291,0,VideoPacket
1773459001267790,47092,291,0,VideoPacket
1773459001267892,47093,291,0,VideoPacket
1773459001267991,47094,291,0,VideoPacket
1773459001268111,47095,291,0,VideoPacket
1773459001268217,47096,291,0,VideoPacket
1773459001268299,47097,291,0,VideoPacket
1773459001299703,17919,293,0,Retransmission:46995
1773459001299814,17920,293,0,Retransmission:47015
1773459001299908,17921,293,0,Retransmission:47023
1773459001300004,17922,293,0,Retransmission:47040
1773459001300102,47098,291,0,VideoPacket
1773459001300209,47099,291,0,VideoPacket
1773459001300308,47100,291,0,VideoPacket
1773459001300403,47101,291,0,VideoPacket
1773459001300499,47102,291,0,VideoPacket
1773459001300610,47103,291,0,VideoPacket
1773459001300710,47104,291,0,VideoPacket
1773459001300810,47105,291,0,VideoPacket
1773459001300919,47106,291,0,VideoPacket
1773459001341742,47107,291,0,VideoPacket
1773459001341873,47108,291,0,VideoPacket
1773459001341976,47109,291,0,VideoPacket
1773459001342077,47110,291,0,VideoPacket
1773459001342177,47111,291,0,VideoPacket
1773459001342278,47112,291,0,VideoPacket
1773459001342371,47113,291,0,VideoPacket
1773459001342467,47114,291,0,VideoPacket
1773459001342578,47115,291,0,VideoPacket
1773459001342677,47116,291,0,VideoPacket
1773459001342774,47117,291,0,VideoPacket
1773459001342874,47118,291,0,VideoPacket
1773459001342985,47119,291,0,VideoPacket
1773459001384121,47120,291,0,VideoPacket
1773459001384237,47121,291,0,VideoPacket
1773459001384337,47122,291,0,VideoPacket
1773459001384432,47123,291,0,VideoPacket
1773459001384532,47124,291,0,VideoPacket
1773459001384653,47125,547,0,VideoPacket
1773459001384754,47126,547,0,VideoPacket
1773459001384854,47127,547,0,VideoPacket
1773459001384955,47128,291,0,VideoPacket
1773459001385061,47129,291,0,VideoPacket
1773459001385165,47130,291,0,VideoPacket
1773459001425115,47131,291,0,VideoPacket
1773459001425268,47132,291,0,VideoPacket
1773459001425377,47133,291,0,VideoPacket
1773459001425478,47134,291,0,VideoPacket
1773459001425593,47135,291,0,VideoPacket
1773459001425699,47136,291,0,VideoPacket
1773459001425810,47137,291,0,VideoPacket
1773459001425912,47138,291,0,VideoPacket
1773459001426014,47139,291,0,VideoPacket
1773459001426116,47140,291,0,VideoPacket
1773459001426214,47141,291,0,VideoPacket
1773459001426318,47142,291,0,VideoPacket
1773459001426417,47143,547,0,VideoPacket
1773459001466638,17923,293,0,Retransmission:47077
1773459001466786,47144,547,0,VideoPacket
1773459001466875,47145,547,0,VideoPacket
1773459001466948,47146,547,0,VideoPacket
1773459001467018,47147,291,0,VideoPacket
1773459001467089,47148,291,0,VideoPacket
1773459001467158,47149,291,0,VideoPacket
1773459001467227,47150,291,0,VideoPacket
1773459001467300,47151,291,0,VideoPacket
1773459001467373,47152,291,0,VideoPacket
1773459001467438,47153,291,0,VideoPacket
1773459001508402,17924,293,0,Retransmission:47097
1773459001508514,47154,291,0,VideoPacket
1773459001508605,47155,291,0,VideoPacket
1773459001508674,47156,291,0,VideoPacket
1773459001508749,47157,291,0,VideoPacket
1773459001508828,47158,291,0,VideoPacket
1773459001508901,47159,291,0,VideoPacket
1773459001508976,47160,291,0,VideoPacket
1773459001509043,47161,291,0,VideoPacket
1773459001509106,47162,291,0,VideoPacket
1773459001509177,47163,291,0,VideoPacket
1773459001509252,47164,291,0,VideoPacket
1773459001509329,47165,291,0,VideoPacket
1773459001549473,47166,291,0,VideoPacket
1773459001549594,47167,291,0,VideoPacket
1773459001549670,47168,803,0,VideoPacket
1773459001549745,47169,803,0,VideoPacket
1773459001549819,47170,803,0,VideoPacket
1773459001549892,47171,803,0,VideoPacket
1773459001549966,47172,547,0,VideoPacket
1773459001591844,17925,293,0,Retransmission:47137
1773459001591931,47173,547,0,VideoPacket
1773459001592003,47174,547,0,VideoPacket
1773459001592089,47175,547,0,VideoPacket
1773459001592160,47176,547,0,VideoPacket
1773459001592229,47177,291,0,VideoPacket
1773459001592301,47178,291,0,VideoPacket
1773459001592371,47179,291,0,VideoPacket
1773459001592441,47180,291,0,VideoPacket
1773459001592507,47181,291,0,VideoPacket
1773459001632270,47182,291,0,VideoPacket
1773459001632378,47183,291,0,VideoPacket
1773459001632455,47184,291,0,VideoPacket
1773459001632527,47185,291,0,VideoPacket
1773459001632615,47186,291,0,VideoPacket
1773459001632689,47187,291,0,VideoPacket
1773459001632765,47188,291,0,VideoPacket
1773459001632836,47189,291,0,VideoPacket
1773459001632909,47190,291,0,VideoPacket
1773459001632980,47191,291,0,VideoPacket
1773459001633053,47192,291,0,VideoPacket
1773459001633123,47193,291,0,VideoPacket
1773459001633195,47194,291,0,VideoPacket
1773459001673161,17926,293,0,Retransmission:47151
1773459001673248,47195,291,0,VideoPacket
1773459001673324,47196,291,0,VideoPacket
1773459001673394,47197,291,0,VideoPacket
1773459001673464,47198,291,0,VideoPacket
1773459001673537,47199,291,0,VideoPacket
1773459001673624,47200,291,0,VideoPacket
1773459001673699,47201,803,0,VideoPacket
1773459001673770,47202,803,0,VideoPacket
1773459001673841,47203,803,0,VideoPacket
1773459001717602,17927,293,0,Retransmission:47167
1773459001717719,17928,805,0,Retransmission:47170
1773459001717775,47204,291,0,VideoPacket
1773459001717843,47205,291,0,VideoPacket
1773459001717908,47206,291,0,VideoPacket
1773459001717978,47207,291,0,VideoPacket
1773459001718049,47208,291,0,VideoPacket
1773459001718116,47209,291,0,VideoPacket
1773459001718183,47210,291,0,VideoPacket
1773459001718249,47211,291,0,VideoPacket
1773459001718326,47212,291,0,VideoPacket
1773459001718396,47213,291,0,VideoPacket
1773459001759570,47214,291,0,VideoPacket
1773459001759673,47215,291,0,VideoPacket
1773459001759745,47216,291,0,VideoPacket
1773459001759809,47217,291,0,VideoPacket
1773459001759878,47218,291,0,VideoPacket
1773459001759945,47219,291,0,VideoPacket
1773459001760014,47220,291,0,VideoPacket
1773459001760100,47221,291,0,VideoPacket
1773459001760171,47222,291,0,VideoPacket
1773459001760240,47223,291,0,VideoPacket
1773459001760305,47224,291,0,VideoPacket
1773459001760371,47225,291,0,VideoPacket
1773459001760438,47226,291,0,VideoPacket
1773459001800975,17929,293,0,Retransmission:47182
1773459001801062,47227,291,0,VideoPacket
1773459001801137,47228,291,0,VideoPacket
1773459001801205,47229,291,0,VideoPacket
1773459001801273,47230,291,0,VideoPacket
1773459001801342,47231,291,0,VideoPacket
1773459001801413,47232,291,0,VideoPacket
1773459001801483,47233,291,0,VideoPacket
1773459001801548,47234,291,0,VideoPacket
1773459001801631,47235,291,0,VideoPacket
1773459001801699,47236,291,0,VideoPacket
1773459001801768,47237,291,0,VideoPacket
1773459001801833,47238,291,0,VideoPacket
1773459001841075,17930,293,0,Retransmission:47196
1773459001841160,17931,549,0,Retransmission:47068
1773459001841220,47239,291,0,VideoPacket
1773459001841286,47240,291,0,VideoPacket
1773459001841355,47241,291,0,VideoPacket
1773459001841423,47242,291,0,VideoPacket
1773459001841488,47243,291,0,VideoPacket
1773459001841567,47244,291,0,VideoPacket
1773459001841637,47245,291,0,VideoPacket
1773459001841705,47246,291,0,VideoPacket
1773459001841772,47247,291,0,VideoPacket
1773459001841841,47248,291,0,VideoPacket
1773459001841912,47249,291,0,VideoPacket
1773459001883433,17932,293,0,Retransmission:47209
1773459001883519,47250,291,0,VideoPacket
1773459001883611,47251,291,0,VideoPacket
1773459001883686,47252,291,0,VideoPacket
1773459001883758,47253,291,0,VideoPacket
1773459001883826,47254,291,0,VideoPacket
1773459001883890,47255,291,0,VideoPacket
1773459001883963,47256,291,0,VideoPacket
1773459001884026,47257,291,0,VideoPacket
1773459001884106,47258,291,0,VideoPacket
1773459001884171,47259,291,0,VideoPacket
1773459001884237,47260,291,0,VideoPacket
1773459001884301,47261,291,0,VideoPacket
1773459001924691,47262,291,0,VideoPacket
1773459001924804,47263,291,0,VideoPacket
1773459001924877,47264,291,0,VideoPacket
1773459001924944,47265,291,0,VideoPacket
1773459001925007,47266,291,0,VideoPacket
1773459001925069,47267,291,0,VideoPacket
1773459001925131,47268,291,0,VideoPacket
1773459001925194,47269,291,0,VideoPacket
1773459001925259,47270,291,0,VideoPacket
1773459001925322,47271,547,0,VideoPacket
1773459001925385,47272,547,0,VideoPacket
1773459001925447,47273,547,0,VideoPacket
1773459001968443,17933,293,0,Retransmission:47031
1773459001968535,47274,547,0,VideoPacket
1773459001968626,47275,547,0,VideoPacket
1773459001968700,47276,291,0,VideoPacket
1773459001968768,47277,291,0,VideoPacket
1773459001968834,47278,291,0,VideoPacket
1773459001968902,47279,291,0,VideoPacket
1773459001968971,47280,291,0,VideoPacket
1773459001969041,47281,291,0,VideoPacket
1773459001969110,47282,291,0,VideoPacket
1773459001969178,47283,291,0,VideoPacket
1773459001969244,47284,291,0,VideoPacket
1773459002010662,47285,291,0,VideoPacket
1773459002010763,47286,291,0,VideoPacket
1773459002010845,47287,291,0,VideoPacket
1773459002010914,47288,291,0,VideoPacket
1773459002010982,47289,291,0,VideoPacket
1773459002011052,47290,291,0,VideoPacket
1773459002011124,47291,291,0,VideoPacket
1773459002011196,47292,291,0,VideoPacket
1773459002011269,47293,291,0,VideoPacket
1773459002011341,47294,291,0,VideoPacket
1773459002011411,47295,291,0,VideoPacket
1773459002011476,47296,291,0,VideoPacket
1773459002011545,47297,291,0,VideoPacket
1773459002050162,47298,291,0,VideoPacket
1773459002050264,47299,291,0,VideoPacket
1773459002050338,47300,291,0,VideoPacket
1773459002050405,47301,291,0,VideoPacket
1773459002050478,47302,291,0,VideoPacket
1773459002050547,47303,291,0,VideoPacket
1773459002050624,47304,291,0,VideoPacket
1773459002050708,47305,291,0,VideoPacket
1773459002050781,47306,291,0,VideoPacket
1773459002050851,47307,291,0,VideoPacket
1773459002050923,47308,291,0,VideoPacket
1773459002050992,47309,291,0,VideoPacket
1773459002051063,47310,291,0,VideoPacket
1773459002091439,17934,293,0,Retransmission:47256
1773459002091524,47311,291,0,VideoPacket
1773459002091608,47312,291,0,VideoPacket
1773459002091678,47313,291,0,VideoPacket
1773459002091750,47314,291,0,VideoPacket
1773459002091820,47315,291,0,VideoPacket
1773459002091891,47316,291,0,VideoPacket
1773459002091962,47317,291,0,VideoPacket
1773459002092032,47318,291,0,VideoPacket
1773459002092120,47319,291,0,VideoPacket
1773459002092190,47320,291,0,VideoPacket
1773459002092260,47321,291,0,VideoPacket
1773459002092337,47322,291,0,VideoPacket
1773459002139620,17935,293,0,Retransmission:47270
1773459002139690,17936,549,0,Retransmission:47271
1773459002139747,47323,291,0,VideoPacket
1773459002139815,47324,291,0,VideoPacket
1773459002139879,47325,291,0,VideoPacket
1773459002139940,47326,291,0,VideoPacket
1773459002140003,47327,291,0,VideoPacket
1773459002140076,47328,291,0,VideoPacket
1773459002140141,47329,291,0,VideoPacket
1773459002140203,47330,291,0,VideoPacket
1773459002140277,47331,291,0,VideoPacket
1773459002140346,47332,291,0,VideoPacket
1773459002140413,47333,291,0,VideoPacket
1773459002173218,17937,293,0,Retransmission:47284
1773459002173309,47334,291,0,VideoPacket
1773459002173385,47335,291,0,VideoPacket
1773459002173455,47336,291,0,VideoPacket
1773459002173519,47337,291,0,VideoPacket
1773459002173596,47338,291,0,VideoPacket
1773459002173662,47339,291,0,VideoPacket
1773459002173734,47340,291,0,VideoPacket
1773459002173807,47341,291,0,VideoPacket
1773459002173878,47342,291,0,VideoPacket
1773459002173946,47343,291,0,VideoPacket
1773459002174017,47344,291,0,VideoPacket
1773459002174086,47345,291,0,VideoPacket
1773459002221817,17938,293,0,Retransmission:47302
1773459002221912,47346,291,0,VideoPacket
1773459002221990,47347,291,0,VideoPacket
1773459002222058,47348,291,0,VideoPacket
1773459002222121,47349,291,0,VideoPacket
1773459002222187,47350,291,0,VideoPacket
1773459002222254,47351,291,0,VideoPacket
1773459002222315,47352,291,0,VideoPacket
1773459002222389,47353,291,0,VideoPacket
1773459002222454,47354,291,0,VideoPacket
1773459002222523,47355,291,0,VideoPacket
1773459002222599,47356,291,0,VideoPacket
1773459002222669,47357,291,0,VideoPacket
1773459002253032,47358,291,0,VideoPacket
1773459002253125,47359,291,0,VideoPacket
1773459002253198,47360,291,0,VideoPacket
1773459002253269,47361,291,0,VideoPacket
1773459002253339,47362,291,0,VideoPacket
1773459002253410,47363,291,0,VideoPacket
1773459002253481,47364,291,0,VideoPacket
1773459002253562,47365,291,0,VideoPacket
1773459002253634,47366,291,0,VideoPacket
1773459002253703,47367,291,0,VideoPacket
1773459002253774,47368,291,0,VideoPacket
1773459002253843,47369,291,0,VideoPacket
1773459002253905,47370,291,0,VideoPacket
1773459002293548,47371,291,0,VideoPacket
1773459002293665,47372,291,0,VideoPacket
1773459002293734,47373,291,0,VideoPacket
1773459002293805,47374,291,0,VideoPacket
1773459002293877,47375,291,0,VideoPacket
1773459002293947,47376,291,0,VideoPacket
1773459002294018,47377,291,0,VideoPacket
1773459002294090,47378,291,0,VideoPacket
1773459002294162,47379,291,0,VideoPacket
1773459002294230,47380,291,0,VideoPacket
1773459002294302,47381,291,0,VideoPacket
1773459002294371,47382,291,0,VideoPacket
1773459002294445,47383,291,0,VideoPacket
1773459002325452,17939,293,0,Retransmission:47329
1773459002360433,47384,291,0,VideoPacket
1773459002360564,47385,291,0,VideoPacket
1773459002360635,47386,291,0,VideoPacket
1773459002360727,47387,291,0,VideoPacket
1773459002360807,47388,291,0,VideoPacket
1773459002360877,47389,291,0,VideoPacket
1773459002360949,47390,291,0,VideoPacket
1773459002361017,47391,291,0,VideoPacket
1773459002361088,47392,291,0,VideoPacket
1773459002361159,47393,291,0,VideoPacket
1773459002361228,47394,291,0,VideoPacket
1773459002361297,47395,291,0,VideoPacket
1773459002361368,47396,291,0,VideoPacket
1773459002361439,47397,291,0,VideoPacket
1773459002379690,47398,803,0,VideoPacket
1773459002379792,47399,803,0,VideoPacket
1773459002379865,47400,803,0,VideoPacket
1773459002379935,47401,803,0,VideoPacket
1773459002380017,47402,291,0,VideoPacket
1773459002380105,47403,291,0,VideoPacket
1773459002380177,47404,291,0,VideoPacket
1773459002380250,47405,291,0,VideoPacket
1773459002428293,47406,291,0,VideoPacket
1773459002428447,47407,291,0,VideoPacket
1773459002428505,47408,291,0,VideoPacket
1773459002428588,47409,291,0,VideoPacket
1773459002428679,47410,291,0,VideoPacket
1773459002428748,47411,291,0,VideoPacket
1773459002428815,47412,291,0,VideoPacket
1773459002428885,47413,291,0,VideoPacket
1773459002428958,47414,803,0,VideoPacket
1773459002429030,47415,803,0,VideoPacket
1773459002429096,47416,803,0,VideoPacket
1773459002469921,47417,291,0,VideoPacket
1773459002470026,47418,291,0,VideoPacket
1773459002470098,47419,291,0,VideoPacket
1773459002470168,47420,291,0,VideoPacket
1773459002470237,47421,291,0,VideoPacket
1773459002470300,47422,291,0,VideoPacket
1773459002470370,47423,291,0,VideoPacket
1773459002470441,47424,291,0,VideoPacket
1773459002470509,47425,291,0,VideoPacket
1773459002470585,47426,291,0,VideoPacket
1773459002470659,47427,291,0,VideoPacket
1773459002470728,47428,1059,0,VideoPacket
1773459002536529,17940,293,0,Retransmission:47392
1773459002536636,47429,1059,0,VideoPacket
1773459002536725,47430,1059,0,VideoPacket
1773459002536800,47431,291,0,VideoPacket
1773459002536870,47432,291,0,VideoPacket
1773459002536939,47433,291,0,VideoPacket
1773459002537008,47434,291,0,VideoPacket
1773459002537078,47435,291,0,VideoPacket
1773459002537150,47436,291,0,VideoPacket
1773459002570711,47437,291,0,VideoPacket
1773459002570809,47438,291,0,VideoPacket
1773459002570885,47439,291,0,VideoPacket
1773459002570958,47440,291,0,VideoPacket
1773459002571032,47441,291,0,VideoPacket
1773459002571141,47442,803,0,VideoPacket
1773459002571223,47443,803,0,VideoPacket
1773459002571302,47444,803,0,VideoPacket
1773459002571377,47445,803,0,VideoPacket
1773459002571450,47446,803,0,VideoPacket
1773459002610206,17941,293,0,Retransmission:47410
1773459002610345,47447,291,0,VideoPacket
1773459002610438,47448,291,0,VideoPacket
1773459002610504,47449,291,0,VideoPacket
1773459002610583,47450,291,0,VideoPacket
1773459002610657,47451,291,0,VideoPacket
1773459002610723,47452,291,0,VideoPacket
1773459002610793,47453,291,0,VideoPacket
1773459002610857,47454,291,0,VideoPacket
1773459002610924,47455,291,0,VideoPacket
1773459002636105,47456,1059,0,VideoPacket
1773459002636204,47457,1059,0,VideoPacket
1773459002636266,47458,1059,0,VideoPacket
1773459002670705,47459,547,1,VideoPacket
1773459002670802,47460,547,1,VideoPacket
1773459002670870,47461,547,1,VideoPacket
1773459002670941,47462,547,1,VideoPacket
1773459002671009,47463,547,1,VideoPacket
1773459002671074,47464,547,1,VideoPacket
1773459002671139,47465,547,1,VideoPacket
1773459002671206,47466,547,1,VideoPacket
1773459002728583,47467,547,1,VideoPacket
1773459002728685,47468,547,1,VideoPacket
1773459002728749,47469,547,1,VideoPacket
1773459002728805,47470,547,1,VideoPacket
1773459002728872,47471,547,1,VideoPacket
1773459002728942,47472,547,1,VideoPacket
1773459002729006,47473,547,1,VideoPacket
1773459002729068,47474,547,1,VideoPacket
1773459002798966,47475,547,1,VideoPacket
1773459002799077,47476,547,1,VideoPacket
1773459002799151,47477,547,1,VideoPacket
1773459002799224,47478,547,1,VideoPacket
1773459002799294,47479,547,1,VideoPacket
1773459002799364,47480,547,1,VideoPacket
1773459002799433,47481,547,1,VideoPacket
1773459002799504,47482,547,1,VideoPacket
1773459002799584,47483,547,1,VideoPacket
1773459002799712,47484,291,0,VideoPacket
1773459002799795,47485,291,0,VideoPacket
1773459002799869,47486,291,0,VideoPacket
1773459002799940,47487,291,0,VideoPacket
1773459002824196,47488,547,0,VideoPacket
1773459002824290,47489,547,0,VideoPacket
1773459002824366,47490,547,0,VideoPacket
1773459002824439,47491,547,0,VideoPacket
1773459002824512,47492,547,0,VideoPacket
1773459002824596,47493,547,0,VideoPacket
1773459002824672,47494,547,0,VideoPacket
1773459002847818,47495,547,0,VideoPacket
1773459002847914,47496,547,0,VideoPacket
1773459002847988,47497,547,0,VideoPacket
1773459002848076,47498,547,0,VideoPacket
1773459002848153,47499,547,0,VideoPacket
1773459002887916,47500,547,0,VideoPacket
1773459002894319,47501,547,0,VideoPacket
1773459002894405,47502,547,0,VideoPacket
1773459002894476,47503,547,0,VideoPacket
1773459002894545,47504,547,0,VideoPacket
1773459002894631,47505,547,0,VideoPacket
1773459002894700,47506,547,0,VideoPacket
1773459002894770,47507,547,0,VideoPacket
1773459002894840,47508,547,0,VideoPacket
1773459002935288,47509,547,0,VideoPacket
1773459002935400,47510,547,0,VideoPacket
1773459002935472,47511,547,0,VideoPacket
1773459002935539,47512,547,0,VideoPacket
1773459002935625,47513,547,0,VideoPacket
1773459002935691,47514,547,0,VideoPacket
1773459002935763,47515,547,0,VideoPacket
1773459002935830,47516,547,0,VideoPacket
1773459002991400,17942,1061,0,Retransmission:47456
1773459002991500,17943,1061,0,Retransmission:47457
1773459002991578,47517,547,0,VideoPacket
1773459002991659,47518,547,0,VideoPacket
1773459002991732,47519,547,0,VideoPacket
1773459002991802,47520,547,0,VideoPacket
1773459003039392,47521,291,0,VideoPacket
1773459003039498,47522,291,0,VideoPacket
1773459003039576,47523,291,0,VideoPacket
1773459003039648,47524,291,0,VideoPacket
1773459003039722,47525,291,0,VideoPacket
1773459003039793,47526,291,0,VideoPacket
1773459003039863,47527,291,0,VideoPacket
1773459003039928,47528,291,0,VideoPacket
1773459003039997,47529,291,0,VideoPacket
1773459003040086,47530,291,0,VideoPacket
1773459003040164,47531,1315,0,VideoPacket
1773459003130501,47532,1315,0,VideoPacket
1773459003130658,47533,1315,0,VideoPacket
1773459003130757,47534,1315,0,VideoPacket
1773459003130860,47535,291,0,VideoPacket
1773459003130961,47536,291,0,VideoPacket
1773459003131063,47537,291,0,VideoPacket
1773459003131166,47538,291,0,VideoPacket
1773459003131268,47539,291,0,VideoPacket
1773459003131368,47540,291,0,VideoPacket
1773459003131461,47541,291,0,VideoPacket
1773459003131568,47542,291,0,VideoPacket
1773459003131661,47543,291,0,VideoPacket
1773459003131756,47544,291,0,VideoPacket
1773459003131858,47545,291,0,VideoPacket
1773459003131959,47546,291,0,VideoPacket
1773459003132064,47547,291,0,VideoPacket
1773459003132165,47548,291,0,VideoPacket
1773459003132383,47549,291,0,VideoPacket
1773459003132482,47550,291,0,VideoPacket
1773459003132583,47551,291,0,VideoPacket
1773459003132683,47552,291,0,VideoPacket
1773459003132773,47553,291,0,VideoPacket
1773459003132872,47554,291,0,VideoPacket
1773459003132961,47555,291,0,VideoPacket
1773459003133062,47556,291,0,VideoPacket
1773459003133165,47557,291,0,VideoPacket
1773459003133266,47558,291,0,VideoPacket
1773459003133373,47559,291,0,VideoPacket
1773459003173283,17944,293,0,Retransmission:47484
1773459003173421,17945,549,0,Retransmission:47490
1773459003173521,17946,549,0,Retransmission:47501
1773459003173628,17947,549,0,Retransmission:47508
1773459003173728,47560,291,0,VideoPacket
1773459003173855,47561,291,0,VideoPacket
1773459003173959,47562,291,0,VideoPacket
1773459003174067,47563,1059,0,VideoPacket
1773459003174174,47564,1059,0,VideoPacket
1773459003221876,47565,547,0,VideoPacket
1773459003222010,47566,547,0,VideoPacket
1773459003222118,47567,547,0,VideoPacket
1773459003222220,47568,547,0,VideoPacket
1773459003222321,47569,547,0,VideoPacket
1773459003222430,47570,547,0,VideoPacket
1773459003222528,47571,547,0,VideoPacket
1773459003222634,47572,547,0,VideoPacket
1773459003262640,47573,547,0,VideoPacket
1773459003262775,47574,547,0,VideoPacket
1773459003262877,47575,547,0,VideoPacket
1773459003262979,47576,547,0,VideoPacket
1773459003263083,47577,547,0,VideoPacket
1773459003263184,47578,547,0,VideoPacket
1773459003263277,47579,547,0,VideoPacket
1773459003263376,47580,547,0,VideoPacket
1773459003305418,47581,547,0,VideoPacket
1773459003305570,47582,547,0,VideoPacket
1773459003305645,47583,547,0,VideoPacket
1773459003305715,47584,547,0,VideoPacket
1773459003305785,47585,547,0,VideoPacket
1773459003305851,47586,547,0,VideoPacket
1773459003305921,47587,547,0,VideoPacket
1773459003306002,47588,547,0,VideoPacket
1773459003373747,47589,547,0,VideoPacket
1773459003373859,47590,547,0,VideoPacket
1773459003373928,47591,547,0,VideoPacket
1773459003374003,47592,547,0,VideoPacket
1773459003374072,47593,547,0,VideoPacket
1773459003374142,47594,547,0,VideoPacket
1773459003374212,47595,547,0,VideoPacket
1773459003374282,47596,547,0,VideoPacket
